# .PCD v.5 - Point Cloud Data file format
VERSION .5
FIELDS x y z time
SIZE 4 4 4 4
TYPE F F F F
COUNT 1 1 1 1
WIDTH 9261
HEIGHT 1
POINTS 9261
DATA ascii
0.0 0.0 0.0 0
0.0 0.0 0.25 0.01
0.0 0.0 0.5 0.02
0.0 0.0 0.75 0.03
0.0 0.0 1.0 0.04
0.0 0.0 1.25 0.05
0.0 0.0 1.5 0.060000000000000005
0.0 0.0 1.75 0.07
0.0 0.0 2.0 0.08
0.0 0.0 2.25 0.09
0.0 0.0 2.5 0.09999999999999999
0.0 0.0 2.75 0.10999999999999999
0.0 0.0 3.0 0.11999999999999998
0.0 0.0 3.25 0.12999999999999998
0.0 0.0 3.5 0.13999999999999999
0.0 0.0 3.75 0.15
0.0 0.0 4.0 0.16
0.0 0.0 4.25 0.17
0.0 0.0 4.5 0.18000000000000002
0.0 0.0 4.75 0.19000000000000003
0.0 0.0 5.0 0.20000000000000004
0.0 0.25 0.0 0.21000000000000005
0.0 0.25 0.25 0.22000000000000006
0.0 0.25 0.5 0.23000000000000007
0.0 0.25 0.75 0.24000000000000007
0.0 0.25 1.0 0.25000000000000006
0.0 0.25 1.25 0.26000000000000006
0.0 0.25 1.5 0.2700000000000001
0.0 0.25 1.75 0.2800000000000001
0.0 0.25 2.0 0.2900000000000001
0.0 0.25 2.25 0.3000000000000001
0.0 0.25 2.5 0.3100000000000001
0.0 0.25 2.75 0.3200000000000001
0.0 0.25 3.0 0.3300000000000001
0.0 0.25 3.25 0.34000000000000014
0.0 0.25 3.5 0.35000000000000014
0.0 0.25 3.75 0.36000000000000015
0.0 0.25 4.0 0.37000000000000016
0.0 0.25 4.25 0.38000000000000017
0.0 0.25 4.5 0.3900000000000002
0.0 0.25 4.75 0.4000000000000002
0.0 0.25 5.0 0.4100000000000002
0.0 0.5 0.0 0.4200000000000002
0.0 0.5 0.25 0.4300000000000002
0.0 0.5 0.5 0.4400000000000002
0.0 0.5 0.75 0.45000000000000023
0.0 0.5 1.0 0.46000000000000024
0.0 0.5 1.25 0.47000000000000025
0.0 0.5 1.5 0.48000000000000026
0.0 0.5 1.75 0.49000000000000027
0.0 0.5 2.0 0.5000000000000002
0.0 0.5 2.25 0.5100000000000002
0.0 0.5 2.5 0.5200000000000002
0.0 0.5 2.75 0.5300000000000002
0.0 0.5 3.0 0.5400000000000003
0.0 0.5 3.25 0.5500000000000003
0.0 0.5 3.5 0.5600000000000003
0.0 0.5 3.75 0.5700000000000003
0.0 0.5 4.0 0.5800000000000003
0.0 0.5 4.25 0.5900000000000003
0.0 0.5 4.5 0.6000000000000003
0.0 0.5 4.75 0.6100000000000003
0.0 0.5 5.0 0.6200000000000003
0.0 0.75 0.0 0.6300000000000003
0.0 0.75 0.25 0.6400000000000003
0.0 0.75 0.5 0.6500000000000004
0.0 0.75 0.75 0.6600000000000004
0.0 0.75 1.0 0.6700000000000004
0.0 0.75 1.25 0.6800000000000004
0.0 0.75 1.5 0.6900000000000004
0.0 0.75 1.75 0.7000000000000004
0.0 0.75 2.0 0.7100000000000004
0.0 0.75 2.25 0.7200000000000004
0.0 0.75 2.5 0.7300000000000004
0.0 0.75 2.75 0.7400000000000004
0.0 0.75 3.0 0.7500000000000004
0.0 0.75 3.25 0.7600000000000005
0.0 0.75 3.5 0.7700000000000005
0.0 0.75 3.75 0.7800000000000005
0.0 0.75 4.0 0.7900000000000005
0.0 0.75 4.25 0.8000000000000005
0.0 0.75 4.5 0.8100000000000005
0.0 0.75 4.75 0.8200000000000005
0.0 0.75 5.0 0.8300000000000005
0.0 1.0 0.0 0.8400000000000005
0.0 1.0 0.25 0.8500000000000005
0.0 1.0 0.5 0.8600000000000005
0.0 1.0 0.75 0.8700000000000006
0.0 1.0 1.0 0.8800000000000006
0.0 1.0 1.25 0.8900000000000006
0.0 1.0 1.5 0.9000000000000006
0.0 1.0 1.75 0.9100000000000006
0.0 1.0 2.0 0.9200000000000006
0.0 1.0 2.25 0.9300000000000006
0.0 1.0 2.5 0.9400000000000006
0.0 1.0 2.75 0.9500000000000006
0.0 1.0 3.0 0.9600000000000006
0.0 1.0 3.25 0.9700000000000006
0.0 1.0 3.5 0.9800000000000006
0.0 1.0 3.75 0.9900000000000007
0.0 1.0 4.0 1.0000000000000007
0.0 1.0 4.25 1.0100000000000007
0.0 1.0 4.5 1.0200000000000007
0.0 1.0 4.75 1.0300000000000007
0.0 1.0 5.0 1.0400000000000007
0.0 1.25 0.0 1.0500000000000007
0.0 1.25 0.25 1.0600000000000007
0.0 1.25 0.5 1.0700000000000007
0.0 1.25 0.75 1.0800000000000007
0.0 1.25 1.0 1.0900000000000007
0.0 1.25 1.25 1.1000000000000008
0.0 1.25 1.5 1.1100000000000008
0.0 1.25 1.75 1.1200000000000008
0.0 1.25 2.0 1.1300000000000008
0.0 1.25 2.25 1.1400000000000008
0.0 1.25 2.5 1.1500000000000008
0.0 1.25 2.75 1.1600000000000008
0.0 1.25 3.0 1.1700000000000008
0.0 1.25 3.25 1.1800000000000008
0.0 1.25 3.5 1.1900000000000008
0.0 1.25 3.75 1.2000000000000008
0.0 1.25 4.0 1.2100000000000009
0.0 1.25 4.25 1.2200000000000009
0.0 1.25 4.5 1.2300000000000009
0.0 1.25 4.75 1.2400000000000009
0.0 1.25 5.0 1.2500000000000009
0.0 1.5 0.0 1.260000000000001
0.0 1.5 0.25 1.270000000000001
0.0 1.5 0.5 1.280000000000001
0.0 1.5 0.75 1.290000000000001
0.0 1.5 1.0 1.300000000000001
0.0 1.5 1.25 1.310000000000001
0.0 1.5 1.5 1.320000000000001
0.0 1.5 1.75 1.330000000000001
0.0 1.5 2.0 1.340000000000001
0.0 1.5 2.25 1.350000000000001
0.0 1.5 2.5 1.360000000000001
0.0 1.5 2.75 1.370000000000001
0.0 1.5 3.0 1.380000000000001
0.0 1.5 3.25 1.390000000000001
0.0 1.5 3.5 1.400000000000001
0.0 1.5 3.75 1.410000000000001
0.0 1.5 4.0 1.420000000000001
0.0 1.5 4.25 1.430000000000001
0.0 1.5 4.5 1.440000000000001
0.0 1.5 4.75 1.450000000000001
0.0 1.5 5.0 1.460000000000001
0.0 1.75 0.0 1.470000000000001
0.0 1.75 0.25 1.480000000000001
0.0 1.75 0.5 1.490000000000001
0.0 1.75 0.75 1.500000000000001
0.0 1.75 1.0 1.5100000000000011
0.0 1.75 1.25 1.5200000000000011
0.0 1.75 1.5 1.5300000000000011
0.0 1.75 1.75 1.5400000000000011
0.0 1.75 2.0 1.5500000000000012
0.0 1.75 2.25 1.5600000000000012
0.0 1.75 2.5 1.5700000000000012
0.0 1.75 2.75 1.5800000000000012
0.0 1.75 3.0 1.5900000000000012
0.0 1.75 3.25 1.6000000000000012
0.0 1.75 3.5 1.6100000000000012
0.0 1.75 3.75 1.6200000000000012
0.0 1.75 4.0 1.6300000000000012
0.0 1.75 4.25 1.6400000000000012
0.0 1.75 4.5 1.6500000000000012
0.0 1.75 4.75 1.6600000000000013
0.0 1.75 5.0 1.6700000000000013
0.0 2.0 0.0 1.6800000000000013
0.0 2.0 0.25 1.6900000000000013
0.0 2.0 0.5 1.7000000000000013
0.0 2.0 0.75 1.7100000000000013
0.0 2.0 1.0 1.7200000000000013
0.0 2.0 1.25 1.7300000000000013
0.0 2.0 1.5 1.7400000000000013
0.0 2.0 1.75 1.7500000000000013
0.0 2.0 2.0 1.7600000000000013
0.0 2.0 2.25 1.7700000000000014
0.0 2.0 2.5 1.7800000000000014
0.0 2.0 2.75 1.7900000000000014
0.0 2.0 3.0 1.8000000000000014
0.0 2.0 3.25 1.8100000000000014
0.0 2.0 3.5 1.8200000000000014
0.0 2.0 3.75 1.8300000000000014
0.0 2.0 4.0 1.8400000000000014
0.0 2.0 4.25 1.8500000000000014
0.0 2.0 4.5 1.8600000000000014
0.0 2.0 4.75 1.8700000000000014
0.0 2.0 5.0 1.8800000000000014
0.0 2.25 0.0 1.8900000000000015
0.0 2.25 0.25 1.9000000000000015
0.0 2.25 0.5 1.9100000000000015
0.0 2.25 0.75 1.9200000000000015
0.0 2.25 1.0 1.9300000000000015
0.0 2.25 1.25 1.9400000000000015
0.0 2.25 1.5 1.9500000000000015
0.0 2.25 1.75 1.9600000000000015
0.0 2.25 2.0 1.9700000000000015
0.0 2.25 2.25 1.9800000000000015
0.0 2.25 2.5 1.9900000000000015
0.0 2.25 2.75 2.0000000000000013
0.0 2.25 3.0 2.010000000000001
0.0 2.25 3.25 2.020000000000001
0.0 2.25 3.5 2.0300000000000007
0.0 2.25 3.75 2.0400000000000005
0.0 2.25 4.0 2.0500000000000003
0.0 2.25 4.25 2.06
0.0 2.25 4.5 2.07
0.0 2.25 4.75 2.0799999999999996
0.0 2.25 5.0 2.0899999999999994
0.0 2.5 0.0 2.099999999999999
0.0 2.5 0.25 2.109999999999999
0.0 2.5 0.5 2.1199999999999988
0.0 2.5 0.75 2.1299999999999986
0.0 2.5 1.0 2.1399999999999983
0.0 2.5 1.25 2.149999999999998
0.0 2.5 1.5 2.159999999999998
0.0 2.5 1.75 2.1699999999999977
0.0 2.5 2.0 2.1799999999999975
0.0 2.5 2.25 2.1899999999999973
0.0 2.5 2.5 2.199999999999997
0.0 2.5 2.75 2.209999999999997
0.0 2.5 3.0 2.2199999999999966
0.0 2.5 3.25 2.2299999999999964
0.0 2.5 3.5 2.239999999999996
0.0 2.5 3.75 2.249999999999996
0.0 2.5 4.0 2.259999999999996
0.0 2.5 4.25 2.2699999999999956
0.0 2.5 4.5 2.2799999999999954
0.0 2.5 4.75 2.289999999999995
0.0 2.5 5.0 2.299999999999995
0.0 2.75 0.0 2.3099999999999947
0.0 2.75 0.25 2.3199999999999945
0.0 2.75 0.5 2.3299999999999943
0.0 2.75 0.75 2.339999999999994
0.0 2.75 1.0 2.349999999999994
0.0 2.75 1.25 2.3599999999999937
0.0 2.75 1.5 2.3699999999999934
0.0 2.75 1.75 2.3799999999999932
0.0 2.75 2.0 2.389999999999993
0.0 2.75 2.25 2.399999999999993
0.0 2.75 2.5 2.4099999999999926
0.0 2.75 2.75 2.4199999999999924
0.0 2.75 3.0 2.429999999999992
0.0 2.75 3.25 2.439999999999992
0.0 2.75 3.5 2.4499999999999917
0.0 2.75 3.75 2.4599999999999915
0.0 2.75 4.0 2.4699999999999913
0.0 2.75 4.25 2.479999999999991
0.0 2.75 4.5 2.489999999999991
0.0 2.75 4.75 2.4999999999999907
0.0 2.75 5.0 2.5099999999999905
0.0 3.0 0.0 2.5199999999999902
0.0 3.0 0.25 2.52999999999999
0.0 3.0 0.5 2.53999999999999
0.0 3.0 0.75 2.5499999999999896
0.0 3.0 1.0 2.5599999999999894
0.0 3.0 1.25 2.569999999999989
0.0 3.0 1.5 2.579999999999989
0.0 3.0 1.75 2.5899999999999888
0.0 3.0 2.0 2.5999999999999885
0.0 3.0 2.25 2.6099999999999883
0.0 3.0 2.5 2.619999999999988
0.0 3.0 2.75 2.629999999999988
0.0 3.0 3.0 2.6399999999999877
0.0 3.0 3.25 2.6499999999999875
0.0 3.0 3.5 2.6599999999999873
0.0 3.0 3.75 2.669999999999987
0.0 3.0 4.0 2.679999999999987
0.0 3.0 4.25 2.6899999999999866
0.0 3.0 4.5 2.6999999999999864
0.0 3.0 4.75 2.709999999999986
0.0 3.0 5.0 2.719999999999986
0.0 3.25 0.0 2.7299999999999858
0.0 3.25 0.25 2.7399999999999856
0.0 3.25 0.5 2.7499999999999853
0.0 3.25 0.75 2.759999999999985
0.0 3.25 1.0 2.769999999999985
0.0 3.25 1.25 2.7799999999999847
0.0 3.25 1.5 2.7899999999999845
0.0 3.25 1.75 2.7999999999999843
0.0 3.25 2.0 2.809999999999984
0.0 3.25 2.25 2.819999999999984
0.0 3.25 2.5 2.8299999999999836
0.0 3.25 2.75 2.8399999999999834
0.0 3.25 3.0 2.849999999999983
0.0 3.25 3.25 2.859999999999983
0.0 3.25 3.5 2.869999999999983
0.0 3.25 3.75 2.8799999999999826
0.0 3.25 4.0 2.8899999999999824
0.0 3.25 4.25 2.899999999999982
0.0 3.25 4.5 2.909999999999982
0.0 3.25 4.75 2.9199999999999817
0.0 3.25 5.0 2.9299999999999815
0.0 3.5 0.0 2.9399999999999813
0.0 3.5 0.25 2.949999999999981
0.0 3.5 0.5 2.959999999999981
0.0 3.5 0.75 2.9699999999999807
0.0 3.5 1.0 2.9799999999999804
0.0 3.5 1.25 2.9899999999999802
0.0 3.5 1.5 2.99999999999998
0.0 3.5 1.75 3.00999999999998
0.0 3.5 2.0 3.0199999999999796
0.0 3.5 2.25 3.0299999999999794
0.0 3.5 2.5 3.039999999999979
0.0 3.5 2.75 3.049999999999979
0.0 3.5 3.0 3.0599999999999787
0.0 3.5 3.25 3.0699999999999785
0.0 3.5 3.5 3.0799999999999783
0.0 3.5 3.75 3.089999999999978
0.0 3.5 4.0 3.099999999999978
0.0 3.5 4.25 3.1099999999999777
0.0 3.5 4.5 3.1199999999999775
0.0 3.5 4.75 3.1299999999999772
0.0 3.5 5.0 3.139999999999977
0.0 3.75 0.0 3.149999999999977
0.0 3.75 0.25 3.1599999999999766
0.0 3.75 0.5 3.1699999999999764
0.0 3.75 0.75 3.179999999999976
0.0 3.75 1.0 3.189999999999976
0.0 3.75 1.25 3.1999999999999758
0.0 3.75 1.5 3.2099999999999755
0.0 3.75 1.75 3.2199999999999753
0.0 3.75 2.0 3.229999999999975
0.0 3.75 2.25 3.239999999999975
0.0 3.75 2.5 3.2499999999999747
0.0 3.75 2.75 3.2599999999999745
0.0 3.75 3.0 3.2699999999999743
0.0 3.75 3.25 3.279999999999974
0.0 3.75 3.5 3.289999999999974
0.0 3.75 3.75 3.2999999999999736
0.0 3.75 4.0 3.3099999999999734
0.0 3.75 4.25 3.319999999999973
0.0 3.75 4.5 3.329999999999973
0.0 3.75 4.75 3.3399999999999728
0.0 3.75 5.0 3.3499999999999726
0.0 4.0 0.0 3.3599999999999723
0.0 4.0 0.25 3.369999999999972
0.0 4.0 0.5 3.379999999999972
0.0 4.0 0.75 3.3899999999999717
0.0 4.0 1.0 3.3999999999999715
0.0 4.0 1.25 3.4099999999999713
0.0 4.0 1.5 3.419999999999971
0.0 4.0 1.75 3.429999999999971
0.0 4.0 2.0 3.4399999999999706
0.0 4.0 2.25 3.4499999999999704
0.0 4.0 2.5 3.45999999999997
0.0 4.0 2.75 3.46999999999997
0.0 4.0 3.0 3.47999999999997
0.0 4.0 3.25 3.4899999999999696
0.0 4.0 3.5 3.4999999999999694
0.0 4.0 3.75 3.509999999999969
0.0 4.0 4.0 3.519999999999969
0.0 4.0 4.25 3.5299999999999687
0.0 4.0 4.5 3.5399999999999685
0.0 4.0 4.75 3.5499999999999683
0.0 4.0 5.0 3.559999999999968
0.0 4.25 0.0 3.569999999999968
0.0 4.25 0.25 3.5799999999999677
0.0 4.25 0.5 3.5899999999999674
0.0 4.25 0.75 3.5999999999999672
0.0 4.25 1.0 3.609999999999967
0.0 4.25 1.25 3.619999999999967
0.0 4.25 1.5 3.6299999999999666
0.0 4.25 1.75 3.6399999999999664
0.0 4.25 2.0 3.649999999999966
0.0 4.25 2.25 3.659999999999966
0.0 4.25 2.5 3.6699999999999657
0.0 4.25 2.75 3.6799999999999655
0.0 4.25 3.0 3.6899999999999653
0.0 4.25 3.25 3.699999999999965
0.0 4.25 3.5 3.709999999999965
0.0 4.25 3.75 3.7199999999999647
0.0 4.25 4.0 3.7299999999999645
0.0 4.25 4.25 3.7399999999999642
0.0 4.25 4.5 3.749999999999964
0.0 4.25 4.75 3.759999999999964
0.0 4.25 5.0 3.7699999999999636
0.0 4.5 0.0 3.7799999999999634
0.0 4.5 0.25 3.789999999999963
0.0 4.5 0.5 3.799999999999963
0.0 4.5 0.75 3.8099999999999627
0.0 4.5 1.0 3.8199999999999625
0.0 4.5 1.25 3.8299999999999623
0.0 4.5 1.5 3.839999999999962
0.0 4.5 1.75 3.849999999999962
0.0 4.5 2.0 3.8599999999999617
0.0 4.5 2.25 3.8699999999999615
0.0 4.5 2.5 3.8799999999999613
0.0 4.5 2.75 3.889999999999961
0.0 4.5 3.0 3.899999999999961
0.0 4.5 3.25 3.9099999999999606
0.0 4.5 3.5 3.9199999999999604
0.0 4.5 3.75 3.92999999999996
0.0 4.5 4.0 3.93999999999996
0.0 4.5 4.25 3.9499999999999598
0.0 4.5 4.5 3.9599999999999596
0.0 4.5 4.75 3.9699999999999593
0.0 4.5 5.0 3.979999999999959
0.0 4.75 0.0 3.989999999999959
0.0 4.75 0.25 3.9999999999999587
0.0 4.75 0.5 4.009999999999959
0.0 4.75 0.75 4.019999999999959
0.0 4.75 1.0 4.0299999999999585
0.0 4.75 1.25 4.039999999999958
0.0 4.75 1.5 4.049999999999958
0.0 4.75 1.75 4.059999999999958
0.0 4.75 2.0 4.069999999999958
0.0 4.75 2.25 4.079999999999957
0.0 4.75 2.5 4.089999999999957
0.0 4.75 2.75 4.099999999999957
0.0 4.75 3.0 4.109999999999957
0.0 4.75 3.25 4.119999999999957
0.0 4.75 3.5 4.129999999999956
0.0 4.75 3.75 4.139999999999956
0.0 4.75 4.0 4.149999999999956
0.0 4.75 4.25 4.159999999999956
0.0 4.75 4.5 4.1699999999999555
0.0 4.75 4.75 4.179999999999955
0.0 4.75 5.0 4.189999999999955
0.0 5.0 0.0 4.199999999999955
0.0 5.0 0.25 4.209999999999955
0.0 5.0 0.5 4.2199999999999545
0.0 5.0 0.75 4.229999999999954
0.0 5.0 1.0 4.239999999999954
0.0 5.0 1.25 4.249999999999954
0.0 5.0 1.5 4.259999999999954
0.0 5.0 1.75 4.269999999999953
0.0 5.0 2.0 4.279999999999953
0.0 5.0 2.25 4.289999999999953
0.0 5.0 2.5 4.299999999999953
0.0 5.0 2.75 4.3099999999999525
0.0 5.0 3.0 4.319999999999952
0.0 5.0 3.25 4.329999999999952
0.0 5.0 3.5 4.339999999999952
0.0 5.0 3.75 4.349999999999952
0.0 5.0 4.0 4.3599999999999515
0.0 5.0 4.25 4.369999999999951
0.0 5.0 4.5 4.379999999999951
0.0 5.0 4.75 4.389999999999951
0.0 5.0 5.0 4.399999999999951
0.25 0.0 0.0 4.40999999999995
0.25 0.0 0.25 4.41999999999995
0.25 0.0 0.5 4.42999999999995
0.25 0.0 0.75 4.43999999999995
0.25 0.0 1.0 4.4499999999999496
0.25 0.0 1.25 4.459999999999949
0.25 0.0 1.5 4.469999999999949
0.25 0.0 1.75 4.479999999999949
0.25 0.0 2.0 4.489999999999949
0.25 0.0 2.25 4.4999999999999485
0.25 0.0 2.5 4.509999999999948
0.25 0.0 2.75 4.519999999999948
0.25 0.0 3.0 4.529999999999948
0.25 0.0 3.25 4.539999999999948
0.25 0.0 3.5 4.549999999999947
0.25 0.0 3.75 4.559999999999947
0.25 0.0 4.0 4.569999999999947
0.25 0.0 4.25 4.579999999999947
0.25 0.0 4.5 4.589999999999947
0.25 0.0 4.75 4.599999999999946
0.25 0.0 5.0 4.609999999999946
0.25 0.25 0.0 4.619999999999946
0.25 0.25 0.25 4.629999999999946
0.25 0.25 0.5 4.6399999999999455
0.25 0.25 0.75 4.649999999999945
0.25 0.25 1.0 4.659999999999945
0.25 0.25 1.25 4.669999999999945
0.25 0.25 1.5 4.679999999999945
0.25 0.25 1.75 4.689999999999944
0.25 0.25 2.0 4.699999999999944
0.25 0.25 2.25 4.709999999999944
0.25 0.25 2.5 4.719999999999944
0.25 0.25 2.75 4.729999999999944
0.25 0.25 3.0 4.739999999999943
0.25 0.25 3.25 4.749999999999943
0.25 0.25 3.5 4.759999999999943
0.25 0.25 3.75 4.769999999999943
0.25 0.25 4.0 4.7799999999999425
0.25 0.25 4.25 4.789999999999942
0.25 0.25 4.5 4.799999999999942
0.25 0.25 4.75 4.809999999999942
0.25 0.25 5.0 4.819999999999942
0.25 0.5 0.0 4.8299999999999415
0.25 0.5 0.25 4.839999999999941
0.25 0.5 0.5 4.849999999999941
0.25 0.5 0.75 4.859999999999941
0.25 0.5 1.0 4.869999999999941
0.25 0.5 1.25 4.87999999999994
0.25 0.5 1.5 4.88999999999994
0.25 0.5 1.75 4.89999999999994
0.25 0.5 2.0 4.90999999999994
0.25 0.5 2.25 4.9199999999999395
0.25 0.5 2.5 4.929999999999939
0.25 0.5 2.75 4.939999999999939
0.25 0.5 3.0 4.949999999999939
0.25 0.5 3.25 4.959999999999939
0.25 0.5 3.5 4.9699999999999385
0.25 0.5 3.75 4.979999999999938
0.25 0.5 4.0 4.989999999999938
0.25 0.5 4.25 4.999999999999938
0.25 0.5 4.5 5.009999999999938
0.25 0.5 4.75 5.019999999999937
0.25 0.5 5.0 5.029999999999937
0.25 0.75 0.0 5.039999999999937
0.25 0.75 0.25 5.049999999999937
0.25 0.75 0.5 5.0599999999999365
0.25 0.75 0.75 5.069999999999936
0.25 0.75 1.0 5.079999999999936
0.25 0.75 1.25 5.089999999999936
0.25 0.75 1.5 5.099999999999936
0.25 0.75 1.75 5.1099999999999355
0.25 0.75 2.0 5.119999999999935
0.25 0.75 2.25 5.129999999999935
0.25 0.75 2.5 5.139999999999935
0.25 0.75 2.75 5.149999999999935
0.25 0.75 3.0 5.159999999999934
0.25 0.75 3.25 5.169999999999934
0.25 0.75 3.5 5.179999999999934
0.25 0.75 3.75 5.189999999999934
0.25 0.75 4.0 5.199999999999934
0.25 0.75 4.25 5.209999999999933
0.25 0.75 4.5 5.219999999999933
0.25 0.75 4.75 5.229999999999933
0.25 0.75 5.0 5.239999999999933
0.25 1.0 0.0 5.2499999999999325
0.25 1.0 0.25 5.259999999999932
0.25 1.0 0.5 5.269999999999932
0.25 1.0 0.75 5.279999999999932
0.25 1.0 1.0 5.289999999999932
0.25 1.0 1.25 5.299999999999931
0.25 1.0 1.5 5.309999999999931
0.25 1.0 1.75 5.319999999999931
0.25 1.0 2.0 5.329999999999931
0.25 1.0 2.25 5.339999999999931
0.25 1.0 2.5 5.34999999999993
0.25 1.0 2.75 5.35999999999993
0.25 1.0 3.0 5.36999999999993
0.25 1.0 3.25 5.37999999999993
0.25 1.0 3.5 5.3899999999999295
0.25 1.0 3.75 5.399999999999929
0.25 1.0 4.0 5.409999999999929
0.25 1.0 4.25 5.419999999999929
0.25 1.0 4.5 5.429999999999929
0.25 1.0 4.75 5.4399999999999284
0.25 1.0 5.0 5.449999999999928
0.25 1.25 0.0 5.459999999999928
0.25 1.25 0.25 5.469999999999928
0.25 1.25 0.5 5.479999999999928
0.25 1.25 0.75 5.489999999999927
0.25 1.25 1.0 5.499999999999927
0.25 1.25 1.25 5.509999999999927
0.25 1.25 1.5 5.519999999999927
0.25 1.25 1.75 5.5299999999999265
0.25 1.25 2.0 5.539999999999926
0.25 1.25 2.25 5.549999999999926
0.25 1.25 2.5 5.559999999999926
0.25 1.25 2.75 5.569999999999926
0.25 1.25 3.0 5.5799999999999255
0.25 1.25 3.25 5.589999999999925
0.25 1.25 3.5 5.599999999999925
0.25 1.25 3.75 5.609999999999925
0.25 1.25 4.0 5.619999999999925
0.25 1.25 4.25 5.629999999999924
0.25 1.25 4.5 5.639999999999924
0.25 1.25 4.75 5.649999999999924
0.25 1.25 5.0 5.659999999999924
0.25 1.5 0.0 5.6699999999999235
0.25 1.5 0.25 5.679999999999923
0.25 1.5 0.5 5.689999999999923
0.25 1.5 0.75 5.699999999999923
0.25 1.5 1.0 5.709999999999923
0.25 1.5 1.25 5.7199999999999225
0.25 1.5 1.5 5.729999999999922
0.25 1.5 1.75 5.739999999999922
0.25 1.5 2.0 5.749999999999922
0.25 1.5 2.25 5.759999999999922
0.25 1.5 2.5 5.769999999999921
0.25 1.5 2.75 5.779999999999921
0.25 1.5 3.0 5.789999999999921
0.25 1.5 3.25 5.799999999999921
0.25 1.5 3.5 5.809999999999921
0.25 1.5 3.75 5.81999999999992
0.25 1.5 4.0 5.82999999999992
0.25 1.5 4.25 5.83999999999992
0.25 1.5 4.5 5.84999999999992
0.25 1.5 4.75 5.8599999999999195
0.25 1.5 5.0 5.869999999999919
0.25 1.75 0.0 5.879999999999919
0.25 1.75 0.25 5.889999999999919
0.25 1.75 0.5 5.899999999999919
0.25 1.75 0.75 5.909999999999918
0.25 1.75 1.0 5.919999999999918
0.25 1.75 1.25 5.929999999999918
0.25 1.75 1.5 5.939999999999918
0.25 1.75 1.75 5.949999999999918
0.25 1.75 2.0 5.959999999999917
0.25 1.75 2.25 5.969999999999917
0.25 1.75 2.5 5.979999999999917
0.25 1.75 2.75 5.989999999999917
0.25 1.75 3.0 5.9999999999999165
0.25 1.75 3.25 6.009999999999916
0.25 1.75 3.5 6.019999999999916
0.25 1.75 3.75 6.029999999999916
0.25 1.75 4.0 6.039999999999916
0.25 1.75 4.25 6.0499999999999154
0.25 1.75 4.5 6.059999999999915
0.25 1.75 4.75 6.069999999999915
0.25 1.75 5.0 6.079999999999915
0.25 2.0 0.0 6.089999999999915
0.25 2.0 0.25 6.099999999999914
0.25 2.0 0.5 6.109999999999914
0.25 2.0 0.75 6.119999999999914
0.25 2.0 1.0 6.129999999999914
0.25 2.0 1.25 6.1399999999999135
0.25 2.0 1.5 6.149999999999913
0.25 2.0 1.75 6.159999999999913
0.25 2.0 2.0 6.169999999999913
0.25 2.0 2.25 6.179999999999913
0.25 2.0 2.5 6.1899999999999125
0.25 2.0 2.75 6.199999999999912
0.25 2.0 3.0 6.209999999999912
0.25 2.0 3.25 6.219999999999912
0.25 2.0 3.5 6.229999999999912
0.25 2.0 3.75 6.239999999999911
0.25 2.0 4.0 6.249999999999911
0.25 2.0 4.25 6.259999999999911
0.25 2.0 4.5 6.269999999999911
0.25 2.0 4.75 6.2799999999999105
0.25 2.0 5.0 6.28999999999991
0.25 2.25 0.0 6.29999999999991
0.25 2.25 0.25 6.30999999999991
0.25 2.25 0.5 6.31999999999991
0.25 2.25 0.75 6.3299999999999095
0.25 2.25 1.0 6.339999999999909
0.25 2.25 1.25 6.349999999999909
0.25 2.25 1.5 6.359999999999909
0.25 2.25 1.75 6.369999999999909
0.25 2.25 2.0 6.379999999999908
0.25 2.25 2.25 6.389999999999908
0.25 2.25 2.5 6.399999999999908
0.25 2.25 2.75 6.409999999999908
0.25 2.25 3.0 6.419999999999908
0.25 2.25 3.25 6.429999999999907
0.25 2.25 3.5 6.439999999999907
0.25 2.25 3.75 6.449999999999907
0.25 2.25 4.0 6.459999999999907
0.25 2.25 4.25 6.4699999999999065
0.25 2.25 4.5 6.479999999999906
0.25 2.25 4.75 6.489999999999906
0.25 2.25 5.0 6.499999999999906
0.25 2.5 0.0 6.509999999999906
0.25 2.5 0.25 6.519999999999905
0.25 2.5 0.5 6.529999999999905
0.25 2.5 0.75 6.539999999999905
0.25 2.5 1.0 6.549999999999905
0.25 2.5 1.25 6.559999999999905
0.25 2.5 1.5 6.569999999999904
0.25 2.5 1.75 6.579999999999904
0.25 2.5 2.0 6.589999999999904
0.25 2.5 2.25 6.599999999999904
0.25 2.5 2.5 6.6099999999999035
0.25 2.5 2.75 6.619999999999903
0.25 2.5 3.0 6.629999999999903
0.25 2.5 3.25 6.639999999999903
0.25 2.5 3.5 6.649999999999903
0.25 2.5 3.75 6.659999999999902
0.25 2.5 4.0 6.669999999999902
0.25 2.5 4.25 6.679999999999902
0.25 2.5 4.5 6.689999999999902
0.25 2.5 4.75 6.699999999999902
0.25 2.5 5.0 6.709999999999901
0.25 2.75 0.0 6.719999999999901
0.25 2.75 0.25 6.729999999999901
0.25 2.75 0.5 6.739999999999901
0.25 2.75 0.75 6.7499999999999005
0.25 2.75 1.0 6.7599999999999
0.25 2.75 1.25 6.7699999999999
0.25 2.75 1.5 6.7799999999999
0.25 2.75 1.75 6.7899999999999
0.25 2.75 2.0 6.7999999999998995
0.25 2.75 2.25 6.809999999999899
0.25 2.75 2.5 6.819999999999899
0.25 2.75 2.75 6.829999999999899
0.25 2.75 3.0 6.839999999999899
0.25 2.75 3.25 6.849999999999898
0.25 2.75 3.5 6.859999999999898
0.25 2.75 3.75 6.869999999999898
0.25 2.75 4.0 6.879999999999898
0.25 2.75 4.25 6.8899999999998975
0.25 2.75 4.5 6.899999999999897
0.25 2.75 4.75 6.909999999999897
0.25 2.75 5.0 6.919999999999897
0.25 3.0 0.0 6.929999999999897
0.25 3.0 0.25 6.9399999999998965
0.25 3.0 0.5 6.949999999999896
0.25 3.0 0.75 6.959999999999896
0.25 3.0 1.0 6.969999999999896
0.25 3.0 1.25 6.979999999999896
0.25 3.0 1.5 6.989999999999895
0.25 3.0 1.75 6.999999999999895
0.25 3.0 2.0 7.009999999999895
0.25 3.0 2.25 7.019999999999895
0.25 3.0 2.5 7.0299999999998946
0.25 3.0 2.75 7.039999999999894
0.25 3.0 3.0 7.049999999999894
0.25 3.0 3.25 7.059999999999894
0.25 3.0 3.5 7.069999999999894
0.25 3.0 3.75 7.0799999999998935
0.25 3.0 4.0 7.089999999999893
0.25 3.0 4.25 7.099999999999893
0.25 3.0 4.5 7.109999999999893
0.25 3.0 4.75 7.119999999999893
0.25 3.0 5.0 7.129999999999892
0.25 3.25 0.0 7.139999999999892
0.25 3.25 0.25 7.149999999999892
0.25 3.25 0.5 7.159999999999892
0.25 3.25 0.75 7.169999999999892
0.25 3.25 1.0 7.179999999999891
0.25 3.25 1.25 7.189999999999891
0.25 3.25 1.5 7.199999999999891
0.25 3.25 1.75 7.209999999999891
0.25 3.25 2.0 7.2199999999998905
0.25 3.25 2.25 7.22999999999989
0.25 3.25 2.5 7.23999999999989
0.25 3.25 2.75 7.24999999999989
0.25 3.25 3.0 7.25999999999989
0.25 3.25 3.25 7.269999999999889
0.25 3.25 3.5 7.279999999999889
0.25 3.25 3.75 7.289999999999889
0.25 3.25 4.0 7.299999999999889
0.25 3.25 4.25 7.309999999999889
0.25 3.25 4.5 7.319999999999888
0.25 3.25 4.75 7.329999999999888
0.25 3.25 5.0 7.339999999999888
0.25 3.5 0.0 7.349999999999888
0.25 3.5 0.25 7.3599999999998875
0.25 3.5 0.5 7.369999999999887
0.25 3.5 0.75 7.379999999999887
0.25 3.5 1.0 7.389999999999887
0.25 3.5 1.25 7.399999999999887
0.25 3.5 1.5 7.4099999999998865
0.25 3.5 1.75 7.419999999999886
0.25 3.5 2.0 7.429999999999886
0.25 3.5 2.25 7.439999999999886
0.25 3.5 2.5 7.449999999999886
0.25 3.5 2.75 7.459999999999885
0.25 3.5 3.0 7.469999999999885
0.25 3.5 3.25 7.479999999999885
0.25 3.5 3.5 7.489999999999885
0.25 3.5 3.75 7.4999999999998845
0.25 3.5 4.0 7.509999999999884
0.25 3.5 4.25 7.519999999999884
0.25 3.5 4.5 7.529999999999884
0.25 3.5 4.75 7.539999999999884
0.25 3.5 5.0 7.5499999999998835
0.25 3.75 0.0 7.559999999999883
0.25 3.75 0.25 7.569999999999883
0.25 3.75 0.5 7.579999999999883
0.25 3.75 0.75 7.589999999999883
0.25 3.75 1.0 7.599999999999882
0.25 3.75 1.25 7.609999999999882
0.25 3.75 1.5 7.619999999999882
0.25 3.75 1.75 7.629999999999882
0.25 3.75 2.0 7.6399999999998816
0.25 3.75 2.25 7.649999999999881
0.25 3.75 2.5 7.659999999999881
0.25 3.75 2.75 7.669999999999881
0.25 3.75 3.0 7.679999999999881
0.25 3.75 3.25 7.6899999999998805
0.25 3.75 3.5 7.69999999999988
0.25 3.75 3.75 7.70999999999988
0.25 3.75 4.0 7.71999999999988
0.25 3.75 4.25 7.72999999999988
0.25 3.75 4.5 7.739999999999879
0.25 3.75 4.75 7.749999999999879
0.25 3.75 5.0 7.759999999999879
0.25 4.0 0.0 7.769999999999879
0.25 4.0 0.25 7.779999999999879
0.25 4.0 0.5 7.789999999999878
0.25 4.0 0.75 7.799999999999878
0.25 4.0 1.0 7.809999999999878
0.25 4.0 1.25 7.819999999999878
0.25 4.0 1.5 7.8299999999998775
0.25 4.0 1.75 7.839999999999877
0.25 4.0 2.0 7.849999999999877
0.25 4.0 2.25 7.859999999999877
0.25 4.0 2.5 7.869999999999877
0.25 4.0 2.75 7.879999999999876
0.25 4.0 3.0 7.889999999999876
0.25 4.0 3.25 7.899999999999876
0.25 4.0 3.5 7.909999999999876
0.25 4.0 3.75 7.919999999999876
0.25 4.0 4.0 7.929999999999875
0.25 4.0 4.25 7.939999999999875
0.25 4.0 4.5 7.949999999999875
0.25 4.0 4.75 7.959999999999875
0.25 4.0 5.0 7.9699999999998745
0.25 4.25 0.0 7.979999999999874
0.25 4.25 0.25 7.989999999999874
0.25 4.25 0.5 7.999999999999874
0.25 4.25 0.75 8.009999999999874
0.25 4.25 1.0 8.019999999999873
0.25 4.25 1.25 8.029999999999873
0.25 4.25 1.5 8.039999999999873
0.25 4.25 1.75 8.049999999999873
0.25 4.25 2.0 8.059999999999873
0.25 4.25 2.25 8.069999999999872
0.25 4.25 2.5 8.079999999999872
0.25 4.25 2.75 8.089999999999872
0.25 4.25 3.0 8.099999999999872
0.25 4.25 3.25 8.109999999999872
0.25 4.25 3.5 8.119999999999871
0.25 4.25 3.75 8.129999999999871
0.25 4.25 4.0 8.139999999999871
0.25 4.25 4.25 8.14999999999987
0.25 4.25 4.5 8.15999999999987
0.25 4.25 4.75 8.16999999999987
0.25 4.25 5.0 8.17999999999987
0.25 4.5 0.0 8.18999999999987
0.25 4.5 0.25 8.19999999999987
0.25 4.5 0.5 8.20999999999987
0.25 4.5 0.75 8.21999999999987
0.25 4.5 1.0 8.229999999999869
0.25 4.5 1.25 8.239999999999869
0.25 4.5 1.5 8.249999999999869
0.25 4.5 1.75 8.259999999999868
0.25 4.5 2.0 8.269999999999868
0.25 4.5 2.25 8.279999999999868
0.25 4.5 2.5 8.289999999999868
0.25 4.5 2.75 8.299999999999867
0.25 4.5 3.0 8.309999999999867
0.25 4.5 3.25 8.319999999999867
0.25 4.5 3.5 8.329999999999867
0.25 4.5 3.75 8.339999999999867
0.25 4.5 4.0 8.349999999999866
0.25 4.5 4.25 8.359999999999866
0.25 4.5 4.5 8.369999999999866
0.25 4.5 4.75 8.379999999999866
0.25 4.5 5.0 8.389999999999866
0.25 4.75 0.0 8.399999999999865
0.25 4.75 0.25 8.409999999999865
0.25 4.75 0.5 8.419999999999865
0.25 4.75 0.75 8.429999999999865
0.25 4.75 1.0 8.439999999999864
0.25 4.75 1.25 8.449999999999864
0.25 4.75 1.5 8.459999999999864
0.25 4.75 1.75 8.469999999999864
0.25 4.75 2.0 8.479999999999864
0.25 4.75 2.25 8.489999999999863
0.25 4.75 2.5 8.499999999999863
0.25 4.75 2.75 8.509999999999863
0.25 4.75 3.0 8.519999999999863
0.25 4.75 3.25 8.529999999999863
0.25 4.75 3.5 8.539999999999862
0.25 4.75 3.75 8.549999999999862
0.25 4.75 4.0 8.559999999999862
0.25 4.75 4.25 8.569999999999862
0.25 4.75 4.5 8.579999999999862
0.25 4.75 4.75 8.589999999999861
0.25 4.75 5.0 8.599999999999861
0.25 5.0 0.0 8.60999999999986
0.25 5.0 0.25 8.61999999999986
0.25 5.0 0.5 8.62999999999986
0.25 5.0 0.75 8.63999999999986
0.25 5.0 1.0 8.64999999999986
0.25 5.0 1.25 8.65999999999986
0.25 5.0 1.5 8.66999999999986
0.25 5.0 1.75 8.67999999999986
0.25 5.0 2.0 8.68999999999986
0.25 5.0 2.25 8.699999999999859
0.25 5.0 2.5 8.709999999999859
0.25 5.0 2.75 8.719999999999859
0.25 5.0 3.0 8.729999999999858
0.25 5.0 3.25 8.739999999999858
0.25 5.0 3.5 8.749999999999858
0.25 5.0 3.75 8.759999999999858
0.25 5.0 4.0 8.769999999999857
0.25 5.0 4.25 8.779999999999857
0.25 5.0 4.5 8.789999999999857
0.25 5.0 4.75 8.799999999999857
0.25 5.0 5.0 8.809999999999857
0.5 0.0 0.0 8.819999999999856
0.5 0.0 0.25 8.829999999999856
0.5 0.0 0.5 8.839999999999856
0.5 0.0 0.75 8.849999999999856
0.5 0.0 1.0 8.859999999999856
0.5 0.0 1.25 8.869999999999855
0.5 0.0 1.5 8.879999999999855
0.5 0.0 1.75 8.889999999999855
0.5 0.0 2.0 8.899999999999855
0.5 0.0 2.25 8.909999999999854
0.5 0.0 2.5 8.919999999999854
0.5 0.0 2.75 8.929999999999854
0.5 0.0 3.0 8.939999999999854
0.5 0.0 3.25 8.949999999999854
0.5 0.0 3.5 8.959999999999853
0.5 0.0 3.75 8.969999999999853
0.5 0.0 4.0 8.979999999999853
0.5 0.0 4.25 8.989999999999853
0.5 0.0 4.5 8.999999999999853
0.5 0.0 4.75 9.009999999999852
0.5 0.0 5.0 9.019999999999852
0.5 0.25 0.0 9.029999999999852
0.5 0.25 0.25 9.039999999999852
0.5 0.25 0.5 9.049999999999851
0.5 0.25 0.75 9.059999999999851
0.5 0.25 1.0 9.069999999999851
0.5 0.25 1.25 9.07999999999985
0.5 0.25 1.5 9.08999999999985
0.5 0.25 1.75 9.09999999999985
0.5 0.25 2.0 9.10999999999985
0.5 0.25 2.25 9.11999999999985
0.5 0.25 2.5 9.12999999999985
0.5 0.25 2.75 9.13999999999985
0.5 0.25 3.0 9.14999999999985
0.5 0.25 3.25 9.15999999999985
0.5 0.25 3.5 9.169999999999849
0.5 0.25 3.75 9.179999999999849
0.5 0.25 4.0 9.189999999999849
0.5 0.25 4.25 9.199999999999848
0.5 0.25 4.5 9.209999999999848
0.5 0.25 4.75 9.219999999999848
0.5 0.25 5.0 9.229999999999848
0.5 0.5 0.0 9.239999999999847
0.5 0.5 0.25 9.249999999999847
0.5 0.5 0.5 9.259999999999847
0.5 0.5 0.75 9.269999999999847
0.5 0.5 1.0 9.279999999999847
0.5 0.5 1.25 9.289999999999846
0.5 0.5 1.5 9.299999999999846
0.5 0.5 1.75 9.309999999999846
0.5 0.5 2.0 9.319999999999846
0.5 0.5 2.25 9.329999999999846
0.5 0.5 2.5 9.339999999999845
0.5 0.5 2.75 9.349999999999845
0.5 0.5 3.0 9.359999999999845
0.5 0.5 3.25 9.369999999999845
0.5 0.5 3.5 9.379999999999844
0.5 0.5 3.75 9.389999999999844
0.5 0.5 4.0 9.399999999999844
0.5 0.5 4.25 9.409999999999844
0.5 0.5 4.5 9.419999999999844
0.5 0.5 4.75 9.429999999999843
0.5 0.5 5.0 9.439999999999843
0.5 0.75 0.0 9.449999999999843
0.5 0.75 0.25 9.459999999999843
0.5 0.75 0.5 9.469999999999843
0.5 0.75 0.75 9.479999999999842
0.5 0.75 1.0 9.489999999999842
0.5 0.75 1.25 9.499999999999842
0.5 0.75 1.5 9.509999999999842
0.5 0.75 1.75 9.519999999999841
0.5 0.75 2.0 9.529999999999841
0.5 0.75 2.25 9.539999999999841
0.5 0.75 2.5 9.54999999999984
0.5 0.75 2.75 9.55999999999984
0.5 0.75 3.0 9.56999999999984
0.5 0.75 3.25 9.57999999999984
0.5 0.75 3.5 9.58999999999984
0.5 0.75 3.75 9.59999999999984
0.5 0.75 4.0 9.60999999999984
0.5 0.75 4.25 9.61999999999984
0.5 0.75 4.5 9.62999999999984
0.5 0.75 4.75 9.639999999999839
0.5 0.75 5.0 9.649999999999839
0.5 1.0 0.0 9.659999999999838
0.5 1.0 0.25 9.669999999999838
0.5 1.0 0.5 9.679999999999838
0.5 1.0 0.75 9.689999999999838
0.5 1.0 1.0 9.699999999999838
0.5 1.0 1.25 9.709999999999837
0.5 1.0 1.5 9.719999999999837
0.5 1.0 1.75 9.729999999999837
0.5 1.0 2.0 9.739999999999837
0.5 1.0 2.25 9.749999999999837
0.5 1.0 2.5 9.759999999999836
0.5 1.0 2.75 9.769999999999836
0.5 1.0 3.0 9.779999999999836
0.5 1.0 3.25 9.789999999999836
0.5 1.0 3.5 9.799999999999836
0.5 1.0 3.75 9.809999999999835
0.5 1.0 4.0 9.819999999999835
0.5 1.0 4.25 9.829999999999835
0.5 1.0 4.5 9.839999999999835
0.5 1.0 4.75 9.849999999999834
0.5 1.0 5.0 9.859999999999834
0.5 1.25 0.0 9.869999999999834
0.5 1.25 0.25 9.879999999999834
0.5 1.25 0.5 9.889999999999834
0.5 1.25 0.75 9.899999999999833
0.5 1.25 1.0 9.909999999999833
0.5 1.25 1.25 9.919999999999833
0.5 1.25 1.5 9.929999999999833
0.5 1.25 1.75 9.939999999999833
0.5 1.25 2.0 9.949999999999832
0.5 1.25 2.25 9.959999999999832
0.5 1.25 2.5 9.969999999999832
0.5 1.25 2.75 9.979999999999832
0.5 1.25 3.0 9.989999999999831
0.5 1.25 3.25 9.999999999999831
0.5 1.25 3.5 10.009999999999831
0.5 1.25 3.75 10.01999999999983
0.5 1.25 4.0 10.02999999999983
0.5 1.25 4.25 10.03999999999983
0.5 1.25 4.5 10.04999999999983
0.5 1.25 4.75 10.05999999999983
0.5 1.25 5.0 10.06999999999983
0.5 1.5 0.0 10.07999999999983
0.5 1.5 0.25 10.08999999999983
0.5 1.5 0.5 10.09999999999983
0.5 1.5 0.75 10.109999999999829
0.5 1.5 1.0 10.119999999999829
0.5 1.5 1.25 10.129999999999828
0.5 1.5 1.5 10.139999999999828
0.5 1.5 1.75 10.149999999999828
0.5 1.5 2.0 10.159999999999828
0.5 1.5 2.25 10.169999999999828
0.5 1.5 2.5 10.179999999999827
0.5 1.5 2.75 10.189999999999827
0.5 1.5 3.0 10.199999999999827
0.5 1.5 3.25 10.209999999999827
0.5 1.5 3.5 10.219999999999827
0.5 1.5 3.75 10.229999999999826
0.5 1.5 4.0 10.239999999999826
0.5 1.5 4.25 10.249999999999826
0.5 1.5 4.5 10.259999999999826
0.5 1.5 4.75 10.269999999999825
0.5 1.5 5.0 10.279999999999825
0.5 1.75 0.0 10.289999999999825
0.5 1.75 0.25 10.299999999999825
0.5 1.75 0.5 10.309999999999825
0.5 1.75 0.75 10.319999999999824
0.5 1.75 1.0 10.329999999999824
0.5 1.75 1.25 10.339999999999824
0.5 1.75 1.5 10.349999999999824
0.5 1.75 1.75 10.359999999999824
0.5 1.75 2.0 10.369999999999823
0.5 1.75 2.25 10.379999999999823
0.5 1.75 2.5 10.389999999999823
0.5 1.75 2.75 10.399999999999823
0.5 1.75 3.0 10.409999999999823
0.5 1.75 3.25 10.419999999999822
0.5 1.75 3.5 10.429999999999822
0.5 1.75 3.75 10.439999999999822
0.5 1.75 4.0 10.449999999999822
0.5 1.75 4.25 10.459999999999821
0.5 1.75 4.5 10.469999999999821
0.5 1.75 4.75 10.479999999999821
0.5 1.75 5.0 10.48999999999982
0.5 2.0 0.0 10.49999999999982
0.5 2.0 0.25 10.50999999999982
0.5 2.0 0.5 10.51999999999982
0.5 2.0 0.75 10.52999999999982
0.5 2.0 1.0 10.53999999999982
0.5 2.0 1.25 10.54999999999982
0.5 2.0 1.5 10.55999999999982
0.5 2.0 1.75 10.569999999999819
0.5 2.0 2.0 10.579999999999819
0.5 2.0 2.25 10.589999999999819
0.5 2.0 2.5 10.599999999999818
0.5 2.0 2.75 10.609999999999818
0.5 2.0 3.0 10.619999999999818
0.5 2.0 3.25 10.629999999999818
0.5 2.0 3.5 10.639999999999818
0.5 2.0 3.75 10.649999999999817
0.5 2.0 4.0 10.659999999999817
0.5 2.0 4.25 10.669999999999817
0.5 2.0 4.5 10.679999999999817
0.5 2.0 4.75 10.689999999999817
0.5 2.0 5.0 10.699999999999816
0.5 2.25 0.0 10.709999999999816
0.5 2.25 0.25 10.719999999999816
0.5 2.25 0.5 10.729999999999816
0.5 2.25 0.75 10.739999999999815
0.5 2.25 1.0 10.749999999999815
0.5 2.25 1.25 10.759999999999815
0.5 2.25 1.5 10.769999999999815
0.5 2.25 1.75 10.779999999999815
0.5 2.25 2.0 10.789999999999814
0.5 2.25 2.25 10.799999999999814
0.5 2.25 2.5 10.809999999999814
0.5 2.25 2.75 10.819999999999814
0.5 2.25 3.0 10.829999999999814
0.5 2.25 3.25 10.839999999999813
0.5 2.25 3.5 10.849999999999813
0.5 2.25 3.75 10.859999999999813
0.5 2.25 4.0 10.869999999999813
0.5 2.25 4.25 10.879999999999812
0.5 2.25 4.5 10.889999999999812
0.5 2.25 4.75 10.899999999999812
0.5 2.25 5.0 10.909999999999812
0.5 2.5 0.0 10.919999999999812
0.5 2.5 0.25 10.929999999999811
0.5 2.5 0.5 10.939999999999811
0.5 2.5 0.75 10.949999999999811
0.5 2.5 1.0 10.95999999999981
0.5 2.5 1.25 10.96999999999981
0.5 2.5 1.5 10.97999999999981
0.5 2.5 1.75 10.98999999999981
0.5 2.5 2.0 10.99999999999981
0.5 2.5 2.25 11.00999999999981
0.5 2.5 2.5 11.01999999999981
0.5 2.5 2.75 11.02999999999981
0.5 2.5 3.0 11.039999999999809
0.5 2.5 3.25 11.049999999999809
0.5 2.5 3.5 11.059999999999809
0.5 2.5 3.75 11.069999999999808
0.5 2.5 4.0 11.079999999999808
0.5 2.5 4.25 11.089999999999808
0.5 2.5 4.5 11.099999999999808
0.5 2.5 4.75 11.109999999999808
0.5 2.5 5.0 11.119999999999807
0.5 2.75 0.0 11.129999999999807
0.5 2.75 0.25 11.139999999999807
0.5 2.75 0.5 11.149999999999807
0.5 2.75 0.75 11.159999999999807
0.5 2.75 1.0 11.169999999999806
0.5 2.75 1.25 11.179999999999806
0.5 2.75 1.5 11.189999999999806
0.5 2.75 1.75 11.199999999999806
0.5 2.75 2.0 11.209999999999805
0.5 2.75 2.25 11.219999999999805
0.5 2.75 2.5 11.229999999999805
0.5 2.75 2.75 11.239999999999805
0.5 2.75 3.0 11.249999999999805
0.5 2.75 3.25 11.259999999999804
0.5 2.75 3.5 11.269999999999804
0.5 2.75 3.75 11.279999999999804
0.5 2.75 4.0 11.289999999999804
0.5 2.75 4.25 11.299999999999804
0.5 2.75 4.5 11.309999999999803
0.5 2.75 4.75 11.319999999999803
0.5 2.75 5.0 11.329999999999803
0.5 3.0 0.0 11.339999999999803
0.5 3.0 0.25 11.349999999999802
0.5 3.0 0.5 11.359999999999802
0.5 3.0 0.75 11.369999999999802
0.5 3.0 1.0 11.379999999999802
0.5 3.0 1.25 11.389999999999802
0.5 3.0 1.5 11.399999999999801
0.5 3.0 1.75 11.409999999999801
0.5 3.0 2.0 11.419999999999801
0.5 3.0 2.25 11.4299999999998
0.5 3.0 2.5 11.4399999999998
0.5 3.0 2.75 11.4499999999998
0.5 3.0 3.0 11.4599999999998
0.5 3.0 3.25 11.4699999999998
0.5 3.0 3.5 11.4799999999998
0.5 3.0 3.75 11.4899999999998
0.5 3.0 4.0 11.4999999999998
0.5 3.0 4.25 11.509999999999799
0.5 3.0 4.5 11.519999999999799
0.5 3.0 4.75 11.529999999999799
0.5 3.0 5.0 11.539999999999798
0.5 3.25 0.0 11.549999999999798
0.5 3.25 0.25 11.559999999999798
0.5 3.25 0.5 11.569999999999798
0.5 3.25 0.75 11.579999999999798
0.5 3.25 1.0 11.589999999999797
0.5 3.25 1.25 11.599999999999797
0.5 3.25 1.5 11.609999999999797
0.5 3.25 1.75 11.619999999999797
0.5 3.25 2.0 11.629999999999797
0.5 3.25 2.25 11.639999999999796
0.5 3.25 2.5 11.649999999999796
0.5 3.25 2.75 11.659999999999796
0.5 3.25 3.0 11.669999999999796
0.5 3.25 3.25 11.679999999999795
0.5 3.25 3.5 11.689999999999795
0.5 3.25 3.75 11.699999999999795
0.5 3.25 4.0 11.709999999999795
0.5 3.25 4.25 11.719999999999795
0.5 3.25 4.5 11.729999999999794
0.5 3.25 4.75 11.739999999999794
0.5 3.25 5.0 11.749999999999794
0.5 3.5 0.0 11.759999999999794
0.5 3.5 0.25 11.769999999999794
0.5 3.5 0.5 11.779999999999793
0.5 3.5 0.75 11.789999999999793
0.5 3.5 1.0 11.799999999999793
0.5 3.5 1.25 11.809999999999793
0.5 3.5 1.5 11.819999999999792
0.5 3.5 1.75 11.829999999999792
0.5 3.5 2.0 11.839999999999792
0.5 3.5 2.25 11.849999999999792
0.5 3.5 2.5 11.859999999999792
0.5 3.5 2.75 11.869999999999791
0.5 3.5 3.0 11.879999999999791
0.5 3.5 3.25 11.889999999999791
0.5 3.5 3.5 11.89999999999979
0.5 3.5 3.75 11.90999999999979
0.5 3.5 4.0 11.91999999999979
0.5 3.5 4.25 11.92999999999979
0.5 3.5 4.5 11.93999999999979
0.5 3.5 4.75 11.94999999999979
0.5 3.5 5.0 11.95999999999979
0.5 3.75 0.0 11.96999999999979
0.5 3.75 0.25 11.979999999999789
0.5 3.75 0.5 11.989999999999789
0.5 3.75 0.75 11.999999999999789
0.5 3.75 1.0 12.009999999999788
0.5 3.75 1.25 12.019999999999788
0.5 3.75 1.5 12.029999999999788
0.5 3.75 1.75 12.039999999999788
0.5 3.75 2.0 12.049999999999788
0.5 3.75 2.25 12.059999999999787
0.5 3.75 2.5 12.069999999999787
0.5 3.75 2.75 12.079999999999787
0.5 3.75 3.0 12.089999999999787
0.5 3.75 3.25 12.099999999999786
0.5 3.75 3.5 12.109999999999786
0.5 3.75 3.75 12.119999999999786
0.5 3.75 4.0 12.129999999999786
0.5 3.75 4.25 12.139999999999786
0.5 3.75 4.5 12.149999999999785
0.5 3.75 4.75 12.159999999999785
0.5 3.75 5.0 12.169999999999785
0.5 4.0 0.0 12.179999999999785
0.5 4.0 0.25 12.189999999999785
0.5 4.0 0.5 12.199999999999784
0.5 4.0 0.75 12.209999999999784
0.5 4.0 1.0 12.219999999999784
0.5 4.0 1.25 12.229999999999784
0.5 4.0 1.5 12.239999999999783
0.5 4.0 1.75 12.249999999999783
0.5 4.0 2.0 12.259999999999783
0.5 4.0 2.25 12.269999999999783
0.5 4.0 2.5 12.279999999999783
0.5 4.0 2.75 12.289999999999782
0.5 4.0 3.0 12.299999999999782
0.5 4.0 3.25 12.309999999999782
0.5 4.0 3.5 12.319999999999782
0.5 4.0 3.75 12.329999999999782
0.5 4.0 4.0 12.339999999999781
0.5 4.0 4.25 12.349999999999781
0.5 4.0 4.5 12.359999999999781
0.5 4.0 4.75 12.36999999999978
0.5 4.0 5.0 12.37999999999978
0.5 4.25 0.0 12.38999999999978
0.5 4.25 0.25 12.39999999999978
0.5 4.25 0.5 12.40999999999978
0.5 4.25 0.75 12.41999999999978
0.5 4.25 1.0 12.42999999999978
0.5 4.25 1.25 12.43999999999978
0.5 4.25 1.5 12.449999999999779
0.5 4.25 1.75 12.459999999999779
0.5 4.25 2.0 12.469999999999779
0.5 4.25 2.25 12.479999999999778
0.5 4.25 2.5 12.489999999999778
0.5 4.25 2.75 12.499999999999778
0.5 4.25 3.0 12.509999999999778
0.5 4.25 3.25 12.519999999999778
0.5 4.25 3.5 12.529999999999777
0.5 4.25 3.75 12.539999999999777
0.5 4.25 4.0 12.549999999999777
0.5 4.25 4.25 12.559999999999777
0.5 4.25 4.5 12.569999999999776
0.5 4.25 4.75 12.579999999999776
0.5 4.25 5.0 12.589999999999776
0.5 4.5 0.0 12.599999999999776
0.5 4.5 0.25 12.609999999999776
0.5 4.5 0.5 12.619999999999775
0.5 4.5 0.75 12.629999999999775
0.5 4.5 1.0 12.639999999999775
0.5 4.5 1.25 12.649999999999775
0.5 4.5 1.5 12.659999999999775
0.5 4.5 1.75 12.669999999999774
0.5 4.5 2.0 12.679999999999774
0.5 4.5 2.25 12.689999999999774
0.5 4.5 2.5 12.699999999999774
0.5 4.5 2.75 12.709999999999773
0.5 4.5 3.0 12.719999999999773
0.5 4.5 3.25 12.729999999999773
0.5 4.5 3.5 12.739999999999773
0.5 4.5 3.75 12.749999999999773
0.5 4.5 4.0 12.759999999999772
0.5 4.5 4.25 12.769999999999772
0.5 4.5 4.5 12.779999999999772
0.5 4.5 4.75 12.789999999999772
0.5 4.5 5.0 12.799999999999772
0.5 4.75 0.0 12.809999999999771
0.5 4.75 0.25 12.819999999999771
0.5 4.75 0.5 12.829999999999771
0.5 4.75 0.75 12.83999999999977
0.5 4.75 1.0 12.84999999999977
0.5 4.75 1.25 12.85999999999977
0.5 4.75 1.5 12.86999999999977
0.5 4.75 1.75 12.87999999999977
0.5 4.75 2.0 12.88999999999977
0.5 4.75 2.25 12.89999999999977
0.5 4.75 2.5 12.90999999999977
0.5 4.75 2.75 12.919999999999769
0.5 4.75 3.0 12.929999999999769
0.5 4.75 3.25 12.939999999999769
0.5 4.75 3.5 12.949999999999768
0.5 4.75 3.75 12.959999999999768
0.5 4.75 4.0 12.969999999999768
0.5 4.75 4.25 12.979999999999768
0.5 4.75 4.5 12.989999999999768
0.5 4.75 4.75 12.999999999999767
0.5 4.75 5.0 13.009999999999767
0.5 5.0 0.0 13.019999999999767
0.5 5.0 0.25 13.029999999999767
0.5 5.0 0.5 13.039999999999766
0.5 5.0 0.75 13.049999999999766
0.5 5.0 1.0 13.059999999999766
0.5 5.0 1.25 13.069999999999766
0.5 5.0 1.5 13.079999999999766
0.5 5.0 1.75 13.089999999999765
0.5 5.0 2.0 13.099999999999765
0.5 5.0 2.25 13.109999999999765
0.5 5.0 2.5 13.119999999999765
0.5 5.0 2.75 13.129999999999765
0.5 5.0 3.0 13.139999999999764
0.5 5.0 3.25 13.149999999999764
0.5 5.0 3.5 13.159999999999764
0.5 5.0 3.75 13.169999999999764
0.5 5.0 4.0 13.179999999999763
0.5 5.0 4.25 13.189999999999763
0.5 5.0 4.5 13.199999999999763
0.5 5.0 4.75 13.209999999999763
0.5 5.0 5.0 13.219999999999763
0.75 0.0 0.0 13.229999999999762
0.75 0.0 0.25 13.239999999999762
0.75 0.0 0.5 13.249999999999762
0.75 0.0 0.75 13.259999999999762
0.75 0.0 1.0 13.269999999999762
0.75 0.0 1.25 13.279999999999761
0.75 0.0 1.5 13.289999999999761
0.75 0.0 1.75 13.299999999999761
0.75 0.0 2.0 13.30999999999976
0.75 0.0 2.25 13.31999999999976
0.75 0.0 2.5 13.32999999999976
0.75 0.0 2.75 13.33999999999976
0.75 0.0 3.0 13.34999999999976
0.75 0.0 3.25 13.35999999999976
0.75 0.0 3.5 13.36999999999976
0.75 0.0 3.75 13.37999999999976
0.75 0.0 4.0 13.389999999999759
0.75 0.0 4.25 13.399999999999759
0.75 0.0 4.5 13.409999999999759
0.75 0.0 4.75 13.419999999999758
0.75 0.0 5.0 13.429999999999758
0.75 0.25 0.0 13.439999999999758
0.75 0.25 0.25 13.449999999999758
0.75 0.25 0.5 13.459999999999757
0.75 0.25 0.75 13.469999999999757
0.75 0.25 1.0 13.479999999999757
0.75 0.25 1.25 13.489999999999757
0.75 0.25 1.5 13.499999999999757
0.75 0.25 1.75 13.509999999999756
0.75 0.25 2.0 13.519999999999756
0.75 0.25 2.25 13.529999999999756
0.75 0.25 2.5 13.539999999999756
0.75 0.25 2.75 13.549999999999756
0.75 0.25 3.0 13.559999999999755
0.75 0.25 3.25 13.569999999999755
0.75 0.25 3.5 13.579999999999755
0.75 0.25 3.75 13.589999999999755
0.75 0.25 4.0 13.599999999999755
0.75 0.25 4.25 13.609999999999754
0.75 0.25 4.5 13.619999999999754
0.75 0.25 4.75 13.629999999999754
0.75 0.25 5.0 13.639999999999754
0.75 0.5 0.0 13.649999999999753
0.75 0.5 0.25 13.659999999999753
0.75 0.5 0.5 13.669999999999753
0.75 0.5 0.75 13.679999999999753
0.75 0.5 1.0 13.689999999999753
0.75 0.5 1.25 13.699999999999752
0.75 0.5 1.5 13.709999999999752
0.75 0.5 1.75 13.719999999999752
0.75 0.5 2.0 13.729999999999752
0.75 0.5 2.25 13.739999999999752
0.75 0.5 2.5 13.749999999999751
0.75 0.5 2.75 13.759999999999751
0.75 0.5 3.0 13.76999999999975
0.75 0.5 3.25 13.77999999999975
0.75 0.5 3.5 13.78999999999975
0.75 0.5 3.75 13.79999999999975
0.75 0.5 4.0 13.80999999999975
0.75 0.5 4.25 13.81999999999975
0.75 0.5 4.5 13.82999999999975
0.75 0.5 4.75 13.83999999999975
0.75 0.5 5.0 13.84999999999975
0.75 0.75 0.0 13.859999999999749
0.75 0.75 0.25 13.869999999999749
0.75 0.75 0.5 13.879999999999749
0.75 0.75 0.75 13.889999999999748
0.75 0.75 1.0 13.899999999999748
0.75 0.75 1.25 13.909999999999748
0.75 0.75 1.5 13.919999999999748
0.75 0.75 1.75 13.929999999999747
0.75 0.75 2.0 13.939999999999747
0.75 0.75 2.25 13.949999999999747
0.75 0.75 2.5 13.959999999999747
0.75 0.75 2.75 13.969999999999747
0.75 0.75 3.0 13.979999999999746
0.75 0.75 3.25 13.989999999999746
0.75 0.75 3.5 13.999999999999746
0.75 0.75 3.75 14.009999999999746
0.75 0.75 4.0 14.019999999999746
0.75 0.75 4.25 14.029999999999745
0.75 0.75 4.5 14.039999999999745
0.75 0.75 4.75 14.049999999999745
0.75 0.75 5.0 14.059999999999745
0.75 1.0 0.0 14.069999999999744
0.75 1.0 0.25 14.079999999999744
0.75 1.0 0.5 14.089999999999744
0.75 1.0 0.75 14.099999999999744
0.75 1.0 1.0 14.109999999999744
0.75 1.0 1.25 14.119999999999743
0.75 1.0 1.5 14.129999999999743
0.75 1.0 1.75 14.139999999999743
0.75 1.0 2.0 14.149999999999743
0.75 1.0 2.25 14.159999999999743
0.75 1.0 2.5 14.169999999999742
0.75 1.0 2.75 14.179999999999742
0.75 1.0 3.0 14.189999999999742
0.75 1.0 3.25 14.199999999999742
0.75 1.0 3.5 14.209999999999742
0.75 1.0 3.75 14.219999999999741
0.75 1.0 4.0 14.229999999999741
0.75 1.0 4.25 14.23999999999974
0.75 1.0 4.5 14.24999999999974
0.75 1.0 4.75 14.25999999999974
0.75 1.0 5.0 14.26999999999974
0.75 1.25 0.0 14.27999999999974
0.75 1.25 0.25 14.28999999999974
0.75 1.25 0.5 14.29999999999974
0.75 1.25 0.75 14.30999999999974
0.75 1.25 1.0 14.31999999999974
0.75 1.25 1.25 14.329999999999739
0.75 1.25 1.5 14.339999999999739
0.75 1.25 1.75 14.349999999999739
0.75 1.25 2.0 14.359999999999738
0.75 1.25 2.25 14.369999999999738
0.75 1.25 2.5 14.379999999999738
0.75 1.25 2.75 14.389999999999738
0.75 1.25 3.0 14.399999999999737
0.75 1.25 3.25 14.409999999999737
0.75 1.25 3.5 14.419999999999737
0.75 1.25 3.75 14.429999999999737
0.75 1.25 4.0 14.439999999999737
0.75 1.25 4.25 14.449999999999736
0.75 1.25 4.5 14.459999999999736
0.75 1.25 4.75 14.469999999999736
0.75 1.25 5.0 14.479999999999736
0.75 1.5 0.0 14.489999999999736
0.75 1.5 0.25 14.499999999999735
0.75 1.5 0.5 14.509999999999735
0.75 1.5 0.75 14.519999999999735
0.75 1.5 1.0 14.529999999999735
0.75 1.5 1.25 14.539999999999734
0.75 1.5 1.5 14.549999999999734
0.75 1.5 1.75 14.559999999999734
0.75 1.5 2.0 14.569999999999734
0.75 1.5 2.25 14.579999999999734
0.75 1.5 2.5 14.589999999999733
0.75 1.5 2.75 14.599999999999733
0.75 1.5 3.0 14.609999999999733
0.75 1.5 3.25 14.619999999999733
0.75 1.5 3.5 14.629999999999733
0.75 1.5 3.75 14.639999999999732
0.75 1.5 4.0 14.649999999999732
0.75 1.5 4.25 14.659999999999732
0.75 1.5 4.5 14.669999999999732
0.75 1.5 4.75 14.679999999999731
0.75 1.5 5.0 14.689999999999731
0.75 1.75 0.0 14.699999999999731
0.75 1.75 0.25 14.70999999999973
0.75 1.75 0.5 14.71999999999973
0.75 1.75 0.75 14.72999999999973
0.75 1.75 1.0 14.73999999999973
0.75 1.75 1.25 14.74999999999973
0.75 1.75 1.5 14.75999999999973
0.75 1.75 1.75 14.76999999999973
0.75 1.75 2.0 14.77999999999973
0.75 1.75 2.25 14.78999999999973
0.75 1.75 2.5 14.799999999999729
0.75 1.75 2.75 14.809999999999729
0.75 1.75 3.0 14.819999999999729
0.75 1.75 3.25 14.829999999999728
0.75 1.75 3.5 14.839999999999728
0.75 1.75 3.75 14.849999999999728
0.75 1.75 4.0 14.859999999999728
0.75 1.75 4.25 14.869999999999727
0.75 1.75 4.5 14.879999999999727
0.75 1.75 4.75 14.889999999999727
0.75 1.75 5.0 14.899999999999727
0.75 2.0 0.0 14.909999999999727
0.75 2.0 0.25 14.919999999999726
0.75 2.0 0.5 14.929999999999726
0.75 2.0 0.75 14.939999999999726
0.75 2.0 1.0 14.949999999999726
0.75 2.0 1.25 14.959999999999726
0.75 2.0 1.5 14.969999999999725
0.75 2.0 1.75 14.979999999999725
0.75 2.0 2.0 14.989999999999725
0.75 2.0 2.25 14.999999999999725
0.75 2.0 2.5 15.009999999999724
0.75 2.0 2.75 15.019999999999724
0.75 2.0 3.0 15.029999999999724
0.75 2.0 3.25 15.039999999999724
0.75 2.0 3.5 15.049999999999724
0.75 2.0 3.75 15.059999999999723
0.75 2.0 4.0 15.069999999999723
0.75 2.0 4.25 15.079999999999723
0.75 2.0 4.5 15.089999999999723
0.75 2.0 4.75 15.099999999999723
0.75 2.0 5.0 15.109999999999722
0.75 2.25 0.0 15.119999999999722
0.75 2.25 0.25 15.129999999999722
0.75 2.25 0.5 15.139999999999722
0.75 2.25 0.75 15.149999999999721
0.75 2.25 1.0 15.159999999999721
0.75 2.25 1.25 15.169999999999721
0.75 2.25 1.5 15.17999999999972
0.75 2.25 1.75 15.18999999999972
0.75 2.25 2.0 15.19999999999972
0.75 2.25 2.25 15.20999999999972
0.75 2.25 2.5 15.21999999999972
0.75 2.25 2.75 15.22999999999972
0.75 2.25 3.0 15.23999999999972
0.75 2.25 3.25 15.24999999999972
0.75 2.25 3.5 15.25999999999972
0.75 2.25 3.75 15.269999999999719
0.75 2.25 4.0 15.279999999999719
0.75 2.25 4.25 15.289999999999718
0.75 2.25 4.5 15.299999999999718
0.75 2.25 4.75 15.309999999999718
0.75 2.25 5.0 15.319999999999718
0.75 2.5 0.0 15.329999999999718
0.75 2.5 0.25 15.339999999999717
0.75 2.5 0.5 15.349999999999717
0.75 2.5 0.75 15.359999999999717
0.75 2.5 1.0 15.369999999999717
0.75 2.5 1.25 15.379999999999717
0.75 2.5 1.5 15.389999999999716
0.75 2.5 1.75 15.399999999999716
0.75 2.5 2.0 15.409999999999716
0.75 2.5 2.25 15.419999999999716
0.75 2.5 2.5 15.429999999999715
0.75 2.5 2.75 15.439999999999715
0.75 2.5 3.0 15.449999999999715
0.75 2.5 3.25 15.459999999999715
0.75 2.5 3.5 15.469999999999715
0.75 2.5 3.75 15.479999999999714
0.75 2.5 4.0 15.489999999999714
0.75 2.5 4.25 15.499999999999714
0.75 2.5 4.5 15.509999999999714
0.75 2.5 4.75 15.519999999999714
0.75 2.5 5.0 15.529999999999713
0.75 2.75 0.0 15.539999999999713
0.75 2.75 0.25 15.549999999999713
0.75 2.75 0.5 15.559999999999713
0.75 2.75 0.75 15.569999999999713
0.75 2.75 1.0 15.579999999999712
0.75 2.75 1.25 15.589999999999712
0.75 2.75 1.5 15.599999999999712
0.75 2.75 1.75 15.609999999999712
0.75 2.75 2.0 15.619999999999711
0.75 2.75 2.25 15.629999999999711
0.75 2.75 2.5 15.639999999999711
0.75 2.75 2.75 15.64999999999971
0.75 2.75 3.0 15.65999999999971
0.75 2.75 3.25 15.66999999999971
0.75 2.75 3.5 15.67999999999971
0.75 2.75 3.75 15.68999999999971
0.75 2.75 4.0 15.69999999999971
0.75 2.75 4.25 15.70999999999971
0.75 2.75 4.5 15.71999999999971
0.75 2.75 4.75 15.729999999999709
0.75 2.75 5.0 15.739999999999709
0.75 3.0 0.0 15.749999999999709
0.75 3.0 0.25 15.759999999999708
0.75 3.0 0.5 15.769999999999708
0.75 3.0 0.75 15.779999999999708
0.75 3.0 1.0 15.789999999999708
0.75 3.0 1.25 15.799999999999708
0.75 3.0 1.5 15.809999999999707
0.75 3.0 1.75 15.819999999999707
0.75 3.0 2.0 15.829999999999707
0.75 3.0 2.25 15.839999999999707
0.75 3.0 2.5 15.849999999999707
0.75 3.0 2.75 15.859999999999706
0.75 3.0 3.0 15.869999999999706
0.75 3.0 3.25 15.879999999999706
0.75 3.0 3.5 15.889999999999706
0.75 3.0 3.75 15.899999999999705
0.75 3.0 4.0 15.909999999999705
0.75 3.0 4.25 15.919999999999705
0.75 3.0 4.5 15.929999999999705
0.75 3.0 4.75 15.939999999999705
0.75 3.0 5.0 15.949999999999704
0.75 3.25 0.0 15.959999999999704
0.75 3.25 0.25 15.969999999999704
0.75 3.25 0.5 15.979999999999704
0.75 3.25 0.75 15.989999999999704
0.75 3.25 1.0 15.999999999999703
0.75 3.25 1.25 16.009999999999703
0.75 3.25 1.5 16.019999999999705
0.75 3.25 1.75 16.029999999999706
0.75 3.25 2.0 16.039999999999708
0.75 3.25 2.25 16.04999999999971
0.75 3.25 2.5 16.05999999999971
0.75 3.25 2.75 16.069999999999713
0.75 3.25 3.0 16.079999999999714
0.75 3.25 3.25 16.089999999999716
0.75 3.25 3.5 16.099999999999717
0.75 3.25 3.75 16.10999999999972
0.75 3.25 4.0 16.11999999999972
0.75 3.25 4.25 16.129999999999722
0.75 3.25 4.5 16.139999999999723
0.75 3.25 4.75 16.149999999999725
0.75 3.25 5.0 16.159999999999727
0.75 3.5 0.0 16.169999999999728
0.75 3.5 0.25 16.17999999999973
0.75 3.5 0.5 16.18999999999973
0.75 3.5 0.75 16.199999999999733
0.75 3.5 1.0 16.209999999999734
0.75 3.5 1.25 16.219999999999736
0.75 3.5 1.5 16.229999999999738
0.75 3.5 1.75 16.23999999999974
0.75 3.5 2.0 16.24999999999974
0.75 3.5 2.25 16.259999999999742
0.75 3.5 2.5 16.269999999999744
0.75 3.5 2.75 16.279999999999745
0.75 3.5 3.0 16.289999999999747
0.75 3.5 3.25 16.29999999999975
0.75 3.5 3.5 16.30999999999975
0.75 3.5 3.75 16.31999999999975
0.75 3.5 4.0 16.329999999999753
0.75 3.5 4.25 16.339999999999755
0.75 3.5 4.5 16.349999999999756
0.75 3.5 4.75 16.359999999999758
0.75 3.5 5.0 16.36999999999976
0.75 3.75 0.0 16.37999999999976
0.75 3.75 0.25 16.389999999999763
0.75 3.75 0.5 16.399999999999764
0.75 3.75 0.75 16.409999999999766
0.75 3.75 1.0 16.419999999999767
0.75 3.75 1.25 16.42999999999977
0.75 3.75 1.5 16.43999999999977
0.75 3.75 1.75 16.449999999999772
0.75 3.75 2.0 16.459999999999773
0.75 3.75 2.25 16.469999999999775
0.75 3.75 2.5 16.479999999999777
0.75 3.75 2.75 16.489999999999778
0.75 3.75 3.0 16.49999999999978
0.75 3.75 3.25 16.50999999999978
0.75 3.75 3.5 16.519999999999783
0.75 3.75 3.75 16.529999999999784
0.75 3.75 4.0 16.539999999999786
0.75 3.75 4.25 16.549999999999788
0.75 3.75 4.5 16.55999999999979
0.75 3.75 4.75 16.56999999999979
0.75 3.75 5.0 16.579999999999792
0.75 4.0 0.0 16.589999999999794
0.75 4.0 0.25 16.599999999999795
0.75 4.0 0.5 16.609999999999797
0.75 4.0 0.75 16.6199999999998
0.75 4.0 1.0 16.6299999999998
0.75 4.0 1.25 16.6399999999998
0.75 4.0 1.5 16.649999999999803
0.75 4.0 1.75 16.659999999999805
0.75 4.0 2.0 16.669999999999806
0.75 4.0 2.25 16.679999999999808
0.75 4.0 2.5 16.68999999999981
0.75 4.0 2.75 16.69999999999981
0.75 4.0 3.0 16.709999999999813
0.75 4.0 3.25 16.719999999999814
0.75 4.0 3.5 16.729999999999816
0.75 4.0 3.75 16.739999999999817
0.75 4.0 4.0 16.74999999999982
0.75 4.0 4.25 16.75999999999982
0.75 4.0 4.5 16.769999999999822
0.75 4.0 4.75 16.779999999999824
0.75 4.0 5.0 16.789999999999825
0.75 4.25 0.0 16.799999999999827
0.75 4.25 0.25 16.809999999999828
0.75 4.25 0.5 16.81999999999983
0.75 4.25 0.75 16.82999999999983
0.75 4.25 1.0 16.839999999999833
0.75 4.25 1.25 16.849999999999834
0.75 4.25 1.5 16.859999999999836
0.75 4.25 1.75 16.869999999999838
0.75 4.25 2.0 16.87999999999984
0.75 4.25 2.25 16.88999999999984
0.75 4.25 2.5 16.899999999999842
0.75 4.25 2.75 16.909999999999844
0.75 4.25 3.0 16.919999999999845
0.75 4.25 3.25 16.929999999999847
0.75 4.25 3.5 16.93999999999985
0.75 4.25 3.75 16.94999999999985
0.75 4.25 4.0 16.95999999999985
0.75 4.25 4.25 16.969999999999853
0.75 4.25 4.5 16.979999999999855
0.75 4.25 4.75 16.989999999999856
0.75 4.25 5.0 16.999999999999858
0.75 4.5 0.0 17.00999999999986
0.75 4.5 0.25 17.01999999999986
0.75 4.5 0.5 17.029999999999863
0.75 4.5 0.75 17.039999999999864
0.75 4.5 1.0 17.049999999999866
0.75 4.5 1.25 17.059999999999867
0.75 4.5 1.5 17.06999999999987
0.75 4.5 1.75 17.07999999999987
0.75 4.5 2.0 17.089999999999872
0.75 4.5 2.25 17.099999999999874
0.75 4.5 2.5 17.109999999999875
0.75 4.5 2.75 17.119999999999877
0.75 4.5 3.0 17.129999999999878
0.75 4.5 3.25 17.13999999999988
0.75 4.5 3.5 17.14999999999988
0.75 4.5 3.75 17.159999999999883
0.75 4.5 4.0 17.169999999999884
0.75 4.5 4.25 17.179999999999886
0.75 4.5 4.5 17.189999999999888
0.75 4.5 4.75 17.19999999999989
0.75 4.5 5.0 17.20999999999989
0.75 4.75 0.0 17.219999999999892
0.75 4.75 0.25 17.229999999999894
0.75 4.75 0.5 17.239999999999895
0.75 4.75 0.75 17.249999999999897
0.75 4.75 1.0 17.2599999999999
0.75 4.75 1.25 17.2699999999999
0.75 4.75 1.5 17.2799999999999
0.75 4.75 1.75 17.289999999999903
0.75 4.75 2.0 17.299999999999905
0.75 4.75 2.25 17.309999999999906
0.75 4.75 2.5 17.319999999999908
0.75 4.75 2.75 17.32999999999991
0.75 4.75 3.0 17.33999999999991
0.75 4.75 3.25 17.349999999999913
0.75 4.75 3.5 17.359999999999914
0.75 4.75 3.75 17.369999999999916
0.75 4.75 4.0 17.379999999999917
0.75 4.75 4.25 17.38999999999992
0.75 4.75 4.5 17.39999999999992
0.75 4.75 4.75 17.409999999999922
0.75 4.75 5.0 17.419999999999924
0.75 5.0 0.0 17.429999999999925
0.75 5.0 0.25 17.439999999999927
0.75 5.0 0.5 17.44999999999993
0.75 5.0 0.75 17.45999999999993
0.75 5.0 1.0 17.46999999999993
0.75 5.0 1.25 17.479999999999933
0.75 5.0 1.5 17.489999999999934
0.75 5.0 1.75 17.499999999999936
0.75 5.0 2.0 17.509999999999938
0.75 5.0 2.25 17.51999999999994
0.75 5.0 2.5 17.52999999999994
0.75 5.0 2.75 17.539999999999942
0.75 5.0 3.0 17.549999999999944
0.75 5.0 3.25 17.559999999999945
0.75 5.0 3.5 17.569999999999947
0.75 5.0 3.75 17.57999999999995
0.75 5.0 4.0 17.58999999999995
0.75 5.0 4.25 17.59999999999995
0.75 5.0 4.5 17.609999999999953
0.75 5.0 4.75 17.619999999999955
0.75 5.0 5.0 17.629999999999956
1.0 0.0 0.0 17.639999999999958
1.0 0.0 0.25 17.64999999999996
1.0 0.0 0.5 17.65999999999996
1.0 0.0 0.75 17.669999999999963
1.0 0.0 1.0 17.679999999999964
1.0 0.0 1.25 17.689999999999966
1.0 0.0 1.5 17.699999999999967
1.0 0.0 1.75 17.70999999999997
1.0 0.0 2.0 17.71999999999997
1.0 0.0 2.25 17.729999999999972
1.0 0.0 2.5 17.739999999999974
1.0 0.0 2.75 17.749999999999975
1.0 0.0 3.0 17.759999999999977
1.0 0.0 3.25 17.76999999999998
1.0 0.0 3.5 17.77999999999998
1.0 0.0 3.75 17.78999999999998
1.0 0.0 4.0 17.799999999999983
1.0 0.0 4.25 17.809999999999985
1.0 0.0 4.5 17.819999999999986
1.0 0.0 4.75 17.829999999999988
1.0 0.0 5.0 17.83999999999999
1.0 0.25 0.0 17.84999999999999
1.0 0.25 0.25 17.859999999999992
1.0 0.25 0.5 17.869999999999994
1.0 0.25 0.75 17.879999999999995
1.0 0.25 1.0 17.889999999999997
1.0 0.25 1.25 17.9
1.0 0.25 1.5 17.91
1.0 0.25 1.75 17.92
1.0 0.25 2.0 17.930000000000003
1.0 0.25 2.25 17.940000000000005
1.0 0.25 2.5 17.950000000000006
1.0 0.25 2.75 17.960000000000008
1.0 0.25 3.0 17.97000000000001
1.0 0.25 3.25 17.98000000000001
1.0 0.25 3.5 17.990000000000013
1.0 0.25 3.75 18.000000000000014
1.0 0.25 4.0 18.010000000000016
1.0 0.25 4.25 18.020000000000017
1.0 0.25 4.5 18.03000000000002
1.0 0.25 4.75 18.04000000000002
1.0 0.25 5.0 18.050000000000022
1.0 0.5 0.0 18.060000000000024
1.0 0.5 0.25 18.070000000000025
1.0 0.5 0.5 18.080000000000027
1.0 0.5 0.75 18.09000000000003
1.0 0.5 1.0 18.10000000000003
1.0 0.5 1.25 18.11000000000003
1.0 0.5 1.5 18.120000000000033
1.0 0.5 1.75 18.130000000000035
1.0 0.5 2.0 18.140000000000036
1.0 0.5 2.25 18.150000000000038
1.0 0.5 2.5 18.16000000000004
1.0 0.5 2.75 18.17000000000004
1.0 0.5 3.0 18.180000000000042
1.0 0.5 3.25 18.190000000000044
1.0 0.5 3.5 18.200000000000045
1.0 0.5 3.75 18.210000000000047
1.0 0.5 4.0 18.22000000000005
1.0 0.5 4.25 18.23000000000005
1.0 0.5 4.5 18.24000000000005
1.0 0.5 4.75 18.250000000000053
1.0 0.5 5.0 18.260000000000055
1.0 0.75 0.0 18.270000000000056
1.0 0.75 0.25 18.280000000000058
1.0 0.75 0.5 18.29000000000006
1.0 0.75 0.75 18.30000000000006
1.0 0.75 1.0 18.310000000000063
1.0 0.75 1.25 18.320000000000064
1.0 0.75 1.5 18.330000000000066
1.0 0.75 1.75 18.340000000000067
1.0 0.75 2.0 18.35000000000007
1.0 0.75 2.25 18.36000000000007
1.0 0.75 2.5 18.370000000000072
1.0 0.75 2.75 18.380000000000074
1.0 0.75 3.0 18.390000000000075
1.0 0.75 3.25 18.400000000000077
1.0 0.75 3.5 18.41000000000008
1.0 0.75 3.75 18.42000000000008
1.0 0.75 4.0 18.43000000000008
1.0 0.75 4.25 18.440000000000083
1.0 0.75 4.5 18.450000000000085
1.0 0.75 4.75 18.460000000000086
1.0 0.75 5.0 18.470000000000088
1.0 1.0 0.0 18.48000000000009
1.0 1.0 0.25 18.49000000000009
1.0 1.0 0.5 18.500000000000092
1.0 1.0 0.75 18.510000000000094
1.0 1.0 1.0 18.520000000000095
1.0 1.0 1.25 18.530000000000097
1.0 1.0 1.5 18.5400000000001
1.0 1.0 1.75 18.5500000000001
1.0 1.0 2.0 18.5600000000001
1.0 1.0 2.25 18.570000000000103
1.0 1.0 2.5 18.580000000000105
1.0 1.0 2.75 18.590000000000106
1.0 1.0 3.0 18.600000000000108
1.0 1.0 3.25 18.61000000000011
1.0 1.0 3.5 18.62000000000011
1.0 1.0 3.75 18.630000000000113
1.0 1.0 4.0 18.640000000000114
1.0 1.0 4.25 18.650000000000116
1.0 1.0 4.5 18.660000000000117
1.0 1.0 4.75 18.67000000000012
1.0 1.0 5.0 18.68000000000012
1.0 1.25 0.0 18.690000000000122
1.0 1.25 0.25 18.700000000000124
1.0 1.25 0.5 18.710000000000125
1.0 1.25 0.75 18.720000000000127
1.0 1.25 1.0 18.73000000000013
1.0 1.25 1.25 18.74000000000013
1.0 1.25 1.5 18.75000000000013
1.0 1.25 1.75 18.760000000000133
1.0 1.25 2.0 18.770000000000135
1.0 1.25 2.25 18.780000000000136
1.0 1.25 2.5 18.790000000000138
1.0 1.25 2.75 18.80000000000014
1.0 1.25 3.0 18.81000000000014
1.0 1.25 3.25 18.820000000000142
1.0 1.25 3.5 18.830000000000144
1.0 1.25 3.75 18.840000000000146
1.0 1.25 4.0 18.850000000000147
1.0 1.25 4.25 18.86000000000015
1.0 1.25 4.5 18.87000000000015
1.0 1.25 4.75 18.88000000000015
1.0 1.25 5.0 18.890000000000153
1.0 1.5 0.0 18.900000000000155
1.0 1.5 0.25 18.910000000000156
1.0 1.5 0.5 18.920000000000158
1.0 1.5 0.75 18.93000000000016
1.0 1.5 1.0 18.94000000000016
1.0 1.5 1.25 18.950000000000163
1.0 1.5 1.5 18.960000000000164
1.0 1.5 1.75 18.970000000000166
1.0 1.5 2.0 18.980000000000167
1.0 1.5 2.25 18.99000000000017
1.0 1.5 2.5 19.00000000000017
1.0 1.5 2.75 19.010000000000172
1.0 1.5 3.0 19.020000000000174
1.0 1.5 3.25 19.030000000000175
1.0 1.5 3.5 19.040000000000177
1.0 1.5 3.75 19.05000000000018
1.0 1.5 4.0 19.06000000000018
1.0 1.5 4.25 19.07000000000018
1.0 1.5 4.5 19.080000000000183
1.0 1.5 4.75 19.090000000000185
1.0 1.5 5.0 19.100000000000186
1.0 1.75 0.0 19.110000000000188
1.0 1.75 0.25 19.12000000000019
1.0 1.75 0.5 19.13000000000019
1.0 1.75 0.75 19.140000000000192
1.0 1.75 1.0 19.150000000000194
1.0 1.75 1.25 19.160000000000196
1.0 1.75 1.5 19.170000000000197
1.0 1.75 1.75 19.1800000000002
1.0 1.75 2.0 19.1900000000002
1.0 1.75 2.25 19.200000000000202
1.0 1.75 2.5 19.210000000000203
1.0 1.75 2.75 19.220000000000205
1.0 1.75 3.0 19.230000000000206
1.0 1.75 3.25 19.240000000000208
1.0 1.75 3.5 19.25000000000021
1.0 1.75 3.75 19.26000000000021
1.0 1.75 4.0 19.270000000000213
1.0 1.75 4.25 19.280000000000214
1.0 1.75 4.5 19.290000000000216
1.0 1.75 4.75 19.300000000000217
1.0 1.75 5.0 19.31000000000022
1.0 2.0 0.0 19.32000000000022
1.0 2.0 0.25 19.330000000000222
1.0 2.0 0.5 19.340000000000224
1.0 2.0 0.75 19.350000000000225
1.0 2.0 1.0 19.360000000000227
1.0 2.0 1.25 19.37000000000023
1.0 2.0 1.5 19.38000000000023
1.0 2.0 1.75 19.39000000000023
1.0 2.0 2.0 19.400000000000233
1.0 2.0 2.25 19.410000000000235
1.0 2.0 2.5 19.420000000000236
1.0 2.0 2.75 19.430000000000238
1.0 2.0 3.0 19.44000000000024
1.0 2.0 3.25 19.45000000000024
1.0 2.0 3.5 19.460000000000242
1.0 2.0 3.75 19.470000000000244
1.0 2.0 4.0 19.480000000000246
1.0 2.0 4.25 19.490000000000247
1.0 2.0 4.5 19.50000000000025
1.0 2.0 4.75 19.51000000000025
1.0 2.0 5.0 19.520000000000252
1.0 2.25 0.0 19.530000000000253
1.0 2.25 0.25 19.540000000000255
1.0 2.25 0.5 19.550000000000257
1.0 2.25 0.75 19.560000000000258
1.0 2.25 1.0 19.57000000000026
1.0 2.25 1.25 19.58000000000026
1.0 2.25 1.5 19.590000000000263
1.0 2.25 1.75 19.600000000000264
1.0 2.25 2.0 19.610000000000266
1.0 2.25 2.25 19.620000000000267
1.0 2.25 2.5 19.63000000000027
1.0 2.25 2.75 19.64000000000027
1.0 2.25 3.0 19.650000000000272
1.0 2.25 3.25 19.660000000000274
1.0 2.25 3.5 19.670000000000275
1.0 2.25 3.75 19.680000000000277
1.0 2.25 4.0 19.69000000000028
1.0 2.25 4.25 19.70000000000028
1.0 2.25 4.5 19.71000000000028
1.0 2.25 4.75 19.720000000000283
1.0 2.25 5.0 19.730000000000285
1.0 2.5 0.0 19.740000000000286
1.0 2.5 0.25 19.750000000000288
1.0 2.5 0.5 19.76000000000029
1.0 2.5 0.75 19.77000000000029
1.0 2.5 1.0 19.780000000000292
1.0 2.5 1.25 19.790000000000294
1.0 2.5 1.5 19.800000000000296
1.0 2.5 1.75 19.810000000000297
1.0 2.5 2.0 19.8200000000003
1.0 2.5 2.25 19.8300000000003
1.0 2.5 2.5 19.840000000000302
1.0 2.5 2.75 19.850000000000303
1.0 2.5 3.0 19.860000000000305
1.0 2.5 3.25 19.870000000000307
1.0 2.5 3.5 19.880000000000308
1.0 2.5 3.75 19.89000000000031
1.0 2.5 4.0 19.90000000000031
1.0 2.5 4.25 19.910000000000313
1.0 2.5 4.5 19.920000000000314
1.0 2.5 4.75 19.930000000000316
1.0 2.5 5.0 19.940000000000317
1.0 2.75 0.0 19.95000000000032
1.0 2.75 0.25 19.96000000000032
1.0 2.75 0.5 19.970000000000322
1.0 2.75 0.75 19.980000000000324
1.0 2.75 1.0 19.990000000000325
1.0 2.75 1.25 20.000000000000327
1.0 2.75 1.5 20.01000000000033
1.0 2.75 1.75 20.02000000000033
1.0 2.75 2.0 20.03000000000033
1.0 2.75 2.25 20.040000000000333
1.0 2.75 2.5 20.050000000000335
1.0 2.75 2.75 20.060000000000336
1.0 2.75 3.0 20.070000000000338
1.0 2.75 3.25 20.08000000000034
1.0 2.75 3.5 20.09000000000034
1.0 2.75 3.75 20.100000000000342
1.0 2.75 4.0 20.110000000000344
1.0 2.75 4.25 20.120000000000346
1.0 2.75 4.5 20.130000000000347
1.0 2.75 4.75 20.14000000000035
1.0 2.75 5.0 20.15000000000035
1.0 3.0 0.0 20.160000000000352
1.0 3.0 0.25 20.170000000000353
1.0 3.0 0.5 20.180000000000355
1.0 3.0 0.75 20.190000000000357
1.0 3.0 1.0 20.200000000000358
1.0 3.0 1.25 20.21000000000036
1.0 3.0 1.5 20.22000000000036
1.0 3.0 1.75 20.230000000000363
1.0 3.0 2.0 20.240000000000364
1.0 3.0 2.25 20.250000000000366
1.0 3.0 2.5 20.260000000000367
1.0 3.0 2.75 20.27000000000037
1.0 3.0 3.0 20.28000000000037
1.0 3.0 3.25 20.290000000000372
1.0 3.0 3.5 20.300000000000374
1.0 3.0 3.75 20.310000000000375
1.0 3.0 4.0 20.320000000000377
1.0 3.0 4.25 20.33000000000038
1.0 3.0 4.5 20.34000000000038
1.0 3.0 4.75 20.35000000000038
1.0 3.0 5.0 20.360000000000383
1.0 3.25 0.0 20.370000000000385
1.0 3.25 0.25 20.380000000000386
1.0 3.25 0.5 20.390000000000388
1.0 3.25 0.75 20.40000000000039
1.0 3.25 1.0 20.41000000000039
1.0 3.25 1.25 20.420000000000393
1.0 3.25 1.5 20.430000000000394
1.0 3.25 1.75 20.440000000000396
1.0 3.25 2.0 20.450000000000397
1.0 3.25 2.25 20.4600000000004
1.0 3.25 2.5 20.4700000000004
1.0 3.25 2.75 20.480000000000402
1.0 3.25 3.0 20.490000000000403
1.0 3.25 3.25 20.500000000000405
1.0 3.25 3.5 20.510000000000407
1.0 3.25 3.75 20.520000000000408
1.0 3.25 4.0 20.53000000000041
1.0 3.25 4.25 20.54000000000041
1.0 3.25 4.5 20.550000000000413
1.0 3.25 4.75 20.560000000000414
1.0 3.25 5.0 20.570000000000416
1.0 3.5 0.0 20.580000000000418
1.0 3.5 0.25 20.59000000000042
1.0 3.5 0.5 20.60000000000042
1.0 3.5 0.75 20.610000000000422
1.0 3.5 1.0 20.620000000000424
1.0 3.5 1.25 20.630000000000425
1.0 3.5 1.5 20.640000000000427
1.0 3.5 1.75 20.65000000000043
1.0 3.5 2.0 20.66000000000043
1.0 3.5 2.25 20.67000000000043
1.0 3.5 2.5 20.680000000000433
1.0 3.5 2.75 20.690000000000435
1.0 3.5 3.0 20.700000000000436
1.0 3.5 3.25 20.710000000000438
1.0 3.5 3.5 20.72000000000044
1.0 3.5 3.75 20.73000000000044
1.0 3.5 4.0 20.740000000000443
1.0 3.5 4.25 20.750000000000444
1.0 3.5 4.5 20.760000000000446
1.0 3.5 4.75 20.770000000000447
1.0 3.5 5.0 20.78000000000045
1.0 3.75 0.0 20.79000000000045
1.0 3.75 0.25 20.800000000000452
1.0 3.75 0.5 20.810000000000453
1.0 3.75 0.75 20.820000000000455
1.0 3.75 1.0 20.830000000000457
1.0 3.75 1.25 20.840000000000458
1.0 3.75 1.5 20.85000000000046
1.0 3.75 1.75 20.86000000000046
1.0 3.75 2.0 20.870000000000463
1.0 3.75 2.25 20.880000000000464
1.0 3.75 2.5 20.890000000000466
1.0 3.75 2.75 20.900000000000468
1.0 3.75 3.0 20.91000000000047
1.0 3.75 3.25 20.92000000000047
1.0 3.75 3.5 20.930000000000472
1.0 3.75 3.75 20.940000000000474
1.0 3.75 4.0 20.950000000000475
1.0 3.75 4.25 20.960000000000477
1.0 3.75 4.5 20.97000000000048
1.0 3.75 4.75 20.98000000000048
1.0 3.75 5.0 20.99000000000048
1.0 4.0 0.0 21.000000000000483
1.0 4.0 0.25 21.010000000000485
1.0 4.0 0.5 21.020000000000486
1.0 4.0 0.75 21.030000000000488
1.0 4.0 1.0 21.04000000000049
1.0 4.0 1.25 21.05000000000049
1.0 4.0 1.5 21.060000000000493
1.0 4.0 1.75 21.070000000000494
1.0 4.0 2.0 21.080000000000496
1.0 4.0 2.25 21.090000000000497
1.0 4.0 2.5 21.1000000000005
1.0 4.0 2.75 21.1100000000005
1.0 4.0 3.0 21.120000000000502
1.0 4.0 3.25 21.130000000000503
1.0 4.0 3.5 21.140000000000505
1.0 4.0 3.75 21.150000000000507
1.0 4.0 4.0 21.160000000000508
1.0 4.0 4.25 21.17000000000051
1.0 4.0 4.5 21.18000000000051
1.0 4.0 4.75 21.190000000000513
1.0 4.0 5.0 21.200000000000514
1.0 4.25 0.0 21.210000000000516
1.0 4.25 0.25 21.220000000000518
1.0 4.25 0.5 21.23000000000052
1.0 4.25 0.75 21.24000000000052
1.0 4.25 1.0 21.250000000000522
1.0 4.25 1.25 21.260000000000524
1.0 4.25 1.5 21.270000000000525
1.0 4.25 1.75 21.280000000000527
1.0 4.25 2.0 21.29000000000053
1.0 4.25 2.25 21.30000000000053
1.0 4.25 2.5 21.31000000000053
1.0 4.25 2.75 21.320000000000533
1.0 4.25 3.0 21.330000000000535
1.0 4.25 3.25 21.340000000000536
1.0 4.25 3.5 21.350000000000538
1.0 4.25 3.75 21.36000000000054
1.0 4.25 4.0 21.37000000000054
1.0 4.25 4.25 21.380000000000543
1.0 4.25 4.5 21.390000000000544
1.0 4.25 4.75 21.400000000000546
1.0 4.25 5.0 21.410000000000547
1.0 4.5 0.0 21.42000000000055
1.0 4.5 0.25 21.43000000000055
1.0 4.5 0.5 21.440000000000552
1.0 4.5 0.75 21.450000000000554
1.0 4.5 1.0 21.460000000000555
1.0 4.5 1.25 21.470000000000557
1.0 4.5 1.5 21.480000000000558
1.0 4.5 1.75 21.49000000000056
1.0 4.5 2.0 21.50000000000056
1.0 4.5 2.25 21.510000000000563
1.0 4.5 2.5 21.520000000000564
1.0 4.5 2.75 21.530000000000566
1.0 4.5 3.0 21.540000000000568
1.0 4.5 3.25 21.55000000000057
1.0 4.5 3.5 21.56000000000057
1.0 4.5 3.75 21.570000000000572
1.0 4.5 4.0 21.580000000000574
1.0 4.5 4.25 21.590000000000575
1.0 4.5 4.5 21.600000000000577
1.0 4.5 4.75 21.61000000000058
1.0 4.5 5.0 21.62000000000058
1.0 4.75 0.0 21.63000000000058
1.0 4.75 0.25 21.640000000000583
1.0 4.75 0.5 21.650000000000585
1.0 4.75 0.75 21.660000000000586
1.0 4.75 1.0 21.670000000000588
1.0 4.75 1.25 21.68000000000059
1.0 4.75 1.5 21.69000000000059
1.0 4.75 1.75 21.700000000000593
1.0 4.75 2.0 21.710000000000594
1.0 4.75 2.25 21.720000000000596
1.0 4.75 2.5 21.730000000000597
1.0 4.75 2.75 21.7400000000006
1.0 4.75 3.0 21.7500000000006
1.0 4.75 3.25 21.760000000000602
1.0 4.75 3.5 21.770000000000604
1.0 4.75 3.75 21.780000000000605
1.0 4.75 4.0 21.790000000000607
1.0 4.75 4.25 21.80000000000061
1.0 4.75 4.5 21.81000000000061
1.0 4.75 4.75 21.82000000000061
1.0 4.75 5.0 21.830000000000613
1.0 5.0 0.0 21.840000000000614
1.0 5.0 0.25 21.850000000000616
1.0 5.0 0.5 21.860000000000618
1.0 5.0 0.75 21.87000000000062
1.0 5.0 1.0 21.88000000000062
1.0 5.0 1.25 21.890000000000622
1.0 5.0 1.5 21.900000000000624
1.0 5.0 1.75 21.910000000000625
1.0 5.0 2.0 21.920000000000627
1.0 5.0 2.25 21.93000000000063
1.0 5.0 2.5 21.94000000000063
1.0 5.0 2.75 21.95000000000063
1.0 5.0 3.0 21.960000000000633
1.0 5.0 3.25 21.970000000000635
1.0 5.0 3.5 21.980000000000636
1.0 5.0 3.75 21.990000000000638
1.0 5.0 4.0 22.00000000000064
1.0 5.0 4.25 22.01000000000064
1.0 5.0 4.5 22.020000000000643
1.0 5.0 4.75 22.030000000000644
1.0 5.0 5.0 22.040000000000646
1.25 0.0 0.0 22.050000000000647
1.25 0.0 0.25 22.06000000000065
1.25 0.0 0.5 22.07000000000065
1.25 0.0 0.75 22.080000000000652
1.25 0.0 1.0 22.090000000000654
1.25 0.0 1.25 22.100000000000655
1.25 0.0 1.5 22.110000000000657
1.25 0.0 1.75 22.12000000000066
1.25 0.0 2.0 22.13000000000066
1.25 0.0 2.25 22.14000000000066
1.25 0.0 2.5 22.150000000000663
1.25 0.0 2.75 22.160000000000664
1.25 0.0 3.0 22.170000000000666
1.25 0.0 3.25 22.180000000000668
1.25 0.0 3.5 22.19000000000067
1.25 0.0 3.75 22.20000000000067
1.25 0.0 4.0 22.210000000000672
1.25 0.0 4.25 22.220000000000674
1.25 0.0 4.5 22.230000000000675
1.25 0.0 4.75 22.240000000000677
1.25 0.0 5.0 22.25000000000068
1.25 0.25 0.0 22.26000000000068
1.25 0.25 0.25 22.27000000000068
1.25 0.25 0.5 22.280000000000683
1.25 0.25 0.75 22.290000000000685
1.25 0.25 1.0 22.300000000000686
1.25 0.25 1.25 22.310000000000688
1.25 0.25 1.5 22.32000000000069
1.25 0.25 1.75 22.33000000000069
1.25 0.25 2.0 22.340000000000693
1.25 0.25 2.25 22.350000000000694
1.25 0.25 2.5 22.360000000000696
1.25 0.25 2.75 22.370000000000697
1.25 0.25 3.0 22.3800000000007
1.25 0.25 3.25 22.3900000000007
1.25 0.25 3.5 22.400000000000702
1.25 0.25 3.75 22.410000000000704
1.25 0.25 4.0 22.420000000000705
1.25 0.25 4.25 22.430000000000707
1.25 0.25 4.5 22.44000000000071
1.25 0.25 4.75 22.45000000000071
1.25 0.25 5.0 22.46000000000071
1.25 0.5 0.0 22.470000000000713
1.25 0.5 0.25 22.480000000000715
1.25 0.5 0.5 22.490000000000716
1.25 0.5 0.75 22.500000000000718
1.25 0.5 1.0 22.51000000000072
1.25 0.5 1.25 22.52000000000072
1.25 0.5 1.5 22.530000000000722
1.25 0.5 1.75 22.540000000000724
1.25 0.5 2.0 22.550000000000725
1.25 0.5 2.25 22.560000000000727
1.25 0.5 2.5 22.57000000000073
1.25 0.5 2.75 22.58000000000073
1.25 0.5 3.0 22.59000000000073
1.25 0.5 3.25 22.600000000000733
1.25 0.5 3.5 22.610000000000735
1.25 0.5 3.75 22.620000000000736
1.25 0.5 4.0 22.630000000000738
1.25 0.5 4.25 22.64000000000074
1.25 0.5 4.5 22.65000000000074
1.25 0.5 4.75 22.660000000000743
1.25 0.5 5.0 22.670000000000744
1.25 0.75 0.0 22.680000000000746
1.25 0.75 0.25 22.690000000000747
1.25 0.75 0.5 22.70000000000075
1.25 0.75 0.75 22.71000000000075
1.25 0.75 1.0 22.720000000000752
1.25 0.75 1.25 22.730000000000754
1.25 0.75 1.5 22.740000000000755
1.25 0.75 1.75 22.750000000000757
1.25 0.75 2.0 22.76000000000076
1.25 0.75 2.25 22.77000000000076
1.25 0.75 2.5 22.78000000000076
1.25 0.75 2.75 22.790000000000763
1.25 0.75 3.0 22.800000000000765
1.25 0.75 3.25 22.810000000000766
1.25 0.75 3.5 22.820000000000768
1.25 0.75 3.75 22.83000000000077
1.25 0.75 4.0 22.84000000000077
1.25 0.75 4.25 22.850000000000772
1.25 0.75 4.5 22.860000000000774
1.25 0.75 4.75 22.870000000000775
1.25 0.75 5.0 22.880000000000777
1.25 1.0 0.0 22.89000000000078
1.25 1.0 0.25 22.90000000000078
1.25 1.0 0.5 22.91000000000078
1.25 1.0 0.75 22.920000000000783
1.25 1.0 1.0 22.930000000000785
1.25 1.0 1.25 22.940000000000786
1.25 1.0 1.5 22.950000000000788
1.25 1.0 1.75 22.96000000000079
1.25 1.0 2.0 22.97000000000079
1.25 1.0 2.25 22.980000000000793
1.25 1.0 2.5 22.990000000000794
1.25 1.0 2.75 23.000000000000796
1.25 1.0 3.0 23.010000000000797
1.25 1.0 3.25 23.0200000000008
1.25 1.0 3.5 23.0300000000008
1.25 1.0 3.75 23.040000000000802
1.25 1.0 4.0 23.050000000000804
1.25 1.0 4.25 23.060000000000805
1.25 1.0 4.5 23.070000000000807
1.25 1.0 4.75 23.08000000000081
1.25 1.0 5.0 23.09000000000081
1.25 1.25 0.0 23.10000000000081
1.25 1.25 0.25 23.110000000000813
1.25 1.25 0.5 23.120000000000815
1.25 1.25 0.75 23.130000000000816
1.25 1.25 1.0 23.140000000000818
1.25 1.25 1.25 23.15000000000082
1.25 1.25 1.5 23.16000000000082
1.25 1.25 1.75 23.170000000000822
1.25 1.25 2.0 23.180000000000824
1.25 1.25 2.25 23.190000000000826
1.25 1.25 2.5 23.200000000000827
1.25 1.25 2.75 23.21000000000083
1.25 1.25 3.0 23.22000000000083
1.25 1.25 3.25 23.23000000000083
1.25 1.25 3.5 23.240000000000833
1.25 1.25 3.75 23.250000000000835
1.25 1.25 4.0 23.260000000000836
1.25 1.25 4.25 23.270000000000838
1.25 1.25 4.5 23.28000000000084
1.25 1.25 4.75 23.29000000000084
1.25 1.25 5.0 23.300000000000843
1.25 1.5 0.0 23.310000000000844
1.25 1.5 0.25 23.320000000000846
1.25 1.5 0.5 23.330000000000847
1.25 1.5 0.75 23.34000000000085
1.25 1.5 1.0 23.35000000000085
1.25 1.5 1.25 23.360000000000852
1.25 1.5 1.5 23.370000000000854
1.25 1.5 1.75 23.380000000000855
1.25 1.5 2.0 23.390000000000857
1.25 1.5 2.25 23.40000000000086
1.25 1.5 2.5 23.41000000000086
1.25 1.5 2.75 23.42000000000086
1.25 1.5 3.0 23.430000000000863
1.25 1.5 3.25 23.440000000000865
1.25 1.5 3.5 23.450000000000866
1.25 1.5 3.75 23.460000000000868
1.25 1.5 4.0 23.47000000000087
1.25 1.5 4.25 23.48000000000087
1.25 1.5 4.5 23.490000000000872
1.25 1.5 4.75 23.500000000000874
1.25 1.5 5.0 23.510000000000876
1.25 1.75 0.0 23.520000000000877
1.25 1.75 0.25 23.53000000000088
1.25 1.75 0.5 23.54000000000088
1.25 1.75 0.75 23.550000000000882
1.25 1.75 1.0 23.560000000000883
1.25 1.75 1.25 23.570000000000885
1.25 1.75 1.5 23.580000000000886
1.25 1.75 1.75 23.590000000000888
1.25 1.75 2.0 23.60000000000089
1.25 1.75 2.25 23.61000000000089
1.25 1.75 2.5 23.620000000000893
1.25 1.75 2.75 23.630000000000894
1.25 1.75 3.0 23.640000000000896
1.25 1.75 3.25 23.650000000000897
1.25 1.75 3.5 23.6600000000009
1.25 1.75 3.75 23.6700000000009
1.25 1.75 4.0 23.680000000000902
1.25 1.75 4.25 23.690000000000904
1.25 1.75 4.5 23.700000000000905
1.25 1.75 4.75 23.710000000000907
1.25 1.75 5.0 23.72000000000091
1.25 2.0 0.0 23.73000000000091
1.25 2.0 0.25 23.74000000000091
1.25 2.0 0.5 23.750000000000913
1.25 2.0 0.75 23.760000000000915
1.25 2.0 1.0 23.770000000000916
1.25 2.0 1.25 23.780000000000918
1.25 2.0 1.5 23.79000000000092
1.25 2.0 1.75 23.80000000000092
1.25 2.0 2.0 23.810000000000922
1.25 2.0 2.25 23.820000000000924
1.25 2.0 2.5 23.830000000000926
1.25 2.0 2.75 23.840000000000927
1.25 2.0 3.0 23.85000000000093
1.25 2.0 3.25 23.86000000000093
1.25 2.0 3.5 23.870000000000932
1.25 2.0 3.75 23.880000000000933
1.25 2.0 4.0 23.890000000000935
1.25 2.0 4.25 23.900000000000936
1.25 2.0 4.5 23.910000000000938
1.25 2.0 4.75 23.92000000000094
1.25 2.0 5.0 23.93000000000094
1.25 2.25 0.0 23.940000000000943
1.25 2.25 0.25 23.950000000000944
1.25 2.25 0.5 23.960000000000946
1.25 2.25 0.75 23.970000000000947
1.25 2.25 1.0 23.98000000000095
1.25 2.25 1.25 23.99000000000095
1.25 2.25 1.5 24.000000000000952
1.25 2.25 1.75 24.010000000000954
1.25 2.25 2.0 24.020000000000955
1.25 2.25 2.25 24.030000000000957
1.25 2.25 2.5 24.04000000000096
1.25 2.25 2.75 24.05000000000096
1.25 2.25 3.0 24.06000000000096
1.25 2.25 3.25 24.070000000000963
1.25 2.25 3.5 24.080000000000965
1.25 2.25 3.75 24.090000000000966
1.25 2.25 4.0 24.100000000000968
1.25 2.25 4.25 24.11000000000097
1.25 2.25 4.5 24.12000000000097
1.25 2.25 4.75 24.130000000000972
1.25 2.25 5.0 24.140000000000974
1.25 2.5 0.0 24.150000000000976
1.25 2.5 0.25 24.160000000000977
1.25 2.5 0.5 24.17000000000098
1.25 2.5 0.75 24.18000000000098
1.25 2.5 1.0 24.190000000000982
1.25 2.5 1.25 24.200000000000983
1.25 2.5 1.5 24.210000000000985
1.25 2.5 1.75 24.220000000000987
1.25 2.5 2.0 24.230000000000988
1.25 2.5 2.25 24.24000000000099
1.25 2.5 2.5 24.25000000000099
1.25 2.5 2.75 24.260000000000993
1.25 2.5 3.0 24.270000000000994
1.25 2.5 3.25 24.280000000000996
1.25 2.5 3.5 24.290000000000997
1.25 2.5 3.75 24.300000000001
1.25 2.5 4.0 24.310000000001
1.25 2.5 4.25 24.320000000001002
1.25 2.5 4.5 24.330000000001004
1.25 2.5 4.75 24.340000000001005
1.25 2.5 5.0 24.350000000001007
1.25 2.75 0.0 24.36000000000101
1.25 2.75 0.25 24.37000000000101
1.25 2.75 0.5 24.38000000000101
1.25 2.75 0.75 24.390000000001013
1.25 2.75 1.0 24.400000000001015
1.25 2.75 1.25 24.410000000001016
1.25 2.75 1.5 24.420000000001018
1.25 2.75 1.75 24.43000000000102
1.25 2.75 2.0 24.44000000000102
1.25 2.75 2.25 24.450000000001022
1.25 2.75 2.5 24.460000000001024
1.25 2.75 2.75 24.470000000001026
1.25 2.75 3.0 24.480000000001027
1.25 2.75 3.25 24.49000000000103
1.25 2.75 3.5 24.50000000000103
1.25 2.75 3.75 24.510000000001032
1.25 2.75 4.0 24.520000000001033
1.25 2.75 4.25 24.530000000001035
1.25 2.75 4.5 24.540000000001037
1.25 2.75 4.75 24.550000000001038
1.25 2.75 5.0 24.56000000000104
1.25 3.0 0.0 24.57000000000104
1.25 3.0 0.25 24.580000000001043
1.25 3.0 0.5 24.590000000001044
1.25 3.0 0.75 24.600000000001046
1.25 3.0 1.0 24.610000000001047
1.25 3.0 1.25 24.62000000000105
1.25 3.0 1.5 24.63000000000105
1.25 3.0 1.75 24.640000000001052
1.25 3.0 2.0 24.650000000001054
1.25 3.0 2.25 24.660000000001055
1.25 3.0 2.5 24.670000000001057
1.25 3.0 2.75 24.68000000000106
1.25 3.0 3.0 24.69000000000106
1.25 3.0 3.25 24.70000000000106
1.25 3.0 3.5 24.710000000001063
1.25 3.0 3.75 24.720000000001065
1.25 3.0 4.0 24.730000000001066
1.25 3.0 4.25 24.740000000001068
1.25 3.0 4.5 24.75000000000107
1.25 3.0 4.75 24.76000000000107
1.25 3.0 5.0 24.770000000001072
1.25 3.25 0.0 24.780000000001074
1.25 3.25 0.25 24.790000000001076
1.25 3.25 0.5 24.800000000001077
1.25 3.25 0.75 24.81000000000108
1.25 3.25 1.0 24.82000000000108
1.25 3.25 1.25 24.830000000001082
1.25 3.25 1.5 24.840000000001083
1.25 3.25 1.75 24.850000000001085
1.25 3.25 2.0 24.860000000001087
1.25 3.25 2.25 24.870000000001088
1.25 3.25 2.5 24.88000000000109
1.25 3.25 2.75 24.89000000000109
1.25 3.25 3.0 24.900000000001093
1.25 3.25 3.25 24.910000000001094
1.25 3.25 3.5 24.920000000001096
1.25 3.25 3.75 24.930000000001098
1.25 3.25 4.0 24.9400000000011
1.25 3.25 4.25 24.9500000000011
1.25 3.25 4.5 24.960000000001102
1.25 3.25 4.75 24.970000000001104
1.25 3.25 5.0 24.980000000001105
1.25 3.5 0.0 24.990000000001107
1.25 3.5 0.25 25.00000000000111
1.25 3.5 0.5 25.01000000000111
1.25 3.5 0.75 25.02000000000111
1.25 3.5 1.0 25.030000000001113
1.25 3.5 1.25 25.040000000001115
1.25 3.5 1.5 25.050000000001116
1.25 3.5 1.75 25.060000000001118
1.25 3.5 2.0 25.07000000000112
1.25 3.5 2.25 25.08000000000112
1.25 3.5 2.5 25.090000000001123
1.25 3.5 2.75 25.100000000001124
1.25 3.5 3.0 25.110000000001126
1.25 3.5 3.25 25.120000000001127
1.25 3.5 3.5 25.13000000000113
1.25 3.5 3.75 25.14000000000113
1.25 3.5 4.0 25.150000000001132
1.25 3.5 4.25 25.160000000001133
1.25 3.5 4.5 25.170000000001135
1.25 3.5 4.75 25.180000000001137
1.25 3.5 5.0 25.190000000001138
1.25 3.75 0.0 25.20000000000114
1.25 3.75 0.25 25.21000000000114
1.25 3.75 0.5 25.220000000001143
1.25 3.75 0.75 25.230000000001144
1.25 3.75 1.0 25.240000000001146
1.25 3.75 1.25 25.250000000001148
1.25 3.75 1.5 25.26000000000115
1.25 3.75 1.75 25.27000000000115
1.25 3.75 2.0 25.280000000001152
1.25 3.75 2.25 25.290000000001154
1.25 3.75 2.5 25.300000000001155
1.25 3.75 2.75 25.310000000001157
1.25 3.75 3.0 25.32000000000116
1.25 3.75 3.25 25.33000000000116
1.25 3.75 3.5 25.34000000000116
1.25 3.75 3.75 25.350000000001163
1.25 3.75 4.0 25.360000000001165
1.25 3.75 4.25 25.370000000001166
1.25 3.75 4.5 25.380000000001168
1.25 3.75 4.75 25.39000000000117
1.25 3.75 5.0 25.40000000000117
1.25 4.0 0.0 25.410000000001173
1.25 4.0 0.25 25.420000000001174
1.25 4.0 0.5 25.430000000001176
1.25 4.0 0.75 25.440000000001177
1.25 4.0 1.0 25.45000000000118
1.25 4.0 1.25 25.46000000000118
1.25 4.0 1.5 25.470000000001182
1.25 4.0 1.75 25.480000000001183
1.25 4.0 2.0 25.490000000001185
1.25 4.0 2.25 25.500000000001187
1.25 4.0 2.5 25.510000000001188
1.25 4.0 2.75 25.52000000000119
1.25 4.0 3.0 25.53000000000119
1.25 4.0 3.25 25.540000000001193
1.25 4.0 3.5 25.550000000001194
1.25 4.0 3.75 25.560000000001196
1.25 4.0 4.0 25.570000000001198
1.25 4.0 4.25 25.5800000000012
1.25 4.0 4.5 25.5900000000012
1.25 4.0 4.75 25.600000000001202
1.25 4.0 5.0 25.610000000001204
1.25 4.25 0.0 25.620000000001205
1.25 4.25 0.25 25.630000000001207
1.25 4.25 0.5 25.64000000000121
1.25 4.25 0.75 25.65000000000121
1.25 4.25 1.0 25.66000000000121
1.25 4.25 1.25 25.670000000001213
1.25 4.25 1.5 25.680000000001215
1.25 4.25 1.75 25.690000000001216
1.25 4.25 2.0 25.700000000001218
1.25 4.25 2.25 25.71000000000122
1.25 4.25 2.5 25.72000000000122
1.25 4.25 2.75 25.730000000001223
1.25 4.25 3.0 25.740000000001224
1.25 4.25 3.25 25.750000000001226
1.25 4.25 3.5 25.760000000001227
1.25 4.25 3.75 25.77000000000123
1.25 4.25 4.0 25.78000000000123
1.25 4.25 4.25 25.790000000001232
1.25 4.25 4.5 25.800000000001234
1.25 4.25 4.75 25.810000000001235
1.25 4.25 5.0 25.820000000001237
1.25 4.5 0.0 25.830000000001238
1.25 4.5 0.25 25.84000000000124
1.25 4.5 0.5 25.85000000000124
1.25 4.5 0.75 25.860000000001243
1.25 4.5 1.0 25.870000000001244
1.25 4.5 1.25 25.880000000001246
1.25 4.5 1.5 25.890000000001248
1.25 4.5 1.75 25.90000000000125
1.25 4.5 2.0 25.91000000000125
1.25 4.5 2.25 25.920000000001252
1.25 4.5 2.5 25.930000000001254
1.25 4.5 2.75 25.940000000001255
1.25 4.5 3.0 25.950000000001257
1.25 4.5 3.25 25.96000000000126
1.25 4.5 3.5 25.97000000000126
1.25 4.5 3.75 25.98000000000126
1.25 4.5 4.0 25.990000000001263
1.25 4.5 4.25 26.000000000001265
1.25 4.5 4.5 26.010000000001266
1.25 4.5 4.75 26.020000000001268
1.25 4.5 5.0 26.03000000000127
1.25 4.75 0.0 26.04000000000127
1.25 4.75 0.25 26.050000000001273
1.25 4.75 0.5 26.060000000001274
1.25 4.75 0.75 26.070000000001276
1.25 4.75 1.0 26.080000000001277
1.25 4.75 1.25 26.09000000000128
1.25 4.75 1.5 26.10000000000128
1.25 4.75 1.75 26.110000000001282
1.25 4.75 2.0 26.120000000001284
1.25 4.75 2.25 26.130000000001285
1.25 4.75 2.5 26.140000000001287
1.25 4.75 2.75 26.150000000001288
1.25 4.75 3.0 26.16000000000129
1.25 4.75 3.25 26.17000000000129
1.25 4.75 3.5 26.180000000001293
1.25 4.75 3.75 26.190000000001294
1.25 4.75 4.0 26.200000000001296
1.25 4.75 4.25 26.210000000001298
1.25 4.75 4.5 26.2200000000013
1.25 4.75 4.75 26.2300000000013
1.25 4.75 5.0 26.240000000001302
1.25 5.0 0.0 26.250000000001304
1.25 5.0 0.25 26.260000000001305
1.25 5.0 0.5 26.270000000001307
1.25 5.0 0.75 26.28000000000131
1.25 5.0 1.0 26.29000000000131
1.25 5.0 1.25 26.30000000000131
1.25 5.0 1.5 26.310000000001313
1.25 5.0 1.75 26.320000000001315
1.25 5.0 2.0 26.330000000001316
1.25 5.0 2.25 26.340000000001318
1.25 5.0 2.5 26.35000000000132
1.25 5.0 2.75 26.36000000000132
1.25 5.0 3.0 26.370000000001323
1.25 5.0 3.25 26.380000000001324
1.25 5.0 3.5 26.390000000001326
1.25 5.0 3.75 26.400000000001327
1.25 5.0 4.0 26.41000000000133
1.25 5.0 4.25 26.42000000000133
1.25 5.0 4.5 26.430000000001332
1.25 5.0 4.75 26.440000000001334
1.25 5.0 5.0 26.450000000001335
1.5 0.0 0.0 26.460000000001337
1.5 0.0 0.25 26.47000000000134
1.5 0.0 0.5 26.48000000000134
1.5 0.0 0.75 26.49000000000134
1.5 0.0 1.0 26.500000000001343
1.5 0.0 1.25 26.510000000001344
1.5 0.0 1.5 26.520000000001346
1.5 0.0 1.75 26.530000000001348
1.5 0.0 2.0 26.54000000000135
1.5 0.0 2.25 26.55000000000135
1.5 0.0 2.5 26.560000000001352
1.5 0.0 2.75 26.570000000001354
1.5 0.0 3.0 26.580000000001355
1.5 0.0 3.25 26.590000000001357
1.5 0.0 3.5 26.60000000000136
1.5 0.0 3.75 26.61000000000136
1.5 0.0 4.0 26.62000000000136
1.5 0.0 4.25 26.630000000001363
1.5 0.0 4.5 26.640000000001365
1.5 0.0 4.75 26.650000000001366
1.5 0.0 5.0 26.660000000001368
1.5 0.25 0.0 26.67000000000137
1.5 0.25 0.25 26.68000000000137
1.5 0.25 0.5 26.690000000001373
1.5 0.25 0.75 26.700000000001374
1.5 0.25 1.0 26.710000000001376
1.5 0.25 1.25 26.720000000001377
1.5 0.25 1.5 26.73000000000138
1.5 0.25 1.75 26.74000000000138
1.5 0.25 2.0 26.750000000001382
1.5 0.25 2.25 26.760000000001384
1.5 0.25 2.5 26.770000000001385
1.5 0.25 2.75 26.780000000001387
1.5 0.25 3.0 26.79000000000139
1.5 0.25 3.25 26.80000000000139
1.5 0.25 3.5 26.81000000000139
1.5 0.25 3.75 26.820000000001393
1.5 0.25 4.0 26.830000000001395
1.5 0.25 4.25 26.840000000001396
1.5 0.25 4.5 26.850000000001398
1.5 0.25 4.75 26.8600000000014
1.5 0.25 5.0 26.8700000000014
1.5 0.5 0.0 26.880000000001402
1.5 0.5 0.25 26.890000000001404
1.5 0.5 0.5 26.900000000001405
1.5 0.5 0.75 26.910000000001407
1.5 0.5 1.0 26.92000000000141
1.5 0.5 1.25 26.93000000000141
1.5 0.5 1.5 26.94000000000141
1.5 0.5 1.75 26.950000000001413
1.5 0.5 2.0 26.960000000001415
1.5 0.5 2.25 26.970000000001416
1.5 0.5 2.5 26.980000000001418
1.5 0.5 2.75 26.99000000000142
1.5 0.5 3.0 27.00000000000142
1.5 0.5 3.25 27.010000000001423
1.5 0.5 3.5 27.020000000001424
1.5 0.5 3.75 27.030000000001426
1.5 0.5 4.0 27.040000000001427
1.5 0.5 4.25 27.05000000000143
1.5 0.5 4.5 27.06000000000143
1.5 0.5 4.75 27.070000000001432
1.5 0.5 5.0 27.080000000001434
1.5 0.75 0.0 27.090000000001435
1.5 0.75 0.25 27.100000000001437
1.5 0.75 0.5 27.11000000000144
1.5 0.75 0.75 27.12000000000144
1.5 0.75 1.0 27.13000000000144
1.5 0.75 1.25 27.140000000001443
1.5 0.75 1.5 27.150000000001445
1.5 0.75 1.75 27.160000000001446
1.5 0.75 2.0 27.170000000001448
1.5 0.75 2.25 27.18000000000145
1.5 0.75 2.5 27.19000000000145
1.5 0.75 2.75 27.200000000001452
1.5 0.75 3.0 27.210000000001454
1.5 0.75 3.25 27.220000000001455
1.5 0.75 3.5 27.230000000001457
1.5 0.75 3.75 27.24000000000146
1.5 0.75 4.0 27.25000000000146
1.5 0.75 4.25 27.26000000000146
1.5 0.75 4.5 27.270000000001463
1.5 0.75 4.75 27.280000000001465
1.5 0.75 5.0 27.290000000001466
1.5 1.0 0.0 27.300000000001468
1.5 1.0 0.25 27.31000000000147
1.5 1.0 0.5 27.32000000000147
1.5 1.0 0.75 27.330000000001473
1.5 1.0 1.0 27.340000000001474
1.5 1.0 1.25 27.350000000001476
1.5 1.0 1.5 27.360000000001477
1.5 1.0 1.75 27.37000000000148
1.5 1.0 2.0 27.38000000000148
1.5 1.0 2.25 27.390000000001482
1.5 1.0 2.5 27.400000000001484
1.5 1.0 2.75 27.410000000001485
1.5 1.0 3.0 27.420000000001487
1.5 1.0 3.25 27.43000000000149
1.5 1.0 3.5 27.44000000000149
1.5 1.0 3.75 27.45000000000149
1.5 1.0 4.0 27.460000000001493
1.5 1.0 4.25 27.470000000001495
1.5 1.0 4.5 27.480000000001496
1.5 1.0 4.75 27.490000000001498
1.5 1.0 5.0 27.5000000000015
1.5 1.25 0.0 27.5100000000015
1.5 1.25 0.25 27.520000000001502
1.5 1.25 0.5 27.530000000001504
1.5 1.25 0.75 27.540000000001505
1.5 1.25 1.0 27.550000000001507
1.5 1.25 1.25 27.56000000000151
1.5 1.25 1.5 27.57000000000151
1.5 1.25 1.75 27.58000000000151
1.5 1.25 2.0 27.590000000001513
1.5 1.25 2.25 27.600000000001515
1.5 1.25 2.5 27.610000000001516
1.5 1.25 2.75 27.620000000001518
1.5 1.25 3.0 27.63000000000152
1.5 1.25 3.25 27.64000000000152
1.5 1.25 3.5 27.650000000001523
1.5 1.25 3.75 27.660000000001524
1.5 1.25 4.0 27.670000000001526
1.5 1.25 4.25 27.680000000001527
1.5 1.25 4.5 27.69000000000153
1.5 1.25 4.75 27.70000000000153
1.5 1.25 5.0 27.710000000001532
1.5 1.5 0.0 27.720000000001534
1.5 1.5 0.25 27.730000000001535
1.5 1.5 0.5 27.740000000001537
1.5 1.5 0.75 27.75000000000154
1.5 1.5 1.0 27.76000000000154
1.5 1.5 1.25 27.77000000000154
1.5 1.5 1.5 27.780000000001543
1.5 1.5 1.75 27.790000000001545
1.5 1.5 2.0 27.800000000001546
1.5 1.5 2.25 27.810000000001548
1.5 1.5 2.5 27.82000000000155
1.5 1.5 2.75 27.83000000000155
1.5 1.5 3.0 27.840000000001552
1.5 1.5 3.25 27.850000000001554
1.5 1.5 3.5 27.860000000001556
1.5 1.5 3.75 27.870000000001557
1.5 1.5 4.0 27.88000000000156
1.5 1.5 4.25 27.89000000000156
1.5 1.5 4.5 27.90000000000156
1.5 1.5 4.75 27.910000000001563
1.5 1.5 5.0 27.920000000001565
1.5 1.75 0.0 27.930000000001566
1.5 1.75 0.25 27.940000000001568
1.5 1.75 0.5 27.95000000000157
1.5 1.75 0.75 27.96000000000157
1.5 1.75 1.0 27.970000000001573
1.5 1.75 1.25 27.980000000001574
1.5 1.75 1.5 27.990000000001576
1.5 1.75 1.75 28.000000000001577
1.5 1.75 2.0 28.01000000000158
1.5 1.75 2.25 28.02000000000158
1.5 1.75 2.5 28.030000000001582
1.5 1.75 2.75 28.040000000001584
1.5 1.75 3.0 28.050000000001585
1.5 1.75 3.25 28.060000000001587
1.5 1.75 3.5 28.07000000000159
1.5 1.75 3.75 28.08000000000159
1.5 1.75 4.0 28.09000000000159
1.5 1.75 4.25 28.100000000001593
1.5 1.75 4.5 28.110000000001595
1.5 1.75 4.75 28.120000000001596
1.5 1.75 5.0 28.130000000001598
1.5 2.0 0.0 28.1400000000016
1.5 2.0 0.25 28.1500000000016
1.5 2.0 0.5 28.160000000001602
1.5 2.0 0.75 28.170000000001604
1.5 2.0 1.0 28.180000000001606
1.5 2.0 1.25 28.190000000001607
1.5 2.0 1.5 28.20000000000161
1.5 2.0 1.75 28.21000000000161
1.5 2.0 2.0 28.220000000001612
1.5 2.0 2.25 28.230000000001613
1.5 2.0 2.5 28.240000000001615
1.5 2.0 2.75 28.250000000001616
1.5 2.0 3.0 28.260000000001618
1.5 2.0 3.25 28.27000000000162
1.5 2.0 3.5 28.28000000000162
1.5 2.0 3.75 28.290000000001623
1.5 2.0 4.0 28.300000000001624
1.5 2.0 4.25 28.310000000001626
1.5 2.0 4.5 28.320000000001627
1.5 2.0 4.75 28.33000000000163
1.5 2.0 5.0 28.34000000000163
1.5 2.25 0.0 28.350000000001632
1.5 2.25 0.25 28.360000000001634
1.5 2.25 0.5 28.370000000001635
1.5 2.25 0.75 28.380000000001637
1.5 2.25 1.0 28.39000000000164
1.5 2.25 1.25 28.40000000000164
1.5 2.25 1.5 28.41000000000164
1.5 2.25 1.75 28.420000000001643
1.5 2.25 2.0 28.430000000001645
1.5 2.25 2.25 28.440000000001646
1.5 2.25 2.5 28.450000000001648
1.5 2.25 2.75 28.46000000000165
1.5 2.25 3.0 28.47000000000165
1.5 2.25 3.25 28.480000000001652
1.5 2.25 3.5 28.490000000001654
1.5 2.25 3.75 28.500000000001656
1.5 2.25 4.0 28.510000000001657
1.5 2.25 4.25 28.52000000000166
1.5 2.25 4.5 28.53000000000166
1.5 2.25 4.75 28.540000000001662
1.5 2.25 5.0 28.550000000001663
1.5 2.5 0.0 28.560000000001665
1.5 2.5 0.25 28.570000000001667
1.5 2.5 0.5 28.580000000001668
1.5 2.5 0.75 28.59000000000167
1.5 2.5 1.0 28.60000000000167
1.5 2.5 1.25 28.610000000001673
1.5 2.5 1.5 28.620000000001674
1.5 2.5 1.75 28.630000000001676
1.5 2.5 2.0 28.640000000001677
1.5 2.5 2.25 28.65000000000168
1.5 2.5 2.5 28.66000000000168
1.5 2.5 2.75 28.670000000001682
1.5 2.5 3.0 28.680000000001684
1.5 2.5 3.25 28.690000000001685
1.5 2.5 3.5 28.700000000001687
1.5 2.5 3.75 28.71000000000169
1.5 2.5 4.0 28.72000000000169
1.5 2.5 4.25 28.73000000000169
1.5 2.5 4.5 28.740000000001693
1.5 2.5 4.75 28.750000000001695
1.5 2.5 5.0 28.760000000001696
1.5 2.75 0.0 28.770000000001698
1.5 2.75 0.25 28.7800000000017
1.5 2.75 0.5 28.7900000000017
1.5 2.75 0.75 28.800000000001702
1.5 2.75 1.0 28.810000000001704
1.5 2.75 1.25 28.820000000001706
1.5 2.75 1.5 28.830000000001707
1.5 2.75 1.75 28.84000000000171
1.5 2.75 2.0 28.85000000000171
1.5 2.75 2.25 28.860000000001712
1.5 2.75 2.5 28.870000000001713
1.5 2.75 2.75 28.880000000001715
1.5 2.75 3.0 28.890000000001717
1.5 2.75 3.25 28.900000000001718
1.5 2.75 3.5 28.91000000000172
1.5 2.75 3.75 28.92000000000172
1.5 2.75 4.0 28.930000000001723
1.5 2.75 4.25 28.940000000001724
1.5 2.75 4.5 28.950000000001726
1.5 2.75 4.75 28.960000000001727
1.5 2.75 5.0 28.97000000000173
1.5 3.0 0.0 28.98000000000173
1.5 3.0 0.25 28.990000000001732
1.5 3.0 0.5 29.000000000001734
1.5 3.0 0.75 29.010000000001735
1.5 3.0 1.0 29.020000000001737
1.5 3.0 1.25 29.03000000000174
1.5 3.0 1.5 29.04000000000174
1.5 3.0 1.75 29.05000000000174
1.5 3.0 2.0 29.060000000001743
1.5 3.0 2.25 29.070000000001745
1.5 3.0 2.5 29.080000000001746
1.5 3.0 2.75 29.090000000001748
1.5 3.0 3.0 29.10000000000175
1.5 3.0 3.25 29.11000000000175
1.5 3.0 3.5 29.120000000001752
1.5 3.0 3.75 29.130000000001754
1.5 3.0 4.0 29.140000000001756
1.5 3.0 4.25 29.150000000001757
1.5 3.0 4.5 29.16000000000176
1.5 3.0 4.75 29.17000000000176
1.5 3.0 5.0 29.180000000001762
1.5 3.25 0.0 29.190000000001763
1.5 3.25 0.25 29.200000000001765
1.5 3.25 0.5 29.210000000001767
1.5 3.25 0.75 29.220000000001768
1.5 3.25 1.0 29.23000000000177
1.5 3.25 1.25 29.24000000000177
1.5 3.25 1.5 29.250000000001773
1.5 3.25 1.75 29.260000000001774
1.5 3.25 2.0 29.270000000001776
1.5 3.25 2.25 29.280000000001777
1.5 3.25 2.5 29.29000000000178
1.5 3.25 2.75 29.30000000000178
1.5 3.25 3.0 29.310000000001782
1.5 3.25 3.25 29.320000000001784
1.5 3.25 3.5 29.330000000001785
1.5 3.25 3.75 29.340000000001787
1.5 3.25 4.0 29.35000000000179
1.5 3.25 4.25 29.36000000000179
1.5 3.25 4.5 29.37000000000179
1.5 3.25 4.75 29.380000000001793
1.5 3.25 5.0 29.390000000001795
1.5 3.5 0.0 29.400000000001796
1.5 3.5 0.25 29.410000000001798
1.5 3.5 0.5 29.4200000000018
1.5 3.5 0.75 29.4300000000018
1.5 3.5 1.0 29.440000000001803
1.5 3.5 1.25 29.450000000001804
1.5 3.5 1.5 29.460000000001806
1.5 3.5 1.75 29.470000000001807
1.5 3.5 2.0 29.48000000000181
1.5 3.5 2.25 29.49000000000181
1.5 3.5 2.5 29.500000000001812
1.5 3.5 2.75 29.510000000001813
1.5 3.5 3.0 29.520000000001815
1.5 3.5 3.25 29.530000000001817
1.5 3.5 3.5 29.540000000001818
1.5 3.5 3.75 29.55000000000182
1.5 3.5 4.0 29.56000000000182
1.5 3.5 4.25 29.570000000001823
1.5 3.5 4.5 29.580000000001824
1.5 3.5 4.75 29.590000000001826
1.5 3.5 5.0 29.600000000001828
1.5 3.75 0.0 29.61000000000183
1.5 3.75 0.25 29.62000000000183
1.5 3.75 0.5 29.630000000001832
1.5 3.75 0.75 29.640000000001834
1.5 3.75 1.0 29.650000000001835
1.5 3.75 1.25 29.660000000001837
1.5 3.75 1.5 29.67000000000184
1.5 3.75 1.75 29.68000000000184
1.5 3.75 2.0 29.69000000000184
1.5 3.75 2.25 29.700000000001843
1.5 3.75 2.5 29.710000000001845
1.5 3.75 2.75 29.720000000001846
1.5 3.75 3.0 29.730000000001848
1.5 3.75 3.25 29.74000000000185
1.5 3.75 3.5 29.75000000000185
1.5 3.75 3.75 29.760000000001853
1.5 3.75 4.0 29.770000000001854
1.5 3.75 4.25 29.780000000001856
1.5 3.75 4.5 29.790000000001857
1.5 3.75 4.75 29.80000000000186
1.5 3.75 5.0 29.81000000000186
1.5 4.0 0.0 29.820000000001862
1.5 4.0 0.25 29.830000000001863
1.5 4.0 0.5 29.840000000001865
1.5 4.0 0.75 29.850000000001867
1.5 4.0 1.0 29.860000000001868
1.5 4.0 1.25 29.87000000000187
1.5 4.0 1.5 29.88000000000187
1.5 4.0 1.75 29.890000000001873
1.5 4.0 2.0 29.900000000001874
1.5 4.0 2.25 29.910000000001876
1.5 4.0 2.5 29.920000000001878
1.5 4.0 2.75 29.93000000000188
1.5 4.0 3.0 29.94000000000188
1.5 4.0 3.25 29.950000000001882
1.5 4.0 3.5 29.960000000001884
1.5 4.0 3.75 29.970000000001885
1.5 4.0 4.0 29.980000000001887
1.5 4.0 4.25 29.99000000000189
1.5 4.0 4.5 30.00000000000189
1.5 4.0 4.75 30.01000000000189
1.5 4.0 5.0 30.020000000001893
1.5 4.25 0.0 30.030000000001895
1.5 4.25 0.25 30.040000000001896
1.5 4.25 0.5 30.050000000001898
1.5 4.25 0.75 30.0600000000019
1.5 4.25 1.0 30.0700000000019
1.5 4.25 1.25 30.080000000001903
1.5 4.25 1.5 30.090000000001904
1.5 4.25 1.75 30.100000000001906
1.5 4.25 2.0 30.110000000001907
1.5 4.25 2.25 30.12000000000191
1.5 4.25 2.5 30.13000000000191
1.5 4.25 2.75 30.140000000001912
1.5 4.25 3.0 30.150000000001913
1.5 4.25 3.25 30.160000000001915
1.5 4.25 3.5 30.170000000001917
1.5 4.25 3.75 30.180000000001918
1.5 4.25 4.0 30.19000000000192
1.5 4.25 4.25 30.20000000000192
1.5 4.25 4.5 30.210000000001923
1.5 4.25 4.75 30.220000000001924
1.5 4.25 5.0 30.230000000001926
1.5 4.5 0.0 30.240000000001928
1.5 4.5 0.25 30.25000000000193
1.5 4.5 0.5 30.26000000000193
1.5 4.5 0.75 30.270000000001932
1.5 4.5 1.0 30.280000000001934
1.5 4.5 1.25 30.290000000001935
1.5 4.5 1.5 30.300000000001937
1.5 4.5 1.75 30.31000000000194
1.5 4.5 2.0 30.32000000000194
1.5 4.5 2.25 30.33000000000194
1.5 4.5 2.5 30.340000000001943
1.5 4.5 2.75 30.350000000001945
1.5 4.5 3.0 30.360000000001946
1.5 4.5 3.25 30.370000000001948
1.5 4.5 3.5 30.38000000000195
1.5 4.5 3.75 30.39000000000195
1.5 4.5 4.0 30.400000000001953
1.5 4.5 4.25 30.410000000001954
1.5 4.5 4.5 30.420000000001956
1.5 4.5 4.75 30.430000000001957
1.5 4.5 5.0 30.44000000000196
1.5 4.75 0.0 30.45000000000196
1.5 4.75 0.25 30.460000000001962
1.5 4.75 0.5 30.470000000001964
1.5 4.75 0.75 30.480000000001965
1.5 4.75 1.0 30.490000000001967
1.5 4.75 1.25 30.500000000001968
1.5 4.75 1.5 30.51000000000197
1.5 4.75 1.75 30.52000000000197
1.5 4.75 2.0 30.530000000001973
1.5 4.75 2.25 30.540000000001974
1.5 4.75 2.5 30.550000000001976
1.5 4.75 2.75 30.560000000001978
1.5 4.75 3.0 30.57000000000198
1.5 4.75 3.25 30.58000000000198
1.5 4.75 3.5 30.590000000001982
1.5 4.75 3.75 30.600000000001984
1.5 4.75 4.0 30.610000000001985
1.5 4.75 4.25 30.620000000001987
1.5 4.75 4.5 30.63000000000199
1.5 4.75 4.75 30.64000000000199
1.5 4.75 5.0 30.65000000000199
1.5 5.0 0.0 30.660000000001993
1.5 5.0 0.25 30.670000000001995
1.5 5.0 0.5 30.680000000001996
1.5 5.0 0.75 30.690000000001998
1.5 5.0 1.0 30.700000000002
1.5 5.0 1.25 30.710000000002
1.5 5.0 1.5 30.720000000002003
1.5 5.0 1.75 30.730000000002004
1.5 5.0 2.0 30.740000000002006
1.5 5.0 2.25 30.750000000002007
1.5 5.0 2.5 30.76000000000201
1.5 5.0 2.75 30.77000000000201
1.5 5.0 3.0 30.780000000002012
1.5 5.0 3.25 30.790000000002014
1.5 5.0 3.5 30.800000000002015
1.5 5.0 3.75 30.810000000002017
1.5 5.0 4.0 30.82000000000202
1.5 5.0 4.25 30.83000000000202
1.5 5.0 4.5 30.84000000000202
1.5 5.0 4.75 30.850000000002023
1.5 5.0 5.0 30.860000000002024
1.75 0.0 0.0 30.870000000002026
1.75 0.0 0.25 30.880000000002028
1.75 0.0 0.5 30.89000000000203
1.75 0.0 0.75 30.90000000000203
1.75 0.0 1.0 30.910000000002032
1.75 0.0 1.25 30.920000000002034
1.75 0.0 1.5 30.930000000002035
1.75 0.0 1.75 30.940000000002037
1.75 0.0 2.0 30.95000000000204
1.75 0.0 2.25 30.96000000000204
1.75 0.0 2.5 30.97000000000204
1.75 0.0 2.75 30.980000000002043
1.75 0.0 3.0 30.990000000002045
1.75 0.0 3.25 31.000000000002046
1.75 0.0 3.5 31.010000000002048
1.75 0.0 3.75 31.02000000000205
1.75 0.0 4.0 31.03000000000205
1.75 0.0 4.25 31.040000000002053
1.75 0.0 4.5 31.050000000002054
1.75 0.0 4.75 31.060000000002056
1.75 0.0 5.0 31.070000000002057
1.75 0.25 0.0 31.08000000000206
1.75 0.25 0.25 31.09000000000206
1.75 0.25 0.5 31.100000000002062
1.75 0.25 0.75 31.110000000002064
1.75 0.25 1.0 31.120000000002065
1.75 0.25 1.25 31.130000000002067
1.75 0.25 1.5 31.14000000000207
1.75 0.25 1.75 31.15000000000207
1.75 0.25 2.0 31.16000000000207
1.75 0.25 2.25 31.170000000002073
1.75 0.25 2.5 31.180000000002075
1.75 0.25 2.75 31.190000000002076
1.75 0.25 3.0 31.200000000002078
1.75 0.25 3.25 31.21000000000208
1.75 0.25 3.5 31.22000000000208
1.75 0.25 3.75 31.230000000002082
1.75 0.25 4.0 31.240000000002084
1.75 0.25 4.25 31.250000000002085
1.75 0.25 4.5 31.260000000002087
1.75 0.25 4.75 31.27000000000209
1.75 0.25 5.0 31.28000000000209
1.75 0.5 0.0 31.29000000000209
1.75 0.5 0.25 31.300000000002093
1.75 0.5 0.5 31.310000000002095
1.75 0.5 0.75 31.320000000002096
1.75 0.5 1.0 31.330000000002098
1.75 0.5 1.25 31.3400000000021
1.75 0.5 1.5 31.3500000000021
1.75 0.5 1.75 31.360000000002103
1.75 0.5 2.0 31.370000000002104
1.75 0.5 2.25 31.380000000002106
1.75 0.5 2.5 31.390000000002107
1.75 0.5 2.75 31.40000000000211
1.75 0.5 3.0 31.41000000000211
1.75 0.5 3.25 31.420000000002112
1.75 0.5 3.5 31.430000000002114
1.75 0.5 3.75 31.440000000002115
1.75 0.5 4.0 31.450000000002117
1.75 0.5 4.25 31.46000000000212
1.75 0.5 4.5 31.47000000000212
1.75 0.5 4.75 31.48000000000212
1.75 0.5 5.0 31.490000000002123
1.75 0.75 0.0 31.500000000002125
1.75 0.75 0.25 31.510000000002126
1.75 0.75 0.5 31.520000000002128
1.75 0.75 0.75 31.53000000000213
1.75 0.75 1.0 31.54000000000213
1.75 0.75 1.25 31.550000000002132
1.75 0.75 1.5 31.560000000002134
1.75 0.75 1.75 31.570000000002135
1.75 0.75 2.0 31.580000000002137
1.75 0.75 2.25 31.59000000000214
1.75 0.75 2.5 31.60000000000214
1.75 0.75 2.75 31.61000000000214
1.75 0.75 3.0 31.620000000002143
1.75 0.75 3.25 31.630000000002145
1.75 0.75 3.5 31.640000000002146
1.75 0.75 3.75 31.650000000002148
1.75 0.75 4.0 31.66000000000215
1.75 0.75 4.25 31.67000000000215
1.75 0.75 4.5 31.680000000002153
1.75 0.75 4.75 31.690000000002154
1.75 0.75 5.0 31.700000000002156
1.75 1.0 0.0 31.710000000002157
1.75 1.0 0.25 31.72000000000216
1.75 1.0 0.5 31.73000000000216
1.75 1.0 0.75 31.740000000002162
1.75 1.0 1.0 31.750000000002164
1.75 1.0 1.25 31.760000000002165
1.75 1.0 1.5 31.770000000002167
1.75 1.0 1.75 31.78000000000217
1.75 1.0 2.0 31.79000000000217
1.75 1.0 2.25 31.80000000000217
1.75 1.0 2.5 31.810000000002173
1.75 1.0 2.75 31.820000000002175
1.75 1.0 3.0 31.830000000002176
1.75 1.0 3.25 31.840000000002178
1.75 1.0 3.5 31.85000000000218
1.75 1.0 3.75 31.86000000000218
1.75 1.0 4.0 31.870000000002182
1.75 1.0 4.25 31.880000000002184
1.75 1.0 4.5 31.890000000002185
1.75 1.0 4.75 31.900000000002187
1.75 1.0 5.0 31.91000000000219
1.75 1.25 0.0 31.92000000000219
1.75 1.25 0.25 31.93000000000219
1.75 1.25 0.5 31.940000000002193
1.75 1.25 0.75 31.950000000002195
1.75 1.25 1.0 31.960000000002196
1.75 1.25 1.25 31.970000000002198
1.75 1.25 1.5 31.9800000000022
1.75 1.25 1.75 31.9900000000022
1.75 1.25 2.0 32.0000000000022
1.75 1.25 2.25 32.0100000000022
1.75 1.25 2.5 32.0200000000022
1.75 1.25 2.75 32.0300000000022
1.75 1.25 3.0 32.040000000002195
1.75 1.25 3.25 32.05000000000219
1.75 1.25 3.5 32.06000000000219
1.75 1.25 3.75 32.07000000000219
1.75 1.25 4.0 32.08000000000219
1.75 1.25 4.25 32.090000000002185
1.75 1.25 4.5 32.10000000000218
1.75 1.25 4.75 32.11000000000218
1.75 1.25 5.0 32.12000000000218
1.75 1.5 0.0 32.13000000000218
1.75 1.5 0.25 32.140000000002175
1.75 1.5 0.5 32.15000000000217
1.75 1.5 0.75 32.16000000000217
1.75 1.5 1.0 32.17000000000217
1.75 1.5 1.25 32.18000000000217
1.75 1.5 1.5 32.190000000002165
1.75 1.5 1.75 32.20000000000216
1.75 1.5 2.0 32.21000000000216
1.75 1.5 2.25 32.22000000000216
1.75 1.5 2.5 32.23000000000216
1.75 1.5 2.75 32.240000000002155
1.75 1.5 3.0 32.25000000000215
1.75 1.5 3.25 32.26000000000215
1.75 1.5 3.5 32.27000000000215
1.75 1.5 3.75 32.28000000000215
1.75 1.5 4.0 32.290000000002145
1.75 1.5 4.25 32.30000000000214
1.75 1.5 4.5 32.31000000000214
1.75 1.5 4.75 32.32000000000214
1.75 1.5 5.0 32.33000000000214
1.75 1.75 0.0 32.340000000002135
1.75 1.75 0.25 32.35000000000213
1.75 1.75 0.5 32.36000000000213
1.75 1.75 0.75 32.37000000000213
1.75 1.75 1.0 32.38000000000213
1.75 1.75 1.25 32.390000000002125
1.75 1.75 1.5 32.40000000000212
1.75 1.75 1.75 32.41000000000212
1.75 1.75 2.0 32.42000000000212
1.75 1.75 2.25 32.43000000000212
1.75 1.75 2.5 32.440000000002115
1.75 1.75 2.75 32.45000000000211
1.75 1.75 3.0 32.46000000000211
1.75 1.75 3.25 32.47000000000211
1.75 1.75 3.5 32.48000000000211
1.75 1.75 3.75 32.490000000002105
1.75 1.75 4.0 32.5000000000021
1.75 1.75 4.25 32.5100000000021
1.75 1.75 4.5 32.5200000000021
1.75 1.75 4.75 32.5300000000021
1.75 1.75 5.0 32.540000000002095
1.75 2.0 0.0 32.55000000000209
1.75 2.0 0.25 32.56000000000209
1.75 2.0 0.5 32.57000000000209
1.75 2.0 0.75 32.58000000000209
1.75 2.0 1.0 32.590000000002085
1.75 2.0 1.25 32.60000000000208
1.75 2.0 1.5 32.61000000000208
1.75 2.0 1.75 32.62000000000208
1.75 2.0 2.0 32.63000000000208
1.75 2.0 2.25 32.640000000002075
1.75 2.0 2.5 32.65000000000207
1.75 2.0 2.75 32.66000000000207
1.75 2.0 3.0 32.67000000000207
1.75 2.0 3.25 32.68000000000207
1.75 2.0 3.5 32.690000000002065
1.75 2.0 3.75 32.70000000000206
1.75 2.0 4.0 32.71000000000206
1.75 2.0 4.25 32.72000000000206
1.75 2.0 4.5 32.73000000000206
1.75 2.0 4.75 32.740000000002055
1.75 2.0 5.0 32.75000000000205
1.75 2.25 0.0 32.76000000000205
1.75 2.25 0.25 32.77000000000205
1.75 2.25 0.5 32.78000000000205
1.75 2.25 0.75 32.790000000002046
1.75 2.25 1.0 32.80000000000204
1.75 2.25 1.25 32.81000000000204
1.75 2.25 1.5 32.82000000000204
1.75 2.25 1.75 32.83000000000204
1.75 2.25 2.0 32.840000000002036
1.75 2.25 2.25 32.850000000002034
1.75 2.25 2.5 32.86000000000203
1.75 2.25 2.75 32.87000000000203
1.75 2.25 3.0 32.88000000000203
1.75 2.25 3.25 32.890000000002026
1.75 2.25 3.5 32.900000000002024
1.75 2.25 3.75 32.91000000000202
1.75 2.25 4.0 32.92000000000202
1.75 2.25 4.25 32.93000000000202
1.75 2.25 4.5 32.940000000002016
1.75 2.25 4.75 32.950000000002014
1.75 2.25 5.0 32.96000000000201
1.75 2.5 0.0 32.97000000000201
1.75 2.5 0.25 32.98000000000201
1.75 2.5 0.5 32.990000000002006
1.75 2.5 0.75 33.000000000002004
1.75 2.5 1.0 33.010000000002
1.75 2.5 1.25 33.020000000002
1.75 2.5 1.5 33.030000000002
1.75 2.5 1.75 33.040000000001996
1.75 2.5 2.0 33.050000000001994
1.75 2.5 2.25 33.06000000000199
1.75 2.5 2.5 33.07000000000199
1.75 2.5 2.75 33.08000000000199
1.75 2.5 3.0 33.090000000001986
1.75 2.5 3.25 33.100000000001984
1.75 2.5 3.5 33.11000000000198
1.75 2.5 3.75 33.12000000000198
1.75 2.5 4.0 33.13000000000198
1.75 2.5 4.25 33.140000000001976
1.75 2.5 4.5 33.150000000001974
1.75 2.5 4.75 33.16000000000197
1.75 2.5 5.0 33.17000000000197
1.75 2.75 0.0 33.18000000000197
1.75 2.75 0.25 33.190000000001966
1.75 2.75 0.5 33.200000000001964
1.75 2.75 0.75 33.21000000000196
1.75 2.75 1.0 33.22000000000196
1.75 2.75 1.25 33.23000000000196
1.75 2.75 1.5 33.240000000001956
1.75 2.75 1.75 33.250000000001954
1.75 2.75 2.0 33.26000000000195
1.75 2.75 2.25 33.27000000000195
1.75 2.75 2.5 33.28000000000195
1.75 2.75 2.75 33.290000000001946
1.75 2.75 3.0 33.300000000001944
1.75 2.75 3.25 33.31000000000194
1.75 2.75 3.5 33.32000000000194
1.75 2.75 3.75 33.33000000000194
1.75 2.75 4.0 33.340000000001936
1.75 2.75 4.25 33.350000000001934
1.75 2.75 4.5 33.36000000000193
1.75 2.75 4.75 33.37000000000193
1.75 2.75 5.0 33.38000000000193
1.75 3.0 0.0 33.390000000001926
1.75 3.0 0.25 33.400000000001924
1.75 3.0 0.5 33.41000000000192
1.75 3.0 0.75 33.42000000000192
1.75 3.0 1.0 33.43000000000192
1.75 3.0 1.25 33.440000000001916
1.75 3.0 1.5 33.450000000001914
1.75 3.0 1.75 33.46000000000191
1.75 3.0 2.0 33.47000000000191
1.75 3.0 2.25 33.48000000000191
1.75 3.0 2.5 33.490000000001906
1.75 3.0 2.75 33.500000000001904
1.75 3.0 3.0 33.5100000000019
1.75 3.0 3.25 33.5200000000019
1.75 3.0 3.5 33.5300000000019
1.75 3.0 3.75 33.540000000001896
1.75 3.0 4.0 33.550000000001894
1.75 3.0 4.25 33.56000000000189
1.75 3.0 4.5 33.57000000000189
1.75 3.0 4.75 33.58000000000189
1.75 3.0 5.0 33.590000000001886
1.75 3.25 0.0 33.600000000001884
1.75 3.25 0.25 33.61000000000188
1.75 3.25 0.5 33.62000000000188
1.75 3.25 0.75 33.63000000000188
1.75 3.25 1.0 33.640000000001876
1.75 3.25 1.25 33.650000000001874
1.75 3.25 1.5 33.66000000000187
1.75 3.25 1.75 33.67000000000187
1.75 3.25 2.0 33.68000000000187
1.75 3.25 2.25 33.69000000000187
1.75 3.25 2.5 33.700000000001864
1.75 3.25 2.75 33.71000000000186
1.75 3.25 3.0 33.72000000000186
1.75 3.25 3.25 33.73000000000186
1.75 3.25 3.5 33.74000000000186
1.75 3.25 3.75 33.750000000001855
1.75 3.25 4.0 33.76000000000185
1.75 3.25 4.25 33.77000000000185
1.75 3.25 4.5 33.78000000000185
1.75 3.25 4.75 33.79000000000185
1.75 3.25 5.0 33.800000000001845
1.75 3.5 0.0 33.81000000000184
1.75 3.5 0.25 33.82000000000184
1.75 3.5 0.5 33.83000000000184
1.75 3.5 0.75 33.84000000000184
1.75 3.5 1.0 33.850000000001835
1.75 3.5 1.25 33.86000000000183
1.75 3.5 1.5 33.87000000000183
1.75 3.5 1.75 33.88000000000183
1.75 3.5 2.0 33.89000000000183
1.75 3.5 2.25 33.900000000001825
1.75 3.5 2.5 33.91000000000182
1.75 3.5 2.75 33.92000000000182
1.75 3.5 3.0 33.93000000000182
1.75 3.5 3.25 33.94000000000182
1.75 3.5 3.5 33.950000000001815
1.75 3.5 3.75 33.96000000000181
1.75 3.5 4.0 33.97000000000181
1.75 3.5 4.25 33.98000000000181
1.75 3.5 4.5 33.99000000000181
1.75 3.5 4.75 34.000000000001805
1.75 3.5 5.0 34.0100000000018
1.75 3.75 0.0 34.0200000000018
1.75 3.75 0.25 34.0300000000018
1.75 3.75 0.5 34.0400000000018
1.75 3.75 0.75 34.050000000001795
1.75 3.75 1.0 34.06000000000179
1.75 3.75 1.25 34.07000000000179
1.75 3.75 1.5 34.08000000000179
1.75 3.75 1.75 34.09000000000179
1.75 3.75 2.0 34.100000000001785
1.75 3.75 2.25 34.11000000000178
1.75 3.75 2.5 34.12000000000178
1.75 3.75 2.75 34.13000000000178
1.75 3.75 3.0 34.14000000000178
1.75 3.75 3.25 34.150000000001775
1.75 3.75 3.5 34.16000000000177
1.75 3.75 3.75 34.17000000000177
1.75 3.75 4.0 34.18000000000177
1.75 3.75 4.25 34.19000000000177
1.75 3.75 4.5 34.200000000001765
1.75 3.75 4.75 34.21000000000176
1.75 3.75 5.0 34.22000000000176
1.75 4.0 0.0 34.23000000000176
1.75 4.0 0.25 34.24000000000176
1.75 4.0 0.5 34.250000000001755
1.75 4.0 0.75 34.26000000000175
1.75 4.0 1.0 34.27000000000175
1.75 4.0 1.25 34.28000000000175
1.75 4.0 1.5 34.29000000000175
1.75 4.0 1.75 34.300000000001745
1.75 4.0 2.0 34.31000000000174
1.75 4.0 2.25 34.32000000000174
1.75 4.0 2.5 34.33000000000174
1.75 4.0 2.75 34.34000000000174
1.75 4.0 3.0 34.350000000001735
1.75 4.0 3.25 34.36000000000173
1.75 4.0 3.5 34.37000000000173
1.75 4.0 3.75 34.38000000000173
1.75 4.0 4.0 34.39000000000173
1.75 4.0 4.25 34.400000000001725
1.75 4.0 4.5 34.41000000000172
1.75 4.0 4.75 34.42000000000172
1.75 4.0 5.0 34.43000000000172
1.75 4.25 0.0 34.44000000000172
1.75 4.25 0.25 34.450000000001715
1.75 4.25 0.5 34.46000000000171
1.75 4.25 0.75 34.47000000000171
1.75 4.25 1.0 34.48000000000171
1.75 4.25 1.25 34.49000000000171
1.75 4.25 1.5 34.500000000001705
1.75 4.25 1.75 34.5100000000017
1.75 4.25 2.0 34.5200000000017
1.75 4.25 2.25 34.5300000000017
1.75 4.25 2.5 34.5400000000017
1.75 4.25 2.75 34.550000000001695
1.75 4.25 3.0 34.56000000000169
1.75 4.25 3.25 34.57000000000169
1.75 4.25 3.5 34.58000000000169
1.75 4.25 3.75 34.59000000000169
1.75 4.25 4.0 34.600000000001685
1.75 4.25 4.25 34.61000000000168
1.75 4.25 4.5 34.62000000000168
1.75 4.25 4.75 34.63000000000168
1.75 4.25 5.0 34.64000000000168
1.75 4.5 0.0 34.650000000001675
1.75 4.5 0.25 34.66000000000167
1.75 4.5 0.5 34.67000000000167
1.75 4.5 0.75 34.68000000000167
1.75 4.5 1.0 34.69000000000167
1.75 4.5 1.25 34.700000000001666
1.75 4.5 1.5 34.71000000000166
1.75 4.5 1.75 34.72000000000166
1.75 4.5 2.0 34.73000000000166
1.75 4.5 2.25 34.74000000000166
1.75 4.5 2.5 34.750000000001656
1.75 4.5 2.75 34.760000000001654
1.75 4.5 3.0 34.77000000000165
1.75 4.5 3.25 34.78000000000165
1.75 4.5 3.5 34.79000000000165
1.75 4.5 3.75 34.800000000001646
1.75 4.5 4.0 34.810000000001644
1.75 4.5 4.25 34.82000000000164
1.75 4.5 4.5 34.83000000000164
1.75 4.5 4.75 34.84000000000164
1.75 4.5 5.0 34.850000000001636
1.75 4.75 0.0 34.860000000001634
1.75 4.75 0.25 34.87000000000163
1.75 4.75 0.5 34.88000000000163
1.75 4.75 0.75 34.89000000000163
1.75 4.75 1.0 34.900000000001626
1.75 4.75 1.25 34.910000000001624
1.75 4.75 1.5 34.92000000000162
1.75 4.75 1.75 34.93000000000162
1.75 4.75 2.0 34.94000000000162
1.75 4.75 2.25 34.950000000001616
1.75 4.75 2.5 34.960000000001614
1.75 4.75 2.75 34.97000000000161
1.75 4.75 3.0 34.98000000000161
1.75 4.75 3.25 34.99000000000161
1.75 4.75 3.5 35.000000000001606
1.75 4.75 3.75 35.010000000001604
1.75 4.75 4.0 35.0200000000016
1.75 4.75 4.25 35.0300000000016
1.75 4.75 4.5 35.0400000000016
1.75 4.75 4.75 35.050000000001596
1.75 4.75 5.0 35.060000000001594
1.75 5.0 0.0 35.07000000000159
1.75 5.0 0.25 35.08000000000159
1.75 5.0 0.5 35.09000000000159
1.75 5.0 0.75 35.100000000001586
1.75 5.0 1.0 35.110000000001584
1.75 5.0 1.25 35.12000000000158
1.75 5.0 1.5 35.13000000000158
1.75 5.0 1.75 35.14000000000158
1.75 5.0 2.0 35.150000000001576
1.75 5.0 2.25 35.160000000001574
1.75 5.0 2.5 35.17000000000157
1.75 5.0 2.75 35.18000000000157
1.75 5.0 3.0 35.19000000000157
1.75 5.0 3.25 35.200000000001566
1.75 5.0 3.5 35.210000000001564
1.75 5.0 3.75 35.22000000000156
1.75 5.0 4.0 35.23000000000156
1.75 5.0 4.25 35.24000000000156
1.75 5.0 4.5 35.250000000001556
1.75 5.0 4.75 35.260000000001554
1.75 5.0 5.0 35.27000000000155
2.0 0.0 0.0 35.28000000000155
2.0 0.0 0.25 35.29000000000155
2.0 0.0 0.5 35.300000000001546
2.0 0.0 0.75 35.310000000001544
2.0 0.0 1.0 35.32000000000154
2.0 0.0 1.25 35.33000000000154
2.0 0.0 1.5 35.34000000000154
2.0 0.0 1.75 35.350000000001536
2.0 0.0 2.0 35.360000000001534
2.0 0.0 2.25 35.37000000000153
2.0 0.0 2.5 35.38000000000153
2.0 0.0 2.75 35.39000000000153
2.0 0.0 3.0 35.400000000001526
2.0 0.0 3.25 35.410000000001524
2.0 0.0 3.5 35.42000000000152
2.0 0.0 3.75 35.43000000000152
2.0 0.0 4.0 35.44000000000152
2.0 0.0 4.25 35.450000000001516
2.0 0.0 4.5 35.460000000001514
2.0 0.0 4.75 35.47000000000151
2.0 0.0 5.0 35.48000000000151
2.0 0.25 0.0 35.49000000000151
2.0 0.25 0.25 35.500000000001506
2.0 0.25 0.5 35.510000000001504
2.0 0.25 0.75 35.5200000000015
2.0 0.25 1.0 35.5300000000015
2.0 0.25 1.25 35.5400000000015
2.0 0.25 1.5 35.550000000001496
2.0 0.25 1.75 35.560000000001494
2.0 0.25 2.0 35.57000000000149
2.0 0.25 2.25 35.58000000000149
2.0 0.25 2.5 35.59000000000149
2.0 0.25 2.75 35.60000000000149
2.0 0.25 3.0 35.610000000001484
2.0 0.25 3.25 35.62000000000148
2.0 0.25 3.5 35.63000000000148
2.0 0.25 3.75 35.64000000000148
2.0 0.25 4.0 35.65000000000148
2.0 0.25 4.25 35.660000000001475
2.0 0.25 4.5 35.67000000000147
2.0 0.25 4.75 35.68000000000147
2.0 0.25 5.0 35.69000000000147
2.0 0.5 0.0 35.70000000000147
2.0 0.5 0.25 35.710000000001465
2.0 0.5 0.5 35.72000000000146
2.0 0.5 0.75 35.73000000000146
2.0 0.5 1.0 35.74000000000146
2.0 0.5 1.25 35.75000000000146
2.0 0.5 1.5 35.760000000001455
2.0 0.5 1.75 35.77000000000145
2.0 0.5 2.0 35.78000000000145
2.0 0.5 2.25 35.79000000000145
2.0 0.5 2.5 35.80000000000145
2.0 0.5 2.75 35.810000000001445
2.0 0.5 3.0 35.82000000000144
2.0 0.5 3.25 35.83000000000144
2.0 0.5 3.5 35.84000000000144
2.0 0.5 3.75 35.85000000000144
2.0 0.5 4.0 35.860000000001435
2.0 0.5 4.25 35.87000000000143
2.0 0.5 4.5 35.88000000000143
2.0 0.5 4.75 35.89000000000143
2.0 0.5 5.0 35.90000000000143
2.0 0.75 0.0 35.910000000001425
2.0 0.75 0.25 35.92000000000142
2.0 0.75 0.5 35.93000000000142
2.0 0.75 0.75 35.94000000000142
2.0 0.75 1.0 35.95000000000142
2.0 0.75 1.25 35.960000000001415
2.0 0.75 1.5 35.97000000000141
2.0 0.75 1.75 35.98000000000141
2.0 0.75 2.0 35.99000000000141
2.0 0.75 2.25 36.00000000000141
2.0 0.75 2.5 36.010000000001405
2.0 0.75 2.75 36.0200000000014
2.0 0.75 3.0 36.0300000000014
2.0 0.75 3.25 36.0400000000014
2.0 0.75 3.5 36.0500000000014
2.0 0.75 3.75 36.060000000001395
2.0 0.75 4.0 36.07000000000139
2.0 0.75 4.25 36.08000000000139
2.0 0.75 4.5 36.09000000000139
2.0 0.75 4.75 36.10000000000139
2.0 0.75 5.0 36.110000000001385
2.0 1.0 0.0 36.12000000000138
2.0 1.0 0.25 36.13000000000138
2.0 1.0 0.5 36.14000000000138
2.0 1.0 0.75 36.15000000000138
2.0 1.0 1.0 36.160000000001375
2.0 1.0 1.25 36.17000000000137
2.0 1.0 1.5 36.18000000000137
2.0 1.0 1.75 36.19000000000137
2.0 1.0 2.0 36.20000000000137
2.0 1.0 2.25 36.210000000001365
2.0 1.0 2.5 36.22000000000136
2.0 1.0 2.75 36.23000000000136
2.0 1.0 3.0 36.24000000000136
2.0 1.0 3.25 36.25000000000136
2.0 1.0 3.5 36.260000000001355
2.0 1.0 3.75 36.27000000000135
2.0 1.0 4.0 36.28000000000135
2.0 1.0 4.25 36.29000000000135
2.0 1.0 4.5 36.30000000000135
2.0 1.0 4.75 36.310000000001345
2.0 1.0 5.0 36.32000000000134
2.0 1.25 0.0 36.33000000000134
2.0 1.25 0.25 36.34000000000134
2.0 1.25 0.5 36.35000000000134
2.0 1.25 0.75 36.360000000001335
2.0 1.25 1.0 36.37000000000133
2.0 1.25 1.25 36.38000000000133
2.0 1.25 1.5 36.39000000000133
2.0 1.25 1.75 36.40000000000133
2.0 1.25 2.0 36.410000000001325
2.0 1.25 2.25 36.42000000000132
2.0 1.25 2.5 36.43000000000132
2.0 1.25 2.75 36.44000000000132
2.0 1.25 3.0 36.45000000000132
2.0 1.25 3.25 36.460000000001315
2.0 1.25 3.5 36.47000000000131
2.0 1.25 3.75 36.48000000000131
2.0 1.25 4.0 36.49000000000131
2.0 1.25 4.25 36.50000000000131
2.0 1.25 4.5 36.510000000001305
2.0 1.25 4.75 36.5200000000013
2.0 1.25 5.0 36.5300000000013
2.0 1.5 0.0 36.5400000000013
2.0 1.5 0.25 36.5500000000013
2.0 1.5 0.5 36.560000000001295
2.0 1.5 0.75 36.57000000000129
2.0 1.5 1.0 36.58000000000129
2.0 1.5 1.25 36.59000000000129
2.0 1.5 1.5 36.60000000000129
2.0 1.5 1.75 36.610000000001286
2.0 1.5 2.0 36.62000000000128
2.0 1.5 2.25 36.63000000000128
2.0 1.5 2.5 36.64000000000128
2.0 1.5 2.75 36.65000000000128
2.0 1.5 3.0 36.660000000001276
2.0 1.5 3.25 36.670000000001274
2.0 1.5 3.5 36.68000000000127
2.0 1.5 3.75 36.69000000000127
2.0 1.5 4.0 36.70000000000127
2.0 1.5 4.25 36.710000000001266
2.0 1.5 4.5 36.720000000001264
2.0 1.5 4.75 36.73000000000126
2.0 1.5 5.0 36.74000000000126
2.0 1.75 0.0 36.75000000000126
2.0 1.75 0.25 36.760000000001256
2.0 1.75 0.5 36.770000000001254
2.0 1.75 0.75 36.78000000000125
2.0 1.75 1.0 36.79000000000125
2.0 1.75 1.25 36.80000000000125
2.0 1.75 1.5 36.810000000001246
2.0 1.75 1.75 36.820000000001244
2.0 1.75 2.0 36.83000000000124
2.0 1.75 2.25 36.84000000000124
2.0 1.75 2.5 36.85000000000124
2.0 1.75 2.75 36.860000000001236
2.0 1.75 3.0 36.870000000001234
2.0 1.75 3.25 36.88000000000123
2.0 1.75 3.5 36.89000000000123
2.0 1.75 3.75 36.90000000000123
2.0 1.75 4.0 36.910000000001226
2.0 1.75 4.25 36.920000000001224
2.0 1.75 4.5 36.93000000000122
2.0 1.75 4.75 36.94000000000122
2.0 1.75 5.0 36.95000000000122
2.0 2.0 0.0 36.960000000001216
2.0 2.0 0.25 36.970000000001214
2.0 2.0 0.5 36.98000000000121
2.0 2.0 0.75 36.99000000000121
2.0 2.0 1.0 37.00000000000121
2.0 2.0 1.25 37.010000000001206
2.0 2.0 1.5 37.020000000001204
2.0 2.0 1.75 37.0300000000012
2.0 2.0 2.0 37.0400000000012
2.0 2.0 2.25 37.0500000000012
2.0 2.0 2.5 37.060000000001196
2.0 2.0 2.75 37.070000000001194
2.0 2.0 3.0 37.08000000000119
2.0 2.0 3.25 37.09000000000119
2.0 2.0 3.5 37.10000000000119
2.0 2.0 3.75 37.110000000001186
2.0 2.0 4.0 37.120000000001184
2.0 2.0 4.25 37.13000000000118
2.0 2.0 4.5 37.14000000000118
2.0 2.0 4.75 37.15000000000118
2.0 2.0 5.0 37.160000000001176
2.0 2.25 0.0 37.170000000001174
2.0 2.25 0.25 37.18000000000117
2.0 2.25 0.5 37.19000000000117
2.0 2.25 0.75 37.20000000000117
2.0 2.25 1.0 37.210000000001166
2.0 2.25 1.25 37.220000000001164
2.0 2.25 1.5 37.23000000000116
2.0 2.25 1.75 37.24000000000116
2.0 2.25 2.0 37.25000000000116
2.0 2.25 2.25 37.260000000001156
2.0 2.25 2.5 37.270000000001154
2.0 2.25 2.75 37.28000000000115
2.0 2.25 3.0 37.29000000000115
2.0 2.25 3.25 37.30000000000115
2.0 2.25 3.5 37.310000000001146
2.0 2.25 3.75 37.320000000001144
2.0 2.25 4.0 37.33000000000114
2.0 2.25 4.25 37.34000000000114
2.0 2.25 4.5 37.35000000000114
2.0 2.25 4.75 37.360000000001136
2.0 2.25 5.0 37.370000000001134
2.0 2.5 0.0 37.38000000000113
2.0 2.5 0.25 37.39000000000113
2.0 2.5 0.5 37.40000000000113
2.0 2.5 0.75 37.410000000001126
2.0 2.5 1.0 37.420000000001124
2.0 2.5 1.25 37.43000000000112
2.0 2.5 1.5 37.44000000000112
2.0 2.5 1.75 37.45000000000112
2.0 2.5 2.0 37.460000000001116
2.0 2.5 2.25 37.470000000001114
2.0 2.5 2.5 37.48000000000111
2.0 2.5 2.75 37.49000000000111
2.0 2.5 3.0 37.50000000000111
2.0 2.5 3.25 37.51000000000111
2.0 2.5 3.5 37.520000000001104
2.0 2.5 3.75 37.5300000000011
2.0 2.5 4.0 37.5400000000011
2.0 2.5 4.25 37.5500000000011
2.0 2.5 4.5 37.5600000000011
2.0 2.5 4.75 37.570000000001095
2.0 2.5 5.0 37.58000000000109
2.0 2.75 0.0 37.59000000000109
2.0 2.75 0.25 37.60000000000109
2.0 2.75 0.5 37.61000000000109
2.0 2.75 0.75 37.620000000001085
2.0 2.75 1.0 37.63000000000108
2.0 2.75 1.25 37.64000000000108
2.0 2.75 1.5 37.65000000000108
2.0 2.75 1.75 37.66000000000108
2.0 2.75 2.0 37.670000000001075
2.0 2.75 2.25 37.68000000000107
2.0 2.75 2.5 37.69000000000107
2.0 2.75 2.75 37.70000000000107
2.0 2.75 3.0 37.71000000000107
2.0 2.75 3.25 37.720000000001065
2.0 2.75 3.5 37.73000000000106
2.0 2.75 3.75 37.74000000000106
2.0 2.75 4.0 37.75000000000106
2.0 2.75 4.25 37.76000000000106
2.0 2.75 4.5 37.770000000001055
2.0 2.75 4.75 37.78000000000105
2.0 2.75 5.0 37.79000000000105
2.0 3.0 0.0 37.80000000000105
2.0 3.0 0.25 37.81000000000105
2.0 3.0 0.5 37.820000000001045
2.0 3.0 0.75 37.83000000000104
2.0 3.0 1.0 37.84000000000104
2.0 3.0 1.25 37.85000000000104
2.0 3.0 1.5 37.86000000000104
2.0 3.0 1.75 37.870000000001035
2.0 3.0 2.0 37.88000000000103
2.0 3.0 2.25 37.89000000000103
2.0 3.0 2.5 37.90000000000103
2.0 3.0 2.75 37.91000000000103
2.0 3.0 3.0 37.920000000001025
2.0 3.0 3.25 37.93000000000102
2.0 3.0 3.5 37.94000000000102
2.0 3.0 3.75 37.95000000000102
2.0 3.0 4.0 37.96000000000102
2.0 3.0 4.25 37.970000000001015
2.0 3.0 4.5 37.98000000000101
2.0 3.0 4.75 37.99000000000101
2.0 3.0 5.0 38.00000000000101
2.0 3.25 0.0 38.01000000000101
2.0 3.25 0.25 38.020000000001005
2.0 3.25 0.5 38.030000000001
2.0 3.25 0.75 38.040000000001
2.0 3.25 1.0 38.050000000001
2.0 3.25 1.25 38.060000000001
2.0 3.25 1.5 38.070000000000995
2.0 3.25 1.75 38.08000000000099
2.0 3.25 2.0 38.09000000000099
2.0 3.25 2.25 38.10000000000099
2.0 3.25 2.5 38.11000000000099
2.0 3.25 2.75 38.120000000000985
2.0 3.25 3.0 38.13000000000098
2.0 3.25 3.25 38.14000000000098
2.0 3.25 3.5 38.15000000000098
2.0 3.25 3.75 38.16000000000098
2.0 3.25 4.0 38.170000000000975
2.0 3.25 4.25 38.18000000000097
2.0 3.25 4.5 38.19000000000097
2.0 3.25 4.75 38.20000000000097
2.0 3.25 5.0 38.21000000000097
2.0 3.5 0.0 38.220000000000965
2.0 3.5 0.25 38.23000000000096
2.0 3.5 0.5 38.24000000000096
2.0 3.5 0.75 38.25000000000096
2.0 3.5 1.0 38.26000000000096
2.0 3.5 1.25 38.270000000000955
2.0 3.5 1.5 38.28000000000095
2.0 3.5 1.75 38.29000000000095
2.0 3.5 2.0 38.30000000000095
2.0 3.5 2.25 38.31000000000095
2.0 3.5 2.5 38.320000000000945
2.0 3.5 2.75 38.33000000000094
2.0 3.5 3.0 38.34000000000094
2.0 3.5 3.25 38.35000000000094
2.0 3.5 3.5 38.36000000000094
2.0 3.5 3.75 38.370000000000935
2.0 3.5 4.0 38.38000000000093
2.0 3.5 4.25 38.39000000000093
2.0 3.5 4.5 38.40000000000093
2.0 3.5 4.75 38.41000000000093
2.0 3.5 5.0 38.420000000000925
2.0 3.75 0.0 38.43000000000092
2.0 3.75 0.25 38.44000000000092
2.0 3.75 0.5 38.45000000000092
2.0 3.75 0.75 38.46000000000092
2.0 3.75 1.0 38.470000000000915
2.0 3.75 1.25 38.48000000000091
2.0 3.75 1.5 38.49000000000091
2.0 3.75 1.75 38.50000000000091
2.0 3.75 2.0 38.51000000000091
2.0 3.75 2.25 38.520000000000906
2.0 3.75 2.5 38.5300000000009
2.0 3.75 2.75 38.5400000000009
2.0 3.75 3.0 38.5500000000009
2.0 3.75 3.25 38.5600000000009
2.0 3.75 3.5 38.570000000000896
2.0 3.75 3.75 38.580000000000894
2.0 3.75 4.0 38.59000000000089
2.0 3.75 4.25 38.60000000000089
2.0 3.75 4.5 38.61000000000089
2.0 3.75 4.75 38.620000000000886
2.0 3.75 5.0 38.630000000000884
2.0 4.0 0.0 38.64000000000088
2.0 4.0 0.25 38.65000000000088
2.0 4.0 0.5 38.66000000000088
2.0 4.0 0.75 38.670000000000876
2.0 4.0 1.0 38.680000000000874
2.0 4.0 1.25 38.69000000000087
2.0 4.0 1.5 38.70000000000087
2.0 4.0 1.75 38.71000000000087
2.0 4.0 2.0 38.720000000000866
2.0 4.0 2.25 38.730000000000864
2.0 4.0 2.5 38.74000000000086
2.0 4.0 2.75 38.75000000000086
2.0 4.0 3.0 38.76000000000086
2.0 4.0 3.25 38.770000000000856
2.0 4.0 3.5 38.780000000000854
2.0 4.0 3.75 38.79000000000085
2.0 4.0 4.0 38.80000000000085
2.0 4.0 4.25 38.81000000000085
2.0 4.0 4.5 38.820000000000846
2.0 4.0 4.75 38.830000000000844
2.0 4.0 5.0 38.84000000000084
2.0 4.25 0.0 38.85000000000084
2.0 4.25 0.25 38.86000000000084
2.0 4.25 0.5 38.870000000000836
2.0 4.25 0.75 38.880000000000834
2.0 4.25 1.0 38.89000000000083
2.0 4.25 1.25 38.90000000000083
2.0 4.25 1.5 38.91000000000083
2.0 4.25 1.75 38.920000000000826
2.0 4.25 2.0 38.930000000000824
2.0 4.25 2.25 38.94000000000082
2.0 4.25 2.5 38.95000000000082
2.0 4.25 2.75 38.96000000000082
2.0 4.25 3.0 38.970000000000816
2.0 4.25 3.25 38.980000000000814
2.0 4.25 3.5 38.99000000000081
2.0 4.25 3.75 39.00000000000081
2.0 4.25 4.0 39.01000000000081
2.0 4.25 4.25 39.020000000000806
2.0 4.25 4.5 39.030000000000804
2.0 4.25 4.75 39.0400000000008
2.0 4.25 5.0 39.0500000000008
2.0 4.5 0.0 39.0600000000008
2.0 4.5 0.25 39.070000000000796
2.0 4.5 0.5 39.080000000000794
2.0 4.5 0.75 39.09000000000079
2.0 4.5 1.0 39.10000000000079
2.0 4.5 1.25 39.11000000000079
2.0 4.5 1.5 39.120000000000786
2.0 4.5 1.75 39.130000000000784
2.0 4.5 2.0 39.14000000000078
2.0 4.5 2.25 39.15000000000078
2.0 4.5 2.5 39.16000000000078
2.0 4.5 2.75 39.170000000000776
2.0 4.5 3.0 39.180000000000774
2.0 4.5 3.25 39.19000000000077
2.0 4.5 3.5 39.20000000000077
2.0 4.5 3.75 39.21000000000077
2.0 4.5 4.0 39.220000000000766
2.0 4.5 4.25 39.230000000000764
2.0 4.5 4.5 39.24000000000076
2.0 4.5 4.75 39.25000000000076
2.0 4.5 5.0 39.26000000000076
2.0 4.75 0.0 39.270000000000756
2.0 4.75 0.25 39.280000000000754
2.0 4.75 0.5 39.29000000000075
2.0 4.75 0.75 39.30000000000075
2.0 4.75 1.0 39.31000000000075
2.0 4.75 1.25 39.320000000000746
2.0 4.75 1.5 39.330000000000744
2.0 4.75 1.75 39.34000000000074
2.0 4.75 2.0 39.35000000000074
2.0 4.75 2.25 39.36000000000074
2.0 4.75 2.5 39.370000000000736
2.0 4.75 2.75 39.380000000000734
2.0 4.75 3.0 39.39000000000073
2.0 4.75 3.25 39.40000000000073
2.0 4.75 3.5 39.41000000000073
2.0 4.75 3.75 39.42000000000073
2.0 4.75 4.0 39.430000000000724
2.0 4.75 4.25 39.44000000000072
2.0 4.75 4.5 39.45000000000072
2.0 4.75 4.75 39.46000000000072
2.0 4.75 5.0 39.47000000000072
2.0 5.0 0.0 39.480000000000715
2.0 5.0 0.25 39.49000000000071
2.0 5.0 0.5 39.50000000000071
2.0 5.0 0.75 39.51000000000071
2.0 5.0 1.0 39.52000000000071
2.0 5.0 1.25 39.530000000000705
2.0 5.0 1.5 39.5400000000007
2.0 5.0 1.75 39.5500000000007
2.0 5.0 2.0 39.5600000000007
2.0 5.0 2.25 39.5700000000007
2.0 5.0 2.5 39.580000000000695
2.0 5.0 2.75 39.59000000000069
2.0 5.0 3.0 39.60000000000069
2.0 5.0 3.25 39.61000000000069
2.0 5.0 3.5 39.62000000000069
2.0 5.0 3.75 39.630000000000685
2.0 5.0 4.0 39.64000000000068
2.0 5.0 4.25 39.65000000000068
2.0 5.0 4.5 39.66000000000068
2.0 5.0 4.75 39.67000000000068
2.0 5.0 5.0 39.680000000000675
2.25 0.0 0.0 39.69000000000067
2.25 0.0 0.25 39.70000000000067
2.25 0.0 0.5 39.71000000000067
2.25 0.0 0.75 39.72000000000067
2.25 0.0 1.0 39.730000000000665
2.25 0.0 1.25 39.74000000000066
2.25 0.0 1.5 39.75000000000066
2.25 0.0 1.75 39.76000000000066
2.25 0.0 2.0 39.77000000000066
2.25 0.0 2.25 39.780000000000655
2.25 0.0 2.5 39.79000000000065
2.25 0.0 2.75 39.80000000000065
2.25 0.0 3.0 39.81000000000065
2.25 0.0 3.25 39.82000000000065
2.25 0.0 3.5 39.830000000000645
2.25 0.0 3.75 39.84000000000064
2.25 0.0 4.0 39.85000000000064
2.25 0.0 4.25 39.86000000000064
2.25 0.0 4.5 39.87000000000064
2.25 0.0 4.75 39.880000000000635
2.25 0.0 5.0 39.89000000000063
2.25 0.25 0.0 39.90000000000063
2.25 0.25 0.25 39.91000000000063
2.25 0.25 0.5 39.92000000000063
2.25 0.25 0.75 39.930000000000625
2.25 0.25 1.0 39.94000000000062
2.25 0.25 1.25 39.95000000000062
2.25 0.25 1.5 39.96000000000062
2.25 0.25 1.75 39.97000000000062
2.25 0.25 2.0 39.980000000000615
2.25 0.25 2.25 39.99000000000061
2.25 0.25 2.5 40.00000000000061
2.25 0.25 2.75 40.01000000000061
2.25 0.25 3.0 40.02000000000061
2.25 0.25 3.25 40.030000000000605
2.25 0.25 3.5 40.0400000000006
2.25 0.25 3.75 40.0500000000006
2.25 0.25 4.0 40.0600000000006
2.25 0.25 4.25 40.0700000000006
2.25 0.25 4.5 40.080000000000595
2.25 0.25 4.75 40.09000000000059
2.25 0.25 5.0 40.10000000000059
2.25 0.5 0.0 40.11000000000059
2.25 0.5 0.25 40.12000000000059
2.25 0.5 0.5 40.130000000000585
2.25 0.5 0.75 40.14000000000058
2.25 0.5 1.0 40.15000000000058
2.25 0.5 1.25 40.16000000000058
2.25 0.5 1.5 40.17000000000058
2.25 0.5 1.75 40.180000000000575
2.25 0.5 2.0 40.19000000000057
2.25 0.5 2.25 40.20000000000057
2.25 0.5 2.5 40.21000000000057
2.25 0.5 2.75 40.22000000000057
2.25 0.5 3.0 40.230000000000565
2.25 0.5 3.25 40.24000000000056
2.25 0.5 3.5 40.25000000000056
2.25 0.5 3.75 40.26000000000056
2.25 0.5 4.0 40.27000000000056
2.25 0.5 4.25 40.280000000000555
2.25 0.5 4.5 40.29000000000055
2.25 0.5 4.75 40.30000000000055
2.25 0.5 5.0 40.31000000000055
2.25 0.75 0.0 40.32000000000055
2.25 0.75 0.25 40.330000000000545
2.25 0.75 0.5 40.34000000000054
2.25 0.75 0.75 40.35000000000054
2.25 0.75 1.0 40.36000000000054
2.25 0.75 1.25 40.37000000000054
2.25 0.75 1.5 40.380000000000535
2.25 0.75 1.75 40.39000000000053
2.25 0.75 2.0 40.40000000000053
2.25 0.75 2.25 40.41000000000053
2.25 0.75 2.5 40.42000000000053
2.25 0.75 2.75 40.430000000000526
2.25 0.75 3.0 40.44000000000052
2.25 0.75 3.25 40.45000000000052
2.25 0.75 3.5 40.46000000000052
2.25 0.75 3.75 40.47000000000052
2.25 0.75 4.0 40.480000000000516
2.25 0.75 4.25 40.490000000000514
2.25 0.75 4.5 40.50000000000051
2.25 0.75 4.75 40.51000000000051
2.25 0.75 5.0 40.52000000000051
2.25 1.0 0.0 40.530000000000506
2.25 1.0 0.25 40.540000000000504
2.25 1.0 0.5 40.5500000000005
2.25 1.0 0.75 40.5600000000005
2.25 1.0 1.0 40.5700000000005
2.25 1.0 1.25 40.580000000000496
2.25 1.0 1.5 40.590000000000494
2.25 1.0 1.75 40.60000000000049
2.25 1.0 2.0 40.61000000000049
2.25 1.0 2.25 40.62000000000049
2.25 1.0 2.5 40.630000000000486
2.25 1.0 2.75 40.640000000000484
2.25 1.0 3.0 40.65000000000048
2.25 1.0 3.25 40.66000000000048
2.25 1.0 3.5 40.67000000000048
2.25 1.0 3.75 40.680000000000476
2.25 1.0 4.0 40.690000000000474
2.25 1.0 4.25 40.70000000000047
2.25 1.0 4.5 40.71000000000047
2.25 1.0 4.75 40.72000000000047
2.25 1.0 5.0 40.730000000000466
2.25 1.25 0.0 40.740000000000464
2.25 1.25 0.25 40.75000000000046
2.25 1.25 0.5 40.76000000000046
2.25 1.25 0.75 40.77000000000046
2.25 1.25 1.0 40.780000000000456
2.25 1.25 1.25 40.790000000000454
2.25 1.25 1.5 40.80000000000045
2.25 1.25 1.75 40.81000000000045
2.25 1.25 2.0 40.82000000000045
2.25 1.25 2.25 40.830000000000446
2.25 1.25 2.5 40.840000000000444
2.25 1.25 2.75 40.85000000000044
2.25 1.25 3.0 40.86000000000044
2.25 1.25 3.25 40.87000000000044
2.25 1.25 3.5 40.880000000000436
2.25 1.25 3.75 40.890000000000434
2.25 1.25 4.0 40.90000000000043
2.25 1.25 4.25 40.91000000000043
2.25 1.25 4.5 40.92000000000043
2.25 1.25 4.75 40.930000000000426
2.25 1.25 5.0 40.940000000000424
2.25 1.5 0.0 40.95000000000042
2.25 1.5 0.25 40.96000000000042
2.25 1.5 0.5 40.97000000000042
2.25 1.5 0.75 40.980000000000416
2.25 1.5 1.0 40.990000000000414
2.25 1.5 1.25 41.00000000000041
2.25 1.5 1.5 41.01000000000041
2.25 1.5 1.75 41.02000000000041
2.25 1.5 2.0 41.030000000000406
2.25 1.5 2.25 41.040000000000404
2.25 1.5 2.5 41.0500000000004
2.25 1.5 2.75 41.0600000000004
2.25 1.5 3.0 41.0700000000004
2.25 1.5 3.25 41.080000000000396
2.25 1.5 3.5 41.090000000000394
2.25 1.5 3.75 41.10000000000039
2.25 1.5 4.0 41.11000000000039
2.25 1.5 4.25 41.12000000000039
2.25 1.5 4.5 41.130000000000386
2.25 1.5 4.75 41.140000000000384
2.25 1.5 5.0 41.15000000000038
2.25 1.75 0.0 41.16000000000038
2.25 1.75 0.25 41.17000000000038
2.25 1.75 0.5 41.180000000000376
2.25 1.75 0.75 41.190000000000374
2.25 1.75 1.0 41.20000000000037
2.25 1.75 1.25 41.21000000000037
2.25 1.75 1.5 41.22000000000037
2.25 1.75 1.75 41.230000000000366
2.25 1.75 2.0 41.240000000000364
2.25 1.75 2.25 41.25000000000036
2.25 1.75 2.5 41.26000000000036
2.25 1.75 2.75 41.27000000000036
2.25 1.75 3.0 41.280000000000356
2.25 1.75 3.25 41.290000000000354
2.25 1.75 3.5 41.30000000000035
2.25 1.75 3.75 41.31000000000035
2.25 1.75 4.0 41.32000000000035
2.25 1.75 4.25 41.33000000000035
2.25 1.75 4.5 41.340000000000344
2.25 1.75 4.75 41.35000000000034
2.25 1.75 5.0 41.36000000000034
2.25 2.0 0.0 41.37000000000034
2.25 2.0 0.25 41.38000000000034
2.25 2.0 0.5 41.390000000000335
2.25 2.0 0.75 41.40000000000033
2.25 2.0 1.0 41.41000000000033
2.25 2.0 1.25 41.42000000000033
2.25 2.0 1.5 41.43000000000033
2.25 2.0 1.75 41.440000000000325
2.25 2.0 2.0 41.45000000000032
2.25 2.0 2.25 41.46000000000032
2.25 2.0 2.5 41.47000000000032
2.25 2.0 2.75 41.48000000000032
2.25 2.0 3.0 41.490000000000315
2.25 2.0 3.25 41.50000000000031
2.25 2.0 3.5 41.51000000000031
2.25 2.0 3.75 41.52000000000031
2.25 2.0 4.0 41.53000000000031
2.25 2.0 4.25 41.540000000000305
2.25 2.0 4.5 41.5500000000003
2.25 2.0 4.75 41.5600000000003
2.25 2.0 5.0 41.5700000000003
2.25 2.25 0.0 41.5800000000003
2.25 2.25 0.25 41.590000000000295
2.25 2.25 0.5 41.60000000000029
2.25 2.25 0.75 41.61000000000029
2.25 2.25 1.0 41.62000000000029
2.25 2.25 1.25 41.63000000000029
2.25 2.25 1.5 41.640000000000285
2.25 2.25 1.75 41.65000000000028
2.25 2.25 2.0 41.66000000000028
2.25 2.25 2.25 41.67000000000028
2.25 2.25 2.5 41.68000000000028
2.25 2.25 2.75 41.690000000000275
2.25 2.25 3.0 41.70000000000027
2.25 2.25 3.25 41.71000000000027
2.25 2.25 3.5 41.72000000000027
2.25 2.25 3.75 41.73000000000027
2.25 2.25 4.0 41.740000000000265
2.25 2.25 4.25 41.75000000000026
2.25 2.25 4.5 41.76000000000026
2.25 2.25 4.75 41.77000000000026
2.25 2.25 5.0 41.78000000000026
2.25 2.5 0.0 41.790000000000255
2.25 2.5 0.25 41.80000000000025
2.25 2.5 0.5 41.81000000000025
2.25 2.5 0.75 41.82000000000025
2.25 2.5 1.0 41.83000000000025
2.25 2.5 1.25 41.840000000000245
2.25 2.5 1.5 41.85000000000024
2.25 2.5 1.75 41.86000000000024
2.25 2.5 2.0 41.87000000000024
2.25 2.5 2.25 41.88000000000024
2.25 2.5 2.5 41.890000000000235
2.25 2.5 2.75 41.90000000000023
2.25 2.5 3.0 41.91000000000023
2.25 2.5 3.25 41.92000000000023
2.25 2.5 3.5 41.93000000000023
2.25 2.5 3.75 41.940000000000225
2.25 2.5 4.0 41.95000000000022
2.25 2.5 4.25 41.96000000000022
2.25 2.5 4.5 41.97000000000022
2.25 2.5 4.75 41.98000000000022
2.25 2.5 5.0 41.990000000000215
2.25 2.75 0.0 42.00000000000021
2.25 2.75 0.25 42.01000000000021
2.25 2.75 0.5 42.02000000000021
2.25 2.75 0.75 42.03000000000021
2.25 2.75 1.0 42.040000000000205
2.25 2.75 1.25 42.0500000000002
2.25 2.75 1.5 42.0600000000002
2.25 2.75 1.75 42.0700000000002
2.25 2.75 2.0 42.0800000000002
2.25 2.75 2.25 42.090000000000195
2.25 2.75 2.5 42.10000000000019
2.25 2.75 2.75 42.11000000000019
2.25 2.75 3.0 42.12000000000019
2.25 2.75 3.25 42.13000000000019
2.25 2.75 3.5 42.140000000000185
2.25 2.75 3.75 42.15000000000018
2.25 2.75 4.0 42.16000000000018
2.25 2.75 4.25 42.17000000000018
2.25 2.75 4.5 42.18000000000018
2.25 2.75 4.75 42.190000000000175
2.25 2.75 5.0 42.20000000000017
2.25 3.0 0.0 42.21000000000017
2.25 3.0 0.25 42.22000000000017
2.25 3.0 0.5 42.23000000000017
2.25 3.0 0.75 42.240000000000165
2.25 3.0 1.0 42.25000000000016
2.25 3.0 1.25 42.26000000000016
2.25 3.0 1.5 42.27000000000016
2.25 3.0 1.75 42.28000000000016
2.25 3.0 2.0 42.290000000000155
2.25 3.0 2.25 42.30000000000015
2.25 3.0 2.5 42.31000000000015
2.25 3.0 2.75 42.32000000000015
2.25 3.0 3.0 42.33000000000015
2.25 3.0 3.25 42.340000000000146
2.25 3.0 3.5 42.35000000000014
2.25 3.0 3.75 42.36000000000014
2.25 3.0 4.0 42.37000000000014
2.25 3.0 4.25 42.38000000000014
2.25 3.0 4.5 42.390000000000136
2.25 3.0 4.75 42.400000000000134
2.25 3.0 5.0 42.41000000000013
2.25 3.25 0.0 42.42000000000013
2.25 3.25 0.25 42.43000000000013
2.25 3.25 0.5 42.440000000000126
2.25 3.25 0.75 42.450000000000124
2.25 3.25 1.0 42.46000000000012
2.25 3.25 1.25 42.47000000000012
2.25 3.25 1.5 42.48000000000012
2.25 3.25 1.75 42.490000000000116
2.25 3.25 2.0 42.500000000000114
2.25 3.25 2.25 42.51000000000011
2.25 3.25 2.5 42.52000000000011
2.25 3.25 2.75 42.53000000000011
2.25 3.25 3.0 42.540000000000106
2.25 3.25 3.25 42.550000000000104
2.25 3.25 3.5 42.5600000000001
2.25 3.25 3.75 42.5700000000001
2.25 3.25 4.0 42.5800000000001
2.25 3.25 4.25 42.590000000000096
2.25 3.25 4.5 42.600000000000094
2.25 3.25 4.75 42.61000000000009
2.25 3.25 5.0 42.62000000000009
2.25 3.5 0.0 42.63000000000009
2.25 3.5 0.25 42.640000000000086
2.25 3.5 0.5 42.650000000000084
2.25 3.5 0.75 42.66000000000008
2.25 3.5 1.0 42.67000000000008
2.25 3.5 1.25 42.68000000000008
2.25 3.5 1.5 42.690000000000076
2.25 3.5 1.75 42.700000000000074
2.25 3.5 2.0 42.71000000000007
2.25 3.5 2.25 42.72000000000007
2.25 3.5 2.5 42.73000000000007
2.25 3.5 2.75 42.740000000000066
2.25 3.5 3.0 42.750000000000064
2.25 3.5 3.25 42.76000000000006
2.25 3.5 3.5 42.77000000000006
2.25 3.5 3.75 42.78000000000006
2.25 3.5 4.0 42.790000000000056
2.25 3.5 4.25 42.800000000000054
2.25 3.5 4.5 42.81000000000005
2.25 3.5 4.75 42.82000000000005
2.25 3.5 5.0 42.83000000000005
2.25 3.75 0.0 42.840000000000046
2.25 3.75 0.25 42.850000000000044
2.25 3.75 0.5 42.86000000000004
2.25 3.75 0.75 42.87000000000004
2.25 3.75 1.0 42.88000000000004
2.25 3.75 1.25 42.890000000000036
2.25 3.75 1.5 42.900000000000034
2.25 3.75 1.75 42.91000000000003
2.25 3.75 2.0 42.92000000000003
2.25 3.75 2.25 42.93000000000003
2.25 3.75 2.5 42.940000000000026
2.25 3.75 2.75 42.950000000000024
2.25 3.75 3.0 42.96000000000002
2.25 3.75 3.25 42.97000000000002
2.25 3.75 3.5 42.98000000000002
2.25 3.75 3.75 42.990000000000016
2.25 3.75 4.0 43.000000000000014
2.25 3.75 4.25 43.01000000000001
2.25 3.75 4.5 43.02000000000001
2.25 3.75 4.75 43.03000000000001
2.25 3.75 5.0 43.040000000000006
2.25 4.0 0.0 43.050000000000004
2.25 4.0 0.25 43.06
2.25 4.0 0.5 43.07
2.25 4.0 0.75 43.08
2.25 4.0 1.0 43.089999999999996
2.25 4.0 1.25 43.099999999999994
2.25 4.0 1.5 43.10999999999999
2.25 4.0 1.75 43.11999999999999
2.25 4.0 2.0 43.12999999999999
2.25 4.0 2.25 43.139999999999986
2.25 4.0 2.5 43.149999999999984
2.25 4.0 2.75 43.15999999999998
2.25 4.0 3.0 43.16999999999998
2.25 4.0 3.25 43.17999999999998
2.25 4.0 3.5 43.189999999999976
2.25 4.0 3.75 43.199999999999974
2.25 4.0 4.0 43.20999999999997
2.25 4.0 4.25 43.21999999999997
2.25 4.0 4.5 43.22999999999997
2.25 4.0 4.75 43.23999999999997
2.25 4.0 5.0 43.249999999999964
2.25 4.25 0.0 43.25999999999996
2.25 4.25 0.25 43.26999999999996
2.25 4.25 0.5 43.27999999999996
2.25 4.25 0.75 43.28999999999996
2.25 4.25 1.0 43.299999999999955
2.25 4.25 1.25 43.30999999999995
2.25 4.25 1.5 43.31999999999995
2.25 4.25 1.75 43.32999999999995
2.25 4.25 2.0 43.33999999999995
2.25 4.25 2.25 43.349999999999945
2.25 4.25 2.5 43.35999999999994
2.25 4.25 2.75 43.36999999999994
2.25 4.25 3.0 43.37999999999994
2.25 4.25 3.25 43.38999999999994
2.25 4.25 3.5 43.399999999999935
2.25 4.25 3.75 43.40999999999993
2.25 4.25 4.0 43.41999999999993
2.25 4.25 4.25 43.42999999999993
2.25 4.25 4.5 43.43999999999993
2.25 4.25 4.75 43.449999999999925
2.25 4.25 5.0 43.45999999999992
2.25 4.5 0.0 43.46999999999992
2.25 4.5 0.25 43.47999999999992
2.25 4.5 0.5 43.48999999999992
2.25 4.5 0.75 43.499999999999915
2.25 4.5 1.0 43.50999999999991
2.25 4.5 1.25 43.51999999999991
2.25 4.5 1.5 43.52999999999991
2.25 4.5 1.75 43.53999999999991
2.25 4.5 2.0 43.549999999999905
2.25 4.5 2.25 43.5599999999999
2.25 4.5 2.5 43.5699999999999
2.25 4.5 2.75 43.5799999999999
2.25 4.5 3.0 43.5899999999999
2.25 4.5 3.25 43.599999999999895
2.25 4.5 3.5 43.60999999999989
2.25 4.5 3.75 43.61999999999989
2.25 4.5 4.0 43.62999999999989
2.25 4.5 4.25 43.63999999999989
2.25 4.5 4.5 43.649999999999885
2.25 4.5 4.75 43.65999999999988
2.25 4.5 5.0 43.66999999999988
2.25 4.75 0.0 43.67999999999988
2.25 4.75 0.25 43.68999999999988
2.25 4.75 0.5 43.699999999999875
2.25 4.75 0.75 43.70999999999987
2.25 4.75 1.0 43.71999999999987
2.25 4.75 1.25 43.72999999999987
2.25 4.75 1.5 43.73999999999987
2.25 4.75 1.75 43.749999999999865
2.25 4.75 2.0 43.75999999999986
2.25 4.75 2.25 43.76999999999986
2.25 4.75 2.5 43.77999999999986
2.25 4.75 2.75 43.78999999999986
2.25 4.75 3.0 43.799999999999855
2.25 4.75 3.25 43.80999999999985
2.25 4.75 3.5 43.81999999999985
2.25 4.75 3.75 43.82999999999985
2.25 4.75 4.0 43.83999999999985
2.25 4.75 4.25 43.849999999999845
2.25 4.75 4.5 43.85999999999984
2.25 4.75 4.75 43.86999999999984
2.25 4.75 5.0 43.87999999999984
2.25 5.0 0.0 43.88999999999984
2.25 5.0 0.25 43.899999999999835
2.25 5.0 0.5 43.90999999999983
2.25 5.0 0.75 43.91999999999983
2.25 5.0 1.0 43.92999999999983
2.25 5.0 1.25 43.93999999999983
2.25 5.0 1.5 43.949999999999825
2.25 5.0 1.75 43.95999999999982
2.25 5.0 2.0 43.96999999999982
2.25 5.0 2.25 43.97999999999982
2.25 5.0 2.5 43.98999999999982
2.25 5.0 2.75 43.999999999999815
2.25 5.0 3.0 44.00999999999981
2.25 5.0 3.25 44.01999999999981
2.25 5.0 3.5 44.02999999999981
2.25 5.0 3.75 44.03999999999981
2.25 5.0 4.0 44.049999999999805
2.25 5.0 4.25 44.0599999999998
2.25 5.0 4.5 44.0699999999998
2.25 5.0 4.75 44.0799999999998
2.25 5.0 5.0 44.0899999999998
2.5 0.0 0.0 44.099999999999795
2.5 0.0 0.25 44.10999999999979
2.5 0.0 0.5 44.11999999999979
2.5 0.0 0.75 44.12999999999979
2.5 0.0 1.0 44.13999999999979
2.5 0.0 1.25 44.149999999999785
2.5 0.0 1.5 44.15999999999978
2.5 0.0 1.75 44.16999999999978
2.5 0.0 2.0 44.17999999999978
2.5 0.0 2.25 44.18999999999978
2.5 0.0 2.5 44.199999999999775
2.5 0.0 2.75 44.20999999999977
2.5 0.0 3.0 44.21999999999977
2.5 0.0 3.25 44.22999999999977
2.5 0.0 3.5 44.23999999999977
2.5 0.0 3.75 44.249999999999766
2.5 0.0 4.0 44.25999999999976
2.5 0.0 4.25 44.26999999999976
2.5 0.0 4.5 44.27999999999976
2.5 0.0 4.75 44.28999999999976
2.5 0.0 5.0 44.299999999999756
2.5 0.25 0.0 44.309999999999754
2.5 0.25 0.25 44.31999999999975
2.5 0.25 0.5 44.32999999999975
2.5 0.25 0.75 44.33999999999975
2.5 0.25 1.0 44.349999999999746
2.5 0.25 1.25 44.359999999999744
2.5 0.25 1.5 44.36999999999974
2.5 0.25 1.75 44.37999999999974
2.5 0.25 2.0 44.38999999999974
2.5 0.25 2.25 44.399999999999736
2.5 0.25 2.5 44.409999999999734
2.5 0.25 2.75 44.41999999999973
2.5 0.25 3.0 44.42999999999973
2.5 0.25 3.25 44.43999999999973
2.5 0.25 3.5 44.449999999999726
2.5 0.25 3.75 44.459999999999724
2.5 0.25 4.0 44.46999999999972
2.5 0.25 4.25 44.47999999999972
2.5 0.25 4.5 44.48999999999972
2.5 0.25 4.75 44.499999999999716
2.5 0.25 5.0 44.509999999999714
2.5 0.5 0.0 44.51999999999971
2.5 0.5 0.25 44.52999999999971
2.5 0.5 0.5 44.53999999999971
2.5 0.5 0.75 44.549999999999706
2.5 0.5 1.0 44.559999999999704
2.5 0.5 1.25 44.5699999999997
2.5 0.5 1.5 44.5799999999997
2.5 0.5 1.75 44.5899999999997
2.5 0.5 2.0 44.599999999999696
2.5 0.5 2.25 44.609999999999694
2.5 0.5 2.5 44.61999999999969
2.5 0.5 2.75 44.62999999999969
2.5 0.5 3.0 44.63999999999969
2.5 0.5 3.25 44.649999999999686
2.5 0.5 3.5 44.659999999999684
2.5 0.5 3.75 44.66999999999968
2.5 0.5 4.0 44.67999999999968
2.5 0.5 4.25 44.68999999999968
2.5 0.5 4.5 44.699999999999676
2.5 0.5 4.75 44.709999999999674
2.5 0.5 5.0 44.71999999999967
2.5 0.75 0.0 44.72999999999967
2.5 0.75 0.25 44.73999999999967
2.5 0.75 0.5 44.749999999999666
2.5 0.75 0.75 44.759999999999664
2.5 0.75 1.0 44.76999999999966
2.5 0.75 1.25 44.77999999999966
2.5 0.75 1.5 44.78999999999966
2.5 0.75 1.75 44.799999999999656
2.5 0.75 2.0 44.809999999999654
2.5 0.75 2.25 44.81999999999965
2.5 0.75 2.5 44.82999999999965
2.5 0.75 2.75 44.83999999999965
2.5 0.75 3.0 44.849999999999646
2.5 0.75 3.25 44.859999999999644
2.5 0.75 3.5 44.86999999999964
2.5 0.75 3.75 44.87999999999964
2.5 0.75 4.0 44.88999999999964
2.5 0.75 4.25 44.899999999999636
2.5 0.75 4.5 44.909999999999634
2.5 0.75 4.75 44.91999999999963
2.5 0.75 5.0 44.92999999999963
2.5 1.0 0.0 44.93999999999963
2.5 1.0 0.25 44.949999999999626
2.5 1.0 0.5 44.959999999999624
2.5 1.0 0.75 44.96999999999962
2.5 1.0 1.0 44.97999999999962
2.5 1.0 1.25 44.98999999999962
2.5 1.0 1.5 44.999999999999616
2.5 1.0 1.75 45.009999999999614
2.5 1.0 2.0 45.01999999999961
2.5 1.0 2.25 45.02999999999961
2.5 1.0 2.5 45.03999999999961
2.5 1.0 2.75 45.049999999999606
2.5 1.0 3.0 45.059999999999604
2.5 1.0 3.25 45.0699999999996
2.5 1.0 3.5 45.0799999999996
2.5 1.0 3.75 45.0899999999996
2.5 1.0 4.0 45.099999999999596
2.5 1.0 4.25 45.109999999999594
2.5 1.0 4.5 45.11999999999959
2.5 1.0 4.75 45.12999999999959
2.5 1.0 5.0 45.13999999999959
2.5 1.25 0.0 45.14999999999959
2.5 1.25 0.25 45.159999999999584
2.5 1.25 0.5 45.16999999999958
2.5 1.25 0.75 45.17999999999958
2.5 1.25 1.0 45.18999999999958
2.5 1.25 1.25 45.19999999999958
2.5 1.25 1.5 45.209999999999575
2.5 1.25 1.75 45.21999999999957
2.5 1.25 2.0 45.22999999999957
2.5 1.25 2.25 45.23999999999957
2.5 1.25 2.5 45.24999999999957
2.5 1.25 2.75 45.259999999999565
2.5 1.25 3.0 45.26999999999956
2.5 1.25 3.25 45.27999999999956
2.5 1.25 3.5 45.28999999999956
2.5 1.25 3.75 45.29999999999956
2.5 1.25 4.0 45.309999999999555
2.5 1.25 4.25 45.31999999999955
2.5 1.25 4.5 45.32999999999955
2.5 1.25 4.75 45.33999999999955
2.5 1.25 5.0 45.34999999999955
2.5 1.5 0.0 45.359999999999545
2.5 1.5 0.25 45.36999999999954
2.5 1.5 0.5 45.37999999999954
2.5 1.5 0.75 45.38999999999954
2.5 1.5 1.0 45.39999999999954
2.5 1.5 1.25 45.409999999999535
2.5 1.5 1.5 45.41999999999953
2.5 1.5 1.75 45.42999999999953
2.5 1.5 2.0 45.43999999999953
2.5 1.5 2.25 45.44999999999953
2.5 1.5 2.5 45.459999999999525
2.5 1.5 2.75 45.46999999999952
2.5 1.5 3.0 45.47999999999952
2.5 1.5 3.25 45.48999999999952
2.5 1.5 3.5 45.49999999999952
2.5 1.5 3.75 45.509999999999515
2.5 1.5 4.0 45.51999999999951
2.5 1.5 4.25 45.52999999999951
2.5 1.5 4.5 45.53999999999951
2.5 1.5 4.75 45.54999999999951
2.5 1.5 5.0 45.559999999999505
2.5 1.75 0.0 45.5699999999995
2.5 1.75 0.25 45.5799999999995
2.5 1.75 0.5 45.5899999999995
2.5 1.75 0.75 45.5999999999995
2.5 1.75 1.0 45.609999999999495
2.5 1.75 1.25 45.61999999999949
2.5 1.75 1.5 45.62999999999949
2.5 1.75 1.75 45.63999999999949
2.5 1.75 2.0 45.64999999999949
2.5 1.75 2.25 45.659999999999485
2.5 1.75 2.5 45.66999999999948
2.5 1.75 2.75 45.67999999999948
2.5 1.75 3.0 45.68999999999948
2.5 1.75 3.25 45.69999999999948
2.5 1.75 3.5 45.709999999999475
2.5 1.75 3.75 45.71999999999947
2.5 1.75 4.0 45.72999999999947
2.5 1.75 4.25 45.73999999999947
2.5 1.75 4.5 45.74999999999947
2.5 1.75 4.75 45.759999999999465
2.5 1.75 5.0 45.76999999999946
2.5 2.0 0.0 45.77999999999946
2.5 2.0 0.25 45.78999999999946
2.5 2.0 0.5 45.79999999999946
2.5 2.0 0.75 45.809999999999455
2.5 2.0 1.0 45.81999999999945
2.5 2.0 1.25 45.82999999999945
2.5 2.0 1.5 45.83999999999945
2.5 2.0 1.75 45.84999999999945
2.5 2.0 2.0 45.859999999999445
2.5 2.0 2.25 45.86999999999944
2.5 2.0 2.5 45.87999999999944
2.5 2.0 2.75 45.88999999999944
2.5 2.0 3.0 45.89999999999944
2.5 2.0 3.25 45.909999999999435
2.5 2.0 3.5 45.91999999999943
2.5 2.0 3.75 45.92999999999943
2.5 2.0 4.0 45.93999999999943
2.5 2.0 4.25 45.94999999999943
2.5 2.0 4.5 45.959999999999425
2.5 2.0 4.75 45.96999999999942
2.5 2.0 5.0 45.97999999999942
2.5 2.25 0.0 45.98999999999942
2.5 2.25 0.25 45.99999999999942
2.5 2.25 0.5 46.009999999999415
2.5 2.25 0.75 46.01999999999941
2.5 2.25 1.0 46.02999999999941
2.5 2.25 1.25 46.03999999999941
2.5 2.25 1.5 46.04999999999941
2.5 2.25 1.75 46.059999999999405
2.5 2.25 2.0 46.0699999999994
2.5 2.25 2.25 46.0799999999994
2.5 2.25 2.5 46.0899999999994
2.5 2.25 2.75 46.0999999999994
2.5 2.25 3.0 46.109999999999395
2.5 2.25 3.25 46.11999999999939
2.5 2.25 3.5 46.12999999999939
2.5 2.25 3.75 46.13999999999939
2.5 2.25 4.0 46.14999999999939
2.5 2.25 4.25 46.159999999999386
2.5 2.25 4.5 46.16999999999938
2.5 2.25 4.75 46.17999999999938
2.5 2.25 5.0 46.18999999999938
2.5 2.5 0.0 46.19999999999938
2.5 2.5 0.25 46.209999999999376
2.5 2.5 0.5 46.219999999999374
2.5 2.5 0.75 46.22999999999937
2.5 2.5 1.0 46.23999999999937
2.5 2.5 1.25 46.24999999999937
2.5 2.5 1.5 46.259999999999366
2.5 2.5 1.75 46.269999999999364
2.5 2.5 2.0 46.27999999999936
2.5 2.5 2.25 46.28999999999936
2.5 2.5 2.5 46.29999999999936
2.5 2.5 2.75 46.309999999999356
2.5 2.5 3.0 46.319999999999354
2.5 2.5 3.25 46.32999999999935
2.5 2.5 3.5 46.33999999999935
2.5 2.5 3.75 46.34999999999935
2.5 2.5 4.0 46.359999999999346
2.5 2.5 4.25 46.369999999999344
2.5 2.5 4.5 46.37999999999934
2.5 2.5 4.75 46.38999999999934
2.5 2.5 5.0 46.39999999999934
2.5 2.75 0.0 46.409999999999336
2.5 2.75 0.25 46.419999999999334
2.5 2.75 0.5 46.42999999999933
2.5 2.75 0.75 46.43999999999933
2.5 2.75 1.0 46.44999999999933
2.5 2.75 1.25 46.459999999999326
2.5 2.75 1.5 46.469999999999324
2.5 2.75 1.75 46.47999999999932
2.5 2.75 2.0 46.48999999999932
2.5 2.75 2.25 46.49999999999932
2.5 2.75 2.5 46.509999999999316
2.5 2.75 2.75 46.519999999999314
2.5 2.75 3.0 46.52999999999931
2.5 2.75 3.25 46.53999999999931
2.5 2.75 3.5 46.54999999999931
2.5 2.75 3.75 46.559999999999306
2.5 2.75 4.0 46.569999999999304
2.5 2.75 4.25 46.5799999999993
2.5 2.75 4.5 46.5899999999993
2.5 2.75 4.75 46.5999999999993
2.5 2.75 5.0 46.609999999999296
2.5 3.0 0.0 46.619999999999294
2.5 3.0 0.25 46.62999999999929
2.5 3.0 0.5 46.63999999999929
2.5 3.0 0.75 46.64999999999929
2.5 3.0 1.0 46.659999999999286
2.5 3.0 1.25 46.669999999999284
2.5 3.0 1.5 46.67999999999928
2.5 3.0 1.75 46.68999999999928
2.5 3.0 2.0 46.69999999999928
2.5 3.0 2.25 46.709999999999276
2.5 3.0 2.5 46.719999999999274
2.5 3.0 2.75 46.72999999999927
2.5 3.0 3.0 46.73999999999927
2.5 3.0 3.25 46.74999999999927
2.5 3.0 3.5 46.759999999999266
2.5 3.0 3.75 46.769999999999264
2.5 3.0 4.0 46.77999999999926
2.5 3.0 4.25 46.78999999999926
2.5 3.0 4.5 46.79999999999926
2.5 3.0 4.75 46.809999999999256
2.5 3.0 5.0 46.819999999999254
2.5 3.25 0.0 46.82999999999925
2.5 3.25 0.25 46.83999999999925
2.5 3.25 0.5 46.84999999999925
2.5 3.25 0.75 46.859999999999246
2.5 3.25 1.0 46.869999999999244
2.5 3.25 1.25 46.87999999999924
2.5 3.25 1.5 46.88999999999924
2.5 3.25 1.75 46.89999999999924
2.5 3.25 2.0 46.909999999999236
2.5 3.25 2.25 46.919999999999234
2.5 3.25 2.5 46.92999999999923
2.5 3.25 2.75 46.93999999999923
2.5 3.25 3.0 46.94999999999923
2.5 3.25 3.25 46.959999999999226
2.5 3.25 3.5 46.969999999999224
2.5 3.25 3.75 46.97999999999922
2.5 3.25 4.0 46.98999999999922
2.5 3.25 4.25 46.99999999999922
2.5 3.25 4.5 47.009999999999216
2.5 3.25 4.75 47.019999999999214
2.5 3.25 5.0 47.02999999999921
2.5 3.5 0.0 47.03999999999921
2.5 3.5 0.25 47.04999999999921
2.5 3.5 0.5 47.05999999999921
2.5 3.5 0.75 47.069999999999204
2.5 3.5 1.0 47.0799999999992
2.5 3.5 1.25 47.0899999999992
2.5 3.5 1.5 47.0999999999992
2.5 3.5 1.75 47.1099999999992
2.5 3.5 2.0 47.119999999999195
2.5 3.5 2.25 47.12999999999919
2.5 3.5 2.5 47.13999999999919
2.5 3.5 2.75 47.14999999999919
2.5 3.5 3.0 47.15999999999919
2.5 3.5 3.25 47.169999999999185
2.5 3.5 3.5 47.17999999999918
2.5 3.5 3.75 47.18999999999918
2.5 3.5 4.0 47.19999999999918
2.5 3.5 4.25 47.20999999999918
2.5 3.5 4.5 47.219999999999175
2.5 3.5 4.75 47.22999999999917
2.5 3.5 5.0 47.23999999999917
2.5 3.75 0.0 47.24999999999917
2.5 3.75 0.25 47.25999999999917
2.5 3.75 0.5 47.269999999999165
2.5 3.75 0.75 47.27999999999916
2.5 3.75 1.0 47.28999999999916
2.5 3.75 1.25 47.29999999999916
2.5 3.75 1.5 47.30999999999916
2.5 3.75 1.75 47.319999999999155
2.5 3.75 2.0 47.32999999999915
2.5 3.75 2.25 47.33999999999915
2.5 3.75 2.5 47.34999999999915
2.5 3.75 2.75 47.35999999999915
2.5 3.75 3.0 47.369999999999145
2.5 3.75 3.25 47.37999999999914
2.5 3.75 3.5 47.38999999999914
2.5 3.75 3.75 47.39999999999914
2.5 3.75 4.0 47.40999999999914
2.5 3.75 4.25 47.419999999999135
2.5 3.75 4.5 47.42999999999913
2.5 3.75 4.75 47.43999999999913
2.5 3.75 5.0 47.44999999999913
2.5 4.0 0.0 47.45999999999913
2.5 4.0 0.25 47.469999999999125
2.5 4.0 0.5 47.47999999999912
2.5 4.0 0.75 47.48999999999912
2.5 4.0 1.0 47.49999999999912
2.5 4.0 1.25 47.50999999999912
2.5 4.0 1.5 47.519999999999115
2.5 4.0 1.75 47.52999999999911
2.5 4.0 2.0 47.53999999999911
2.5 4.0 2.25 47.54999999999911
2.5 4.0 2.5 47.55999999999911
2.5 4.0 2.75 47.569999999999105
2.5 4.0 3.0 47.5799999999991
2.5 4.0 3.25 47.5899999999991
2.5 4.0 3.5 47.5999999999991
2.5 4.0 3.75 47.6099999999991
2.5 4.0 4.0 47.619999999999095
2.5 4.0 4.25 47.62999999999909
2.5 4.0 4.5 47.63999999999909
2.5 4.0 4.75 47.64999999999909
2.5 4.0 5.0 47.65999999999909
2.5 4.25 0.0 47.669999999999085
2.5 4.25 0.25 47.67999999999908
2.5 4.25 0.5 47.68999999999908
2.5 4.25 0.75 47.69999999999908
2.5 4.25 1.0 47.70999999999908
2.5 4.25 1.25 47.719999999999075
2.5 4.25 1.5 47.72999999999907
2.5 4.25 1.75 47.73999999999907
2.5 4.25 2.0 47.74999999999907
2.5 4.25 2.25 47.75999999999907
2.5 4.25 2.5 47.769999999999065
2.5 4.25 2.75 47.77999999999906
2.5 4.25 3.0 47.78999999999906
2.5 4.25 3.25 47.79999999999906
2.5 4.25 3.5 47.80999999999906
2.5 4.25 3.75 47.819999999999055
2.5 4.25 4.0 47.82999999999905
2.5 4.25 4.25 47.83999999999905
2.5 4.25 4.5 47.84999999999905
2.5 4.25 4.75 47.85999999999905
2.5 4.25 5.0 47.869999999999045
2.5 4.5 0.0 47.87999999999904
2.5 4.5 0.25 47.88999999999904
2.5 4.5 0.5 47.89999999999904
2.5 4.5 0.75 47.90999999999904
2.5 4.5 1.0 47.919999999999035
2.5 4.5 1.25 47.92999999999903
2.5 4.5 1.5 47.93999999999903
2.5 4.5 1.75 47.94999999999903
2.5 4.5 2.0 47.95999999999903
2.5 4.5 2.25 47.969999999999025
2.5 4.5 2.5 47.97999999999902
2.5 4.5 2.75 47.98999999999902
2.5 4.5 3.0 47.99999999999902
2.5 4.5 3.25 48.00999999999902
2.5 4.5 3.5 48.019999999999015
2.5 4.5 3.75 48.02999999999901
2.5 4.5 4.0 48.03999999999901
2.5 4.5 4.25 48.04999999999901
2.5 4.5 4.5 48.05999999999901
2.5 4.5 4.75 48.069999999999006
2.5 4.5 5.0 48.079999999999
2.5 4.75 0.0 48.089999999999
2.5 4.75 0.25 48.099999999999
2.5 4.75 0.5 48.109999999999
2.5 4.75 0.75 48.119999999998996
2.5 4.75 1.0 48.129999999998994
2.5 4.75 1.25 48.13999999999899
2.5 4.75 1.5 48.14999999999899
2.5 4.75 1.75 48.15999999999899
2.5 4.75 2.0 48.169999999998986
2.5 4.75 2.25 48.179999999998984
2.5 4.75 2.5 48.18999999999898
2.5 4.75 2.75 48.19999999999898
2.5 4.75 3.0 48.20999999999898
2.5 4.75 3.25 48.219999999998976
2.5 4.75 3.5 48.229999999998974
2.5 4.75 3.75 48.23999999999897
2.5 4.75 4.0 48.24999999999897
2.5 4.75 4.25 48.25999999999897
2.5 4.75 4.5 48.269999999998966
2.5 4.75 4.75 48.279999999998964
2.5 4.75 5.0 48.28999999999896
2.5 5.0 0.0 48.29999999999896
2.5 5.0 0.25 48.30999999999896
2.5 5.0 0.5 48.319999999998956
2.5 5.0 0.75 48.329999999998954
2.5 5.0 1.0 48.33999999999895
2.5 5.0 1.25 48.34999999999895
2.5 5.0 1.5 48.35999999999895
2.5 5.0 1.75 48.369999999998946
2.5 5.0 2.0 48.379999999998944
2.5 5.0 2.25 48.38999999999894
2.5 5.0 2.5 48.39999999999894
2.5 5.0 2.75 48.40999999999894
2.5 5.0 3.0 48.419999999998936
2.5 5.0 3.25 48.429999999998934
2.5 5.0 3.5 48.43999999999893
2.5 5.0 3.75 48.44999999999893
2.5 5.0 4.0 48.45999999999893
2.5 5.0 4.25 48.469999999998926
2.5 5.0 4.5 48.479999999998924
2.5 5.0 4.75 48.48999999999892
2.5 5.0 5.0 48.49999999999892
2.75 0.0 0.0 48.50999999999892
2.75 0.0 0.25 48.519999999998916
2.75 0.0 0.5 48.529999999998914
2.75 0.0 0.75 48.53999999999891
2.75 0.0 1.0 48.54999999999891
2.75 0.0 1.25 48.55999999999891
2.75 0.0 1.5 48.569999999998906
2.75 0.0 1.75 48.579999999998904
2.75 0.0 2.0 48.5899999999989
2.75 0.0 2.25 48.5999999999989
2.75 0.0 2.5 48.6099999999989
2.75 0.0 2.75 48.619999999998896
2.75 0.0 3.0 48.629999999998894
2.75 0.0 3.25 48.63999999999889
2.75 0.0 3.5 48.64999999999889
2.75 0.0 3.75 48.65999999999889
2.75 0.0 4.0 48.669999999998886
2.75 0.0 4.25 48.679999999998884
2.75 0.0 4.5 48.68999999999888
2.75 0.0 4.75 48.69999999999888
2.75 0.0 5.0 48.70999999999888
2.75 0.25 0.0 48.719999999998876
2.75 0.25 0.25 48.729999999998874
2.75 0.25 0.5 48.73999999999887
2.75 0.25 0.75 48.74999999999887
2.75 0.25 1.0 48.75999999999887
2.75 0.25 1.25 48.769999999998866
2.75 0.25 1.5 48.779999999998864
2.75 0.25 1.75 48.78999999999886
2.75 0.25 2.0 48.79999999999886
2.75 0.25 2.25 48.80999999999886
2.75 0.25 2.5 48.819999999998856
2.75 0.25 2.75 48.829999999998854
2.75 0.25 3.0 48.83999999999885
2.75 0.25 3.25 48.84999999999885
2.75 0.25 3.5 48.85999999999885
2.75 0.25 3.75 48.869999999998846
2.75 0.25 4.0 48.879999999998844
2.75 0.25 4.25 48.88999999999884
2.75 0.25 4.5 48.89999999999884
2.75 0.25 4.75 48.90999999999884
2.75 0.25 5.0 48.919999999998836
2.75 0.5 0.0 48.929999999998834
2.75 0.5 0.25 48.93999999999883
2.75 0.5 0.5 48.94999999999883
2.75 0.5 0.75 48.95999999999883
2.75 0.5 1.0 48.96999999999883
2.75 0.5 1.25 48.979999999998824
2.75 0.5 1.5 48.98999999999882
2.75 0.5 1.75 48.99999999999882
2.75 0.5 2.0 49.00999999999882
2.75 0.5 2.25 49.01999999999882
2.75 0.5 2.5 49.029999999998815
2.75 0.5 2.75 49.03999999999881
2.75 0.5 3.0 49.04999999999881
2.75 0.5 3.25 49.05999999999881
2.75 0.5 3.5 49.06999999999881
2.75 0.5 3.75 49.079999999998805
2.75 0.5 4.0 49.0899999999988
2.75 0.5 4.25 49.0999999999988
2.75 0.5 4.5 49.1099999999988
2.75 0.5 4.75 49.1199999999988
2.75 0.5 5.0 49.129999999998795
2.75 0.75 0.0 49.13999999999879
2.75 0.75 0.25 49.14999999999879
2.75 0.75 0.5 49.15999999999879
2.75 0.75 0.75 49.16999999999879
2.75 0.75 1.0 49.179999999998785
2.75 0.75 1.25 49.18999999999878
2.75 0.75 1.5 49.19999999999878
2.75 0.75 1.75 49.20999999999878
2.75 0.75 2.0 49.21999999999878
2.75 0.75 2.25 49.229999999998775
2.75 0.75 2.5 49.23999999999877
2.75 0.75 2.75 49.24999999999877
2.75 0.75 3.0 49.25999999999877
2.75 0.75 3.25 49.26999999999877
2.75 0.75 3.5 49.279999999998765
2.75 0.75 3.75 49.28999999999876
2.75 0.75 4.0 49.29999999999876
2.75 0.75 4.25 49.30999999999876
2.75 0.75 4.5 49.31999999999876
2.75 0.75 4.75 49.329999999998755
2.75 0.75 5.0 49.33999999999875
2.75 1.0 0.0 49.34999999999875
2.75 1.0 0.25 49.35999999999875
2.75 1.0 0.5 49.36999999999875
2.75 1.0 0.75 49.379999999998745
2.75 1.0 1.0 49.38999999999874
2.75 1.0 1.25 49.39999999999874
2.75 1.0 1.5 49.40999999999874
2.75 1.0 1.75 49.41999999999874
2.75 1.0 2.0 49.429999999998735
2.75 1.0 2.25 49.43999999999873
2.75 1.0 2.5 49.44999999999873
2.75 1.0 2.75 49.45999999999873
2.75 1.0 3.0 49.46999999999873
2.75 1.0 3.25 49.479999999998725
2.75 1.0 3.5 49.48999999999872
2.75 1.0 3.75 49.49999999999872
2.75 1.0 4.0 49.50999999999872
2.75 1.0 4.25 49.51999999999872
2.75 1.0 4.5 49.529999999998715
2.75 1.0 4.75 49.53999999999871
2.75 1.0 5.0 49.54999999999871
2.75 1.25 0.0 49.55999999999871
2.75 1.25 0.25 49.56999999999871
2.75 1.25 0.5 49.579999999998705
2.75 1.25 0.75 49.5899999999987
2.75 1.25 1.0 49.5999999999987
2.75 1.25 1.25 49.6099999999987
2.75 1.25 1.5 49.6199999999987
2.75 1.25 1.75 49.629999999998695
2.75 1.25 2.0 49.63999999999869
2.75 1.25 2.25 49.64999999999869
2.75 1.25 2.5 49.65999999999869
2.75 1.25 2.75 49.66999999999869
2.75 1.25 3.0 49.679999999998685
2.75 1.25 3.25 49.68999999999868
2.75 1.25 3.5 49.69999999999868
2.75 1.25 3.75 49.70999999999868
2.75 1.25 4.0 49.71999999999868
2.75 1.25 4.25 49.729999999998675
2.75 1.25 4.5 49.73999999999867
2.75 1.25 4.75 49.74999999999867
2.75 1.25 5.0 49.75999999999867
2.75 1.5 0.0 49.76999999999867
2.75 1.5 0.25 49.779999999998665
2.75 1.5 0.5 49.78999999999866
2.75 1.5 0.75 49.79999999999866
2.75 1.5 1.0 49.80999999999866
2.75 1.5 1.25 49.81999999999866
2.75 1.5 1.5 49.829999999998655
2.75 1.5 1.75 49.83999999999865
2.75 1.5 2.0 49.84999999999865
2.75 1.5 2.25 49.85999999999865
2.75 1.5 2.5 49.86999999999865
2.75 1.5 2.75 49.879999999998645
2.75 1.5 3.0 49.88999999999864
2.75 1.5 3.25 49.89999999999864
2.75 1.5 3.5 49.90999999999864
2.75 1.5 3.75 49.91999999999864
2.75 1.5 4.0 49.929999999998635
2.75 1.5 4.25 49.93999999999863
2.75 1.5 4.5 49.94999999999863
2.75 1.5 4.75 49.95999999999863
2.75 1.5 5.0 49.96999999999863
2.75 1.75 0.0 49.979999999998626
2.75 1.75 0.25 49.98999999999862
2.75 1.75 0.5 49.99999999999862
2.75 1.75 0.75 50.00999999999862
2.75 1.75 1.0 50.01999999999862
2.75 1.75 1.25 50.029999999998616
2.75 1.75 1.5 50.039999999998614
2.75 1.75 1.75 50.04999999999861
2.75 1.75 2.0 50.05999999999861
2.75 1.75 2.25 50.06999999999861
2.75 1.75 2.5 50.079999999998606
2.75 1.75 2.75 50.089999999998604
2.75 1.75 3.0 50.0999999999986
2.75 1.75 3.25 50.1099999999986
2.75 1.75 3.5 50.1199999999986
2.75 1.75 3.75 50.129999999998596
2.75 1.75 4.0 50.139999999998594
2.75 1.75 4.25 50.14999999999859
2.75 1.75 4.5 50.15999999999859
2.75 1.75 4.75 50.16999999999859
2.75 1.75 5.0 50.179999999998586
2.75 2.0 0.0 50.189999999998584
2.75 2.0 0.25 50.19999999999858
2.75 2.0 0.5 50.20999999999858
2.75 2.0 0.75 50.21999999999858
2.75 2.0 1.0 50.229999999998576
2.75 2.0 1.25 50.239999999998574
2.75 2.0 1.5 50.24999999999857
2.75 2.0 1.75 50.25999999999857
2.75 2.0 2.0 50.26999999999857
2.75 2.0 2.25 50.279999999998566
2.75 2.0 2.5 50.289999999998564
2.75 2.0 2.75 50.29999999999856
2.75 2.0 3.0 50.30999999999856
2.75 2.0 3.25 50.31999999999856
2.75 2.0 3.5 50.329999999998556
2.75 2.0 3.75 50.339999999998554
2.75 2.0 4.0 50.34999999999855
2.75 2.0 4.25 50.35999999999855
2.75 2.0 4.5 50.36999999999855
2.75 2.0 4.75 50.379999999998546
2.75 2.0 5.0 50.389999999998544
2.75 2.25 0.0 50.39999999999854
2.75 2.25 0.25 50.40999999999854
2.75 2.25 0.5 50.41999999999854
2.75 2.25 0.75 50.429999999998536
2.75 2.25 1.0 50.439999999998534
2.75 2.25 1.25 50.44999999999853
2.75 2.25 1.5 50.45999999999853
2.75 2.25 1.75 50.46999999999853
2.75 2.25 2.0 50.479999999998526
2.75 2.25 2.25 50.489999999998524
2.75 2.25 2.5 50.49999999999852
2.75 2.25 2.75 50.50999999999852
2.75 2.25 3.0 50.51999999999852
2.75 2.25 3.25 50.529999999998516
2.75 2.25 3.5 50.539999999998514
2.75 2.25 3.75 50.54999999999851
2.75 2.25 4.0 50.55999999999851
2.75 2.25 4.25 50.56999999999851
2.75 2.25 4.5 50.579999999998506
2.75 2.25 4.75 50.589999999998504
2.75 2.25 5.0 50.5999999999985
2.75 2.5 0.0 50.6099999999985
2.75 2.5 0.25 50.6199999999985
2.75 2.5 0.5 50.629999999998496
2.75 2.5 0.75 50.639999999998494
2.75 2.5 1.0 50.64999999999849
2.75 2.5 1.25 50.65999999999849
2.75 2.5 1.5 50.66999999999849
2.75 2.5 1.75 50.679999999998486
2.75 2.5 2.0 50.689999999998484
2.75 2.5 2.25 50.69999999999848
2.75 2.5 2.5 50.70999999999848
2.75 2.5 2.75 50.71999999999848
2.75 2.5 3.0 50.729999999998476
2.75 2.5 3.25 50.739999999998474
2.75 2.5 3.5 50.74999999999847
2.75 2.5 3.75 50.75999999999847
2.75 2.5 4.0 50.76999999999847
2.75 2.5 4.25 50.779999999998466
2.75 2.5 4.5 50.789999999998464
2.75 2.5 4.75 50.79999999999846
2.75 2.5 5.0 50.80999999999846
2.75 2.75 0.0 50.81999999999846
2.75 2.75 0.25 50.829999999998456
2.75 2.75 0.5 50.839999999998454
2.75 2.75 0.75 50.84999999999845
2.75 2.75 1.0 50.85999999999845
2.75 2.75 1.25 50.86999999999845
2.75 2.75 1.5 50.87999999999845
2.75 2.75 1.75 50.889999999998444
2.75 2.75 2.0 50.89999999999844
2.75 2.75 2.25 50.90999999999844
2.75 2.75 2.5 50.91999999999844
2.75 2.75 2.75 50.92999999999844
2.75 2.75 3.0 50.939999999998435
2.75 2.75 3.25 50.94999999999843
2.75 2.75 3.5 50.95999999999843
2.75 2.75 3.75 50.96999999999843
2.75 2.75 4.0 50.97999999999843
2.75 2.75 4.25 50.989999999998425
2.75 2.75 4.5 50.99999999999842
2.75 2.75 4.75 51.00999999999842
2.75 2.75 5.0 51.01999999999842
2.75 3.0 0.0 51.02999999999842
2.75 3.0 0.25 51.039999999998415
2.75 3.0 0.5 51.04999999999841
2.75 3.0 0.75 51.05999999999841
2.75 3.0 1.0 51.06999999999841
2.75 3.0 1.25 51.07999999999841
2.75 3.0 1.5 51.089999999998405
2.75 3.0 1.75 51.0999999999984
2.75 3.0 2.0 51.1099999999984
2.75 3.0 2.25 51.1199999999984
2.75 3.0 2.5 51.1299999999984
2.75 3.0 2.75 51.139999999998395
2.75 3.0 3.0 51.14999999999839
2.75 3.0 3.25 51.15999999999839
2.75 3.0 3.5 51.16999999999839
2.75 3.0 3.75 51.17999999999839
2.75 3.0 4.0 51.189999999998385
2.75 3.0 4.25 51.19999999999838
2.75 3.0 4.5 51.20999999999838
2.75 3.0 4.75 51.21999999999838
2.75 3.0 5.0 51.22999999999838
2.75 3.25 0.0 51.239999999998375
2.75 3.25 0.25 51.24999999999837
2.75 3.25 0.5 51.25999999999837
2.75 3.25 0.75 51.26999999999837
2.75 3.25 1.0 51.27999999999837
2.75 3.25 1.25 51.289999999998365
2.75 3.25 1.5 51.29999999999836
2.75 3.25 1.75 51.30999999999836
2.75 3.25 2.0 51.31999999999836
2.75 3.25 2.25 51.32999999999836
2.75 3.25 2.5 51.339999999998355
2.75 3.25 2.75 51.34999999999835
2.75 3.25 3.0 51.35999999999835
2.75 3.25 3.25 51.36999999999835
2.75 3.25 3.5 51.37999999999835
2.75 3.25 3.75 51.389999999998345
2.75 3.25 4.0 51.39999999999834
2.75 3.25 4.25 51.40999999999834
2.75 3.25 4.5 51.41999999999834
2.75 3.25 4.75 51.42999999999834
2.75 3.25 5.0 51.439999999998335
2.75 3.5 0.0 51.44999999999833
2.75 3.5 0.25 51.45999999999833
2.75 3.5 0.5 51.46999999999833
2.75 3.5 0.75 51.47999999999833
2.75 3.5 1.0 51.489999999998325
2.75 3.5 1.25 51.49999999999832
2.75 3.5 1.5 51.50999999999832
2.75 3.5 1.75 51.51999999999832
2.75 3.5 2.0 51.52999999999832
2.75 3.5 2.25 51.539999999998315
2.75 3.5 2.5 51.54999999999831
2.75 3.5 2.75 51.55999999999831
2.75 3.5 3.0 51.56999999999831
2.75 3.5 3.25 51.57999999999831
2.75 3.5 3.5 51.589999999998305
2.75 3.5 3.75 51.5999999999983
2.75 3.5 4.0 51.6099999999983
2.75 3.5 4.25 51.6199999999983
2.75 3.5 4.5 51.6299999999983
2.75 3.5 4.75 51.639999999998295
2.75 3.5 5.0 51.64999999999829
2.75 3.75 0.0 51.65999999999829
2.75 3.75 0.25 51.66999999999829
2.75 3.75 0.5 51.67999999999829
2.75 3.75 0.75 51.689999999998285
2.75 3.75 1.0 51.69999999999828
2.75 3.75 1.25 51.70999999999828
2.75 3.75 1.5 51.71999999999828
2.75 3.75 1.75 51.72999999999828
2.75 3.75 2.0 51.739999999998275
2.75 3.75 2.25 51.74999999999827
2.75 3.75 2.5 51.75999999999827
2.75 3.75 2.75 51.76999999999827
2.75 3.75 3.0 51.77999999999827
2.75 3.75 3.25 51.789999999998265
2.75 3.75 3.5 51.79999999999826
2.75 3.75 3.75 51.80999999999826
2.75 3.75 4.0 51.81999999999826
2.75 3.75 4.25 51.82999999999826
2.75 3.75 4.5 51.839999999998255
2.75 3.75 4.75 51.84999999999825
2.75 3.75 5.0 51.85999999999825
2.75 4.0 0.0 51.86999999999825
2.75 4.0 0.25 51.87999999999825
2.75 4.0 0.5 51.889999999998246
2.75 4.0 0.75 51.89999999999824
2.75 4.0 1.0 51.90999999999824
2.75 4.0 1.25 51.91999999999824
2.75 4.0 1.5 51.92999999999824
2.75 4.0 1.75 51.939999999998236
2.75 4.0 2.0 51.949999999998234
2.75 4.0 2.25 51.95999999999823
2.75 4.0 2.5 51.96999999999823
2.75 4.0 2.75 51.97999999999823
2.75 4.0 3.0 51.989999999998226
2.75 4.0 3.25 51.999999999998224
2.75 4.0 3.5 52.00999999999822
2.75 4.0 3.75 52.01999999999822
2.75 4.0 4.0 52.02999999999822
2.75 4.0 4.25 52.039999999998216
2.75 4.0 4.5 52.049999999998214
2.75 4.0 4.75 52.05999999999821
2.75 4.0 5.0 52.06999999999821
2.75 4.25 0.0 52.07999999999821
2.75 4.25 0.25 52.089999999998206
2.75 4.25 0.5 52.099999999998204
2.75 4.25 0.75 52.1099999999982
2.75 4.25 1.0 52.1199999999982
2.75 4.25 1.25 52.1299999999982
2.75 4.25 1.5 52.139999999998196
2.75 4.25 1.75 52.149999999998194
2.75 4.25 2.0 52.15999999999819
2.75 4.25 2.25 52.16999999999819
2.75 4.25 2.5 52.17999999999819
2.75 4.25 2.75 52.189999999998186
2.75 4.25 3.0 52.199999999998184
2.75 4.25 3.25 52.20999999999818
2.75 4.25 3.5 52.21999999999818
2.75 4.25 3.75 52.22999999999818
2.75 4.25 4.0 52.239999999998176
2.75 4.25 4.25 52.249999999998174
2.75 4.25 4.5 52.25999999999817
2.75 4.25 4.75 52.26999999999817
2.75 4.25 5.0 52.27999999999817
2.75 4.5 0.0 52.289999999998166
2.75 4.5 0.25 52.299999999998164
2.75 4.5 0.5 52.30999999999816
2.75 4.5 0.75 52.31999999999816
2.75 4.5 1.0 52.32999999999816
2.75 4.5 1.25 52.339999999998156
2.75 4.5 1.5 52.349999999998154
2.75 4.5 1.75 52.35999999999815
2.75 4.5 2.0 52.36999999999815
2.75 4.5 2.25 52.37999999999815
2.75 4.5 2.5 52.389999999998146
2.75 4.5 2.75 52.399999999998144
2.75 4.5 3.0 52.40999999999814
2.75 4.5 3.25 52.41999999999814
2.75 4.5 3.5 52.42999999999814
2.75 4.5 3.75 52.439999999998136
2.75 4.5 4.0 52.449999999998134
2.75 4.5 4.25 52.45999999999813
2.75 4.5 4.5 52.46999999999813
2.75 4.5 4.75 52.47999999999813
2.75 4.5 5.0 52.489999999998126
2.75 4.75 0.0 52.499999999998124
2.75 4.75 0.25 52.50999999999812
2.75 4.75 0.5 52.51999999999812
2.75 4.75 0.75 52.52999999999812
2.75 4.75 1.0 52.539999999998116
2.75 4.75 1.25 52.549999999998114
2.75 4.75 1.5 52.55999999999811
2.75 4.75 1.75 52.56999999999811
2.75 4.75 2.0 52.57999999999811
2.75 4.75 2.25 52.589999999998106
2.75 4.75 2.5 52.599999999998104
2.75 4.75 2.75 52.6099999999981
2.75 4.75 3.0 52.6199999999981
2.75 4.75 3.25 52.6299999999981
2.75 4.75 3.5 52.639999999998096
2.75 4.75 3.75 52.649999999998094
2.75 4.75 4.0 52.65999999999809
2.75 4.75 4.25 52.66999999999809
2.75 4.75 4.5 52.67999999999809
2.75 4.75 4.75 52.689999999998086
2.75 4.75 5.0 52.699999999998084
2.75 5.0 0.0 52.70999999999808
2.75 5.0 0.25 52.71999999999808
2.75 5.0 0.5 52.72999999999808
2.75 5.0 0.75 52.739999999998076
2.75 5.0 1.0 52.749999999998074
2.75 5.0 1.25 52.75999999999807
2.75 5.0 1.5 52.76999999999807
2.75 5.0 1.75 52.77999999999807
2.75 5.0 2.0 52.78999999999807
2.75 5.0 2.25 52.799999999998064
2.75 5.0 2.5 52.80999999999806
2.75 5.0 2.75 52.81999999999806
2.75 5.0 3.0 52.82999999999806
2.75 5.0 3.25 52.83999999999806
2.75 5.0 3.5 52.849999999998055
2.75 5.0 3.75 52.85999999999805
2.75 5.0 4.0 52.86999999999805
2.75 5.0 4.25 52.87999999999805
2.75 5.0 4.5 52.88999999999805
2.75 5.0 4.75 52.899999999998045
2.75 5.0 5.0 52.90999999999804
3.0 0.0 0.0 52.91999999999804
3.0 0.0 0.25 52.92999999999804
3.0 0.0 0.5 52.93999999999804
3.0 0.0 0.75 52.949999999998035
3.0 0.0 1.0 52.95999999999803
3.0 0.0 1.25 52.96999999999803
3.0 0.0 1.5 52.97999999999803
3.0 0.0 1.75 52.98999999999803
3.0 0.0 2.0 52.999999999998025
3.0 0.0 2.25 53.00999999999802
3.0 0.0 2.5 53.01999999999802
3.0 0.0 2.75 53.02999999999802
3.0 0.0 3.0 53.03999999999802
3.0 0.0 3.25 53.049999999998015
3.0 0.0 3.5 53.05999999999801
3.0 0.0 3.75 53.06999999999801
3.0 0.0 4.0 53.07999999999801
3.0 0.0 4.25 53.08999999999801
3.0 0.0 4.5 53.099999999998005
3.0 0.0 4.75 53.109999999998
3.0 0.0 5.0 53.119999999998
3.0 0.25 0.0 53.129999999998
3.0 0.25 0.25 53.139999999998
3.0 0.25 0.5 53.149999999997995
3.0 0.25 0.75 53.15999999999799
3.0 0.25 1.0 53.16999999999799
3.0 0.25 1.25 53.17999999999799
3.0 0.25 1.5 53.18999999999799
3.0 0.25 1.75 53.199999999997985
3.0 0.25 2.0 53.20999999999798
3.0 0.25 2.25 53.21999999999798
3.0 0.25 2.5 53.22999999999798
3.0 0.25 2.75 53.23999999999798
3.0 0.25 3.0 53.249999999997975
3.0 0.25 3.25 53.25999999999797
3.0 0.25 3.5 53.26999999999797
3.0 0.25 3.75 53.27999999999797
3.0 0.25 4.0 53.28999999999797
3.0 0.25 4.25 53.299999999997965
3.0 0.25 4.5 53.30999999999796
3.0 0.25 4.75 53.31999999999796
3.0 0.25 5.0 53.32999999999796
3.0 0.5 0.0 53.33999999999796
3.0 0.5 0.25 53.349999999997955
3.0 0.5 0.5 53.35999999999795
3.0 0.5 0.75 53.36999999999795
3.0 0.5 1.0 53.37999999999795
3.0 0.5 1.25 53.38999999999795
3.0 0.5 1.5 53.399999999997945
3.0 0.5 1.75 53.40999999999794
3.0 0.5 2.0 53.41999999999794
3.0 0.5 2.25 53.42999999999794
3.0 0.5 2.5 53.43999999999794
3.0 0.5 2.75 53.449999999997935
3.0 0.5 3.0 53.45999999999793
3.0 0.5 3.25 53.46999999999793
3.0 0.5 3.5 53.47999999999793
3.0 0.5 3.75 53.48999999999793
3.0 0.5 4.0 53.499999999997925
3.0 0.5 4.25 53.50999999999792
3.0 0.5 4.5 53.51999999999792
3.0 0.5 4.75 53.52999999999792
3.0 0.5 5.0 53.53999999999792
3.0 0.75 0.0 53.549999999997915
3.0 0.75 0.25 53.55999999999791
3.0 0.75 0.5 53.56999999999791
3.0 0.75 0.75 53.57999999999791
3.0 0.75 1.0 53.58999999999791
3.0 0.75 1.25 53.599999999997905
3.0 0.75 1.5 53.6099999999979
3.0 0.75 1.75 53.6199999999979
3.0 0.75 2.0 53.6299999999979
3.0 0.75 2.25 53.6399999999979
3.0 0.75 2.5 53.649999999997895
3.0 0.75 2.75 53.65999999999789
3.0 0.75 3.0 53.66999999999789
3.0 0.75 3.25 53.67999999999789
3.0 0.75 3.5 53.68999999999789
3.0 0.75 3.75 53.699999999997885
3.0 0.75 4.0 53.70999999999788
3.0 0.75 4.25 53.71999999999788
3.0 0.75 4.5 53.72999999999788
3.0 0.75 4.75 53.73999999999788
3.0 0.75 5.0 53.749999999997875
3.0 1.0 0.0 53.75999999999787
3.0 1.0 0.25 53.76999999999787
3.0 1.0 0.5 53.77999999999787
3.0 1.0 0.75 53.78999999999787
3.0 1.0 1.0 53.799999999997866
3.0 1.0 1.25 53.80999999999786
3.0 1.0 1.5 53.81999999999786
3.0 1.0 1.75 53.82999999999786
3.0 1.0 2.0 53.83999999999786
3.0 1.0 2.25 53.849999999997856
3.0 1.0 2.5 53.859999999997854
3.0 1.0 2.75 53.86999999999785
3.0 1.0 3.0 53.87999999999785
3.0 1.0 3.25 53.88999999999785
3.0 1.0 3.5 53.899999999997846
3.0 1.0 3.75 53.909999999997844
3.0 1.0 4.0 53.91999999999784
3.0 1.0 4.25 53.92999999999784
3.0 1.0 4.5 53.93999999999784
3.0 1.0 4.75 53.949999999997836
3.0 1.0 5.0 53.959999999997834
3.0 1.25 0.0 53.96999999999783
3.0 1.25 0.25 53.97999999999783
3.0 1.25 0.5 53.98999999999783
3.0 1.25 0.75 53.999999999997826
3.0 1.25 1.0 54.009999999997824
3.0 1.25 1.25 54.01999999999782
3.0 1.25 1.5 54.02999999999782
3.0 1.25 1.75 54.03999999999782
3.0 1.25 2.0 54.049999999997816
3.0 1.25 2.25 54.059999999997814
3.0 1.25 2.5 54.06999999999781
3.0 1.25 2.75 54.07999999999781
3.0 1.25 3.0 54.08999999999781
3.0 1.25 3.25 54.099999999997806
3.0 1.25 3.5 54.109999999997804
3.0 1.25 3.75 54.1199999999978
3.0 1.25 4.0 54.1299999999978
3.0 1.25 4.25 54.1399999999978
3.0 1.25 4.5 54.149999999997796
3.0 1.25 4.75 54.159999999997794
3.0 1.25 5.0 54.16999999999779
3.0 1.5 0.0 54.17999999999779
3.0 1.5 0.25 54.18999999999779
3.0 1.5 0.5 54.199999999997786
3.0 1.5 0.75 54.209999999997784
3.0 1.5 1.0 54.21999999999778
3.0 1.5 1.25 54.22999999999778
3.0 1.5 1.5 54.23999999999778
3.0 1.5 1.75 54.249999999997776
3.0 1.5 2.0 54.259999999997774
3.0 1.5 2.25 54.26999999999777
3.0 1.5 2.5 54.27999999999777
3.0 1.5 2.75 54.28999999999777
3.0 1.5 3.0 54.299999999997766
3.0 1.5 3.25 54.309999999997764
3.0 1.5 3.5 54.31999999999776
3.0 1.5 3.75 54.32999999999776
3.0 1.5 4.0 54.33999999999776
3.0 1.5 4.25 54.349999999997756
3.0 1.5 4.5 54.359999999997754
3.0 1.5 4.75 54.36999999999775
3.0 1.5 5.0 54.37999999999775
3.0 1.75 0.0 54.38999999999775
3.0 1.75 0.25 54.399999999997746
3.0 1.75 0.5 54.409999999997744
3.0 1.75 0.75 54.41999999999774
3.0 1.75 1.0 54.42999999999774
3.0 1.75 1.25 54.43999999999774
3.0 1.75 1.5 54.449999999997736
3.0 1.75 1.75 54.459999999997734
3.0 1.75 2.0 54.46999999999773
3.0 1.75 2.25 54.47999999999773
3.0 1.75 2.5 54.48999999999773
3.0 1.75 2.75 54.499999999997726
3.0 1.75 3.0 54.509999999997724
3.0 1.75 3.25 54.51999999999772
3.0 1.75 3.5 54.52999999999772
3.0 1.75 3.75 54.53999999999772
3.0 1.75 4.0 54.549999999997716
3.0 1.75 4.25 54.559999999997714
3.0 1.75 4.5 54.56999999999771
3.0 1.75 4.75 54.57999999999771
3.0 1.75 5.0 54.58999999999771
3.0 2.0 0.0 54.599999999997706
3.0 2.0 0.25 54.609999999997704
3.0 2.0 0.5 54.6199999999977
3.0 2.0 0.75 54.6299999999977
3.0 2.0 1.0 54.6399999999977
3.0 2.0 1.25 54.649999999997696
3.0 2.0 1.5 54.659999999997694
3.0 2.0 1.75 54.66999999999769
3.0 2.0 2.0 54.67999999999769
3.0 2.0 2.25 54.68999999999769
3.0 2.0 2.5 54.69999999999769
3.0 2.0 2.75 54.709999999997684
3.0 2.0 3.0 54.71999999999768
3.0 2.0 3.25 54.72999999999768
3.0 2.0 3.5 54.73999999999768
3.0 2.0 3.75 54.74999999999768
3.0 2.0 4.0 54.759999999997675
3.0 2.0 4.25 54.76999999999767
3.0 2.0 4.5 54.77999999999767
3.0 2.0 4.75 54.78999999999767
3.0 2.0 5.0 54.79999999999767
3.0 2.25 0.0 54.809999999997665
3.0 2.25 0.25 54.81999999999766
3.0 2.25 0.5 54.82999999999766
3.0 2.25 0.75 54.83999999999766
3.0 2.25 1.0 54.84999999999766
3.0 2.25 1.25 54.859999999997655
3.0 2.25 1.5 54.86999999999765
3.0 2.25 1.75 54.87999999999765
3.0 2.25 2.0 54.88999999999765
3.0 2.25 2.25 54.89999999999765
3.0 2.25 2.5 54.909999999997645
3.0 2.25 2.75 54.91999999999764
3.0 2.25 3.0 54.92999999999764
3.0 2.25 3.25 54.93999999999764
3.0 2.25 3.5 54.94999999999764
3.0 2.25 3.75 54.959999999997635
3.0 2.25 4.0 54.96999999999763
3.0 2.25 4.25 54.97999999999763
3.0 2.25 4.5 54.98999999999763
3.0 2.25 4.75 54.99999999999763
3.0 2.25 5.0 55.009999999997625
3.0 2.5 0.0 55.01999999999762
3.0 2.5 0.25 55.02999999999762
3.0 2.5 0.5 55.03999999999762
3.0 2.5 0.75 55.04999999999762
3.0 2.5 1.0 55.059999999997615
3.0 2.5 1.25 55.06999999999761
3.0 2.5 1.5 55.07999999999761
3.0 2.5 1.75 55.08999999999761
3.0 2.5 2.0 55.09999999999761
3.0 2.5 2.25 55.109999999997605
3.0 2.5 2.5 55.1199999999976
3.0 2.5 2.75 55.1299999999976
3.0 2.5 3.0 55.1399999999976
3.0 2.5 3.25 55.1499999999976
3.0 2.5 3.5 55.159999999997595
3.0 2.5 3.75 55.16999999999759
3.0 2.5 4.0 55.17999999999759
3.0 2.5 4.25 55.18999999999759
3.0 2.5 4.5 55.19999999999759
3.0 2.5 4.75 55.209999999997585
3.0 2.5 5.0 55.21999999999758
3.0 2.75 0.0 55.22999999999758
3.0 2.75 0.25 55.23999999999758
3.0 2.75 0.5 55.24999999999758
3.0 2.75 0.75 55.259999999997575
3.0 2.75 1.0 55.26999999999757
3.0 2.75 1.25 55.27999999999757
3.0 2.75 1.5 55.28999999999757
3.0 2.75 1.75 55.29999999999757
3.0 2.75 2.0 55.309999999997565
3.0 2.75 2.25 55.31999999999756
3.0 2.75 2.5 55.32999999999756
3.0 2.75 2.75 55.33999999999756
3.0 2.75 3.0 55.34999999999756
3.0 2.75 3.25 55.359999999997555
3.0 2.75 3.5 55.36999999999755
3.0 2.75 3.75 55.37999999999755
3.0 2.75 4.0 55.38999999999755
3.0 2.75 4.25 55.39999999999755
3.0 2.75 4.5 55.409999999997545
3.0 2.75 4.75 55.41999999999754
3.0 2.75 5.0 55.42999999999754
3.0 3.0 0.0 55.43999999999754
3.0 3.0 0.25 55.44999999999754
3.0 3.0 0.5 55.459999999997535
3.0 3.0 0.75 55.46999999999753
3.0 3.0 1.0 55.47999999999753
3.0 3.0 1.25 55.48999999999753
3.0 3.0 1.5 55.49999999999753
3.0 3.0 1.75 55.509999999997525
3.0 3.0 2.0 55.51999999999752
3.0 3.0 2.25 55.52999999999752
3.0 3.0 2.5 55.53999999999752
3.0 3.0 2.75 55.54999999999752
3.0 3.0 3.0 55.559999999997515
3.0 3.0 3.25 55.56999999999751
3.0 3.0 3.5 55.57999999999751
3.0 3.0 3.75 55.58999999999751
3.0 3.0 4.0 55.59999999999751
3.0 3.0 4.25 55.609999999997505
3.0 3.0 4.5 55.6199999999975
3.0 3.0 4.75 55.6299999999975
3.0 3.0 5.0 55.6399999999975
3.0 3.25 0.0 55.6499999999975
3.0 3.25 0.25 55.659999999997495
3.0 3.25 0.5 55.66999999999749
3.0 3.25 0.75 55.67999999999749
3.0 3.25 1.0 55.68999999999749
3.0 3.25 1.25 55.69999999999749
3.0 3.25 1.5 55.709999999997486
3.0 3.25 1.75 55.71999999999748
3.0 3.25 2.0 55.72999999999748
3.0 3.25 2.25 55.73999999999748
3.0 3.25 2.5 55.74999999999748
3.0 3.25 2.75 55.759999999997476
3.0 3.25 3.0 55.769999999997474
3.0 3.25 3.25 55.77999999999747
3.0 3.25 3.5 55.78999999999747
3.0 3.25 3.75 55.79999999999747
3.0 3.25 4.0 55.809999999997466
3.0 3.25 4.25 55.819999999997464
3.0 3.25 4.5 55.82999999999746
3.0 3.25 4.75 55.83999999999746
3.0 3.25 5.0 55.84999999999746
3.0 3.5 0.0 55.859999999997456
3.0 3.5 0.25 55.869999999997454
3.0 3.5 0.5 55.87999999999745
3.0 3.5 0.75 55.88999999999745
3.0 3.5 1.0 55.89999999999745
3.0 3.5 1.25 55.909999999997446
3.0 3.5 1.5 55.919999999997444
3.0 3.5 1.75 55.92999999999744
3.0 3.5 2.0 55.93999999999744
3.0 3.5 2.25 55.94999999999744
3.0 3.5 2.5 55.959999999997436
3.0 3.5 2.75 55.969999999997434
3.0 3.5 3.0 55.97999999999743
3.0 3.5 3.25 55.98999999999743
3.0 3.5 3.5 55.99999999999743
3.0 3.5 3.75 56.009999999997426
3.0 3.5 4.0 56.019999999997424
3.0 3.5 4.25 56.02999999999742
3.0 3.5 4.5 56.03999999999742
3.0 3.5 4.75 56.04999999999742
3.0 3.5 5.0 56.059999999997416
3.0 3.75 0.0 56.069999999997414
3.0 3.75 0.25 56.07999999999741
3.0 3.75 0.5 56.08999999999741
3.0 3.75 0.75 56.09999999999741
3.0 3.75 1.0 56.109999999997406
3.0 3.75 1.25 56.119999999997404
3.0 3.75 1.5 56.1299999999974
3.0 3.75 1.75 56.1399999999974
3.0 3.75 2.0 56.1499999999974
3.0 3.75 2.25 56.159999999997396
3.0 3.75 2.5 56.169999999997394
3.0 3.75 2.75 56.17999999999739
3.0 3.75 3.0 56.18999999999739
3.0 3.75 3.25 56.19999999999739
3.0 3.75 3.5 56.209999999997386
3.0 3.75 3.75 56.219999999997384
3.0 3.75 4.0 56.22999999999738
3.0 3.75 4.25 56.23999999999738
3.0 3.75 4.5 56.24999999999738
3.0 3.75 4.75 56.259999999997376
3.0 3.75 5.0 56.269999999997374
3.0 4.0 0.0 56.27999999999737
3.0 4.0 0.25 56.28999999999737
3.0 4.0 0.5 56.29999999999737
3.0 4.0 0.75 56.309999999997366
3.0 4.0 1.0 56.319999999997364
3.0 4.0 1.25 56.32999999999736
3.0 4.0 1.5 56.33999999999736
3.0 4.0 1.75 56.34999999999736
3.0 4.0 2.0 56.359999999997356
3.0 4.0 2.25 56.369999999997354
3.0 4.0 2.5 56.37999999999735
3.0 4.0 2.75 56.38999999999735
3.0 4.0 3.0 56.39999999999735
3.0 4.0 3.25 56.409999999997346
3.0 4.0 3.5 56.419999999997344
3.0 4.0 3.75 56.42999999999734
3.0 4.0 4.0 56.43999999999734
3.0 4.0 4.25 56.44999999999734
3.0 4.0 4.5 56.459999999997336
3.0 4.0 4.75 56.469999999997334
3.0 4.0 5.0 56.47999999999733
3.0 4.25 0.0 56.48999999999733
3.0 4.25 0.25 56.49999999999733
3.0 4.25 0.5 56.509999999997326
3.0 4.25 0.75 56.519999999997324
3.0 4.25 1.0 56.52999999999732
3.0 4.25 1.25 56.53999999999732
3.0 4.25 1.5 56.54999999999732
3.0 4.25 1.75 56.559999999997316
3.0 4.25 2.0 56.569999999997314
3.0 4.25 2.25 56.57999999999731
3.0 4.25 2.5 56.58999999999731
3.0 4.25 2.75 56.59999999999731
3.0 4.25 3.0 56.60999999999731
3.0 4.25 3.25 56.619999999997304
3.0 4.25 3.5 56.6299999999973
3.0 4.25 3.75 56.6399999999973
3.0 4.25 4.0 56.6499999999973
3.0 4.25 4.25 56.6599999999973
3.0 4.25 4.5 56.669999999997295
3.0 4.25 4.75 56.67999999999729
3.0 4.25 5.0 56.68999999999729
3.0 4.5 0.0 56.69999999999729
3.0 4.5 0.25 56.70999999999729
3.0 4.5 0.5 56.719999999997285
3.0 4.5 0.75 56.72999999999728
3.0 4.5 1.0 56.73999999999728
3.0 4.5 1.25 56.74999999999728
3.0 4.5 1.5 56.75999999999728
3.0 4.5 1.75 56.769999999997275
3.0 4.5 2.0 56.77999999999727
3.0 4.5 2.25 56.78999999999727
3.0 4.5 2.5 56.79999999999727
3.0 4.5 2.75 56.80999999999727
3.0 4.5 3.0 56.819999999997265
3.0 4.5 3.25 56.82999999999726
3.0 4.5 3.5 56.83999999999726
3.0 4.5 3.75 56.84999999999726
3.0 4.5 4.0 56.85999999999726
3.0 4.5 4.25 56.869999999997255
3.0 4.5 4.5 56.87999999999725
3.0 4.5 4.75 56.88999999999725
3.0 4.5 5.0 56.89999999999725
3.0 4.75 0.0 56.90999999999725
3.0 4.75 0.25 56.919999999997245
3.0 4.75 0.5 56.92999999999724
3.0 4.75 0.75 56.93999999999724
3.0 4.75 1.0 56.94999999999724
3.0 4.75 1.25 56.95999999999724
3.0 4.75 1.5 56.969999999997235
3.0 4.75 1.75 56.97999999999723
3.0 4.75 2.0 56.98999999999723
3.0 4.75 2.25 56.99999999999723
3.0 4.75 2.5 57.00999999999723
3.0 4.75 2.75 57.019999999997225
3.0 4.75 3.0 57.02999999999722
3.0 4.75 3.25 57.03999999999722
3.0 4.75 3.5 57.04999999999722
3.0 4.75 3.75 57.05999999999722
3.0 4.75 4.0 57.069999999997215
3.0 4.75 4.25 57.07999999999721
3.0 4.75 4.5 57.08999999999721
3.0 4.75 4.75 57.09999999999721
3.0 4.75 5.0 57.10999999999721
3.0 5.0 0.0 57.119999999997205
3.0 5.0 0.25 57.1299999999972
3.0 5.0 0.5 57.1399999999972
3.0 5.0 0.75 57.1499999999972
3.0 5.0 1.0 57.1599999999972
3.0 5.0 1.25 57.169999999997195
3.0 5.0 1.5 57.17999999999719
3.0 5.0 1.75 57.18999999999719
3.0 5.0 2.0 57.19999999999719
3.0 5.0 2.25 57.20999999999719
3.0 5.0 2.5 57.219999999997185
3.0 5.0 2.75 57.22999999999718
3.0 5.0 3.0 57.23999999999718
3.0 5.0 3.25 57.24999999999718
3.0 5.0 3.5 57.25999999999718
3.0 5.0 3.75 57.269999999997175
3.0 5.0 4.0 57.27999999999717
3.0 5.0 4.25 57.28999999999717
3.0 5.0 4.5 57.29999999999717
3.0 5.0 4.75 57.30999999999717
3.0 5.0 5.0 57.319999999997165
3.25 0.0 0.0 57.32999999999716
3.25 0.0 0.25 57.33999999999716
3.25 0.0 0.5 57.34999999999716
3.25 0.0 0.75 57.35999999999716
3.25 0.0 1.0 57.369999999997155
3.25 0.0 1.25 57.37999999999715
3.25 0.0 1.5 57.38999999999715
3.25 0.0 1.75 57.39999999999715
3.25 0.0 2.0 57.40999999999715
3.25 0.0 2.25 57.419999999997145
3.25 0.0 2.5 57.42999999999714
3.25 0.0 2.75 57.43999999999714
3.25 0.0 3.0 57.44999999999714
3.25 0.0 3.25 57.45999999999714
3.25 0.0 3.5 57.469999999997135
3.25 0.0 3.75 57.47999999999713
3.25 0.0 4.0 57.48999999999713
3.25 0.0 4.25 57.49999999999713
3.25 0.0 4.5 57.50999999999713
3.25 0.0 4.75 57.519999999997125
3.25 0.0 5.0 57.52999999999712
3.25 0.25 0.0 57.53999999999712
3.25 0.25 0.25 57.54999999999712
3.25 0.25 0.5 57.55999999999712
3.25 0.25 0.75 57.569999999997115
3.25 0.25 1.0 57.57999999999711
3.25 0.25 1.25 57.58999999999711
3.25 0.25 1.5 57.59999999999711
3.25 0.25 1.75 57.60999999999711
3.25 0.25 2.0 57.619999999997106
3.25 0.25 2.25 57.6299999999971
3.25 0.25 2.5 57.6399999999971
3.25 0.25 2.75 57.6499999999971
3.25 0.25 3.0 57.6599999999971
3.25 0.25 3.25 57.669999999997096
3.25 0.25 3.5 57.679999999997094
3.25 0.25 3.75 57.68999999999709
3.25 0.25 4.0 57.69999999999709
3.25 0.25 4.25 57.70999999999709
3.25 0.25 4.5 57.719999999997086
3.25 0.25 4.75 57.729999999997084
3.25 0.25 5.0 57.73999999999708
3.25 0.5 0.0 57.74999999999708
3.25 0.5 0.25 57.75999999999708
3.25 0.5 0.5 57.769999999997076
3.25 0.5 0.75 57.779999999997074
3.25 0.5 1.0 57.78999999999707
3.25 0.5 1.25 57.79999999999707
3.25 0.5 1.5 57.80999999999707
3.25 0.5 1.75 57.819999999997066
3.25 0.5 2.0 57.829999999997064
3.25 0.5 2.25 57.83999999999706
3.25 0.5 2.5 57.84999999999706
3.25 0.5 2.75 57.85999999999706
3.25 0.5 3.0 57.869999999997056
3.25 0.5 3.25 57.879999999997054
3.25 0.5 3.5 57.88999999999705
3.25 0.5 3.75 57.89999999999705
3.25 0.5 4.0 57.90999999999705
3.25 0.5 4.25 57.919999999997046
3.25 0.5 4.5 57.929999999997044
3.25 0.5 4.75 57.93999999999704
3.25 0.5 5.0 57.94999999999704
3.25 0.75 0.0 57.95999999999704
3.25 0.75 0.25 57.969999999997036
3.25 0.75 0.5 57.979999999997034
3.25 0.75 0.75 57.98999999999703
3.25 0.75 1.0 57.99999999999703
3.25 0.75 1.25 58.00999999999703
3.25 0.75 1.5 58.019999999997026
3.25 0.75 1.75 58.029999999997024
3.25 0.75 2.0 58.03999999999702
3.25 0.75 2.25 58.04999999999702
3.25 0.75 2.5 58.05999999999702
3.25 0.75 2.75 58.069999999997016
3.25 0.75 3.0 58.079999999997014
3.25 0.75 3.25 58.08999999999701
3.25 0.75 3.5 58.09999999999701
3.25 0.75 3.75 58.10999999999701
3.25 0.75 4.0 58.119999999997006
3.25 0.75 4.25 58.129999999997004
3.25 0.75 4.5 58.139999999997
3.25 0.75 4.75 58.149999999997
3.25 0.75 5.0 58.159999999997
3.25 1.0 0.0 58.169999999996996
3.25 1.0 0.25 58.179999999996994
3.25 1.0 0.5 58.18999999999699
3.25 1.0 0.75 58.19999999999699
3.25 1.0 1.0 58.20999999999699
3.25 1.0 1.25 58.219999999996986
3.25 1.0 1.5 58.229999999996984
3.25 1.0 1.75 58.23999999999698
3.25 1.0 2.0 58.24999999999698
3.25 1.0 2.25 58.25999999999698
3.25 1.0 2.5 58.269999999996976
3.25 1.0 2.75 58.279999999996974
3.25 1.0 3.0 58.28999999999697
3.25 1.0 3.25 58.29999999999697
3.25 1.0 3.5 58.30999999999697
3.25 1.0 3.75 58.319999999996966
3.25 1.0 4.0 58.329999999996964
3.25 1.0 4.25 58.33999999999696
3.25 1.0 4.5 58.34999999999696
3.25 1.0 4.75 58.35999999999696
3.25 1.0 5.0 58.369999999996956
3.25 1.25 0.0 58.379999999996954
3.25 1.25 0.25 58.38999999999695
3.25 1.25 0.5 58.39999999999695
3.25 1.25 0.75 58.40999999999695
3.25 1.25 1.0 58.419999999996946
3.25 1.25 1.25 58.429999999996944
3.25 1.25 1.5 58.43999999999694
3.25 1.25 1.75 58.44999999999694
3.25 1.25 2.0 58.45999999999694
3.25 1.25 2.25 58.469999999996936
3.25 1.25 2.5 58.479999999996934
3.25 1.25 2.75 58.48999999999693
3.25 1.25 3.0 58.49999999999693
3.25 1.25 3.25 58.50999999999693
3.25 1.25 3.5 58.51999999999693
3.25 1.25 3.75 58.529999999996924
3.25 1.25 4.0 58.53999999999692
3.25 1.25 4.25 58.54999999999692
3.25 1.25 4.5 58.55999999999692
3.25 1.25 4.75 58.56999999999692
3.25 1.25 5.0 58.579999999996915
3.25 1.5 0.0 58.58999999999691
3.25 1.5 0.25 58.59999999999691
3.25 1.5 0.5 58.60999999999691
3.25 1.5 0.75 58.61999999999691
3.25 1.5 1.0 58.629999999996905
3.25 1.5 1.25 58.6399999999969
3.25 1.5 1.5 58.6499999999969
3.25 1.5 1.75 58.6599999999969
3.25 1.5 2.0 58.6699999999969
3.25 1.5 2.25 58.679999999996895
3.25 1.5 2.5 58.68999999999689
3.25 1.5 2.75 58.69999999999689
3.25 1.5 3.0 58.70999999999689
3.25 1.5 3.25 58.71999999999689
3.25 1.5 3.5 58.729999999996885
3.25 1.5 3.75 58.73999999999688
3.25 1.5 4.0 58.74999999999688
3.25 1.5 4.25 58.75999999999688
3.25 1.5 4.5 58.76999999999688
3.25 1.5 4.75 58.779999999996875
3.25 1.5 5.0 58.78999999999687
3.25 1.75 0.0 58.79999999999687
3.25 1.75 0.25 58.80999999999687
3.25 1.75 0.5 58.81999999999687
3.25 1.75 0.75 58.829999999996865
3.25 1.75 1.0 58.83999999999686
3.25 1.75 1.25 58.84999999999686
3.25 1.75 1.5 58.85999999999686
3.25 1.75 1.75 58.86999999999686
3.25 1.75 2.0 58.879999999996855
3.25 1.75 2.25 58.88999999999685
3.25 1.75 2.5 58.89999999999685
3.25 1.75 2.75 58.90999999999685
3.25 1.75 3.0 58.91999999999685
3.25 1.75 3.25 58.929999999996845
3.25 1.75 3.5 58.93999999999684
3.25 1.75 3.75 58.94999999999684
3.25 1.75 4.0 58.95999999999684
3.25 1.75 4.25 58.96999999999684
3.25 1.75 4.5 58.979999999996835
3.25 1.75 4.75 58.98999999999683
3.25 1.75 5.0 58.99999999999683
3.25 2.0 0.0 59.00999999999683
3.25 2.0 0.25 59.01999999999683
3.25 2.0 0.5 59.029999999996825
3.25 2.0 0.75 59.03999999999682
3.25 2.0 1.0 59.04999999999682
3.25 2.0 1.25 59.05999999999682
3.25 2.0 1.5 59.06999999999682
3.25 2.0 1.75 59.079999999996815
3.25 2.0 2.0 59.08999999999681
3.25 2.0 2.25 59.09999999999681
3.25 2.0 2.5 59.10999999999681
3.25 2.0 2.75 59.11999999999681
3.25 2.0 3.0 59.129999999996805
3.25 2.0 3.25 59.1399999999968
3.25 2.0 3.5 59.1499999999968
3.25 2.0 3.75 59.1599999999968
3.25 2.0 4.0 59.1699999999968
3.25 2.0 4.25 59.179999999996795
3.25 2.0 4.5 59.18999999999679
3.25 2.0 4.75 59.19999999999679
3.25 2.0 5.0 59.20999999999679
3.25 2.25 0.0 59.21999999999679
3.25 2.25 0.25 59.229999999996785
3.25 2.25 0.5 59.23999999999678
3.25 2.25 0.75 59.24999999999678
3.25 2.25 1.0 59.25999999999678
3.25 2.25 1.25 59.26999999999678
3.25 2.25 1.5 59.279999999996775
3.25 2.25 1.75 59.28999999999677
3.25 2.25 2.0 59.29999999999677
3.25 2.25 2.25 59.30999999999677
3.25 2.25 2.5 59.31999999999677
3.25 2.25 2.75 59.329999999996765
3.25 2.25 3.0 59.33999999999676
3.25 2.25 3.25 59.34999999999676
3.25 2.25 3.5 59.35999999999676
3.25 2.25 3.75 59.36999999999676
3.25 2.25 4.0 59.379999999996755
3.25 2.25 4.25 59.38999999999675
3.25 2.25 4.5 59.39999999999675
3.25 2.25 4.75 59.40999999999675
3.25 2.25 5.0 59.41999999999675
3.25 2.5 0.0 59.429999999996745
3.25 2.5 0.25 59.43999999999674
3.25 2.5 0.5 59.44999999999674
3.25 2.5 0.75 59.45999999999674
3.25 2.5 1.0 59.46999999999674
3.25 2.5 1.25 59.479999999996735
3.25 2.5 1.5 59.48999999999673
3.25 2.5 1.75 59.49999999999673
3.25 2.5 2.0 59.50999999999673
3.25 2.5 2.25 59.51999999999673
3.25 2.5 2.5 59.529999999996726
3.25 2.5 2.75 59.53999999999672
3.25 2.5 3.0 59.54999999999672
3.25 2.5 3.25 59.55999999999672
3.25 2.5 3.5 59.56999999999672
3.25 2.5 3.75 59.579999999996716
3.25 2.5 4.0 59.589999999996714
3.25 2.5 4.25 59.59999999999671
3.25 2.5 4.5 59.60999999999671
3.25 2.5 4.75 59.61999999999671
3.25 2.5 5.0 59.629999999996706
3.25 2.75 0.0 59.639999999996704
3.25 2.75 0.25 59.6499999999967
3.25 2.75 0.5 59.6599999999967
3.25 2.75 0.75 59.6699999999967
3.25 2.75 1.0 59.679999999996696
3.25 2.75 1.25 59.689999999996694
3.25 2.75 1.5 59.69999999999669
3.25 2.75 1.75 59.70999999999669
3.25 2.75 2.0 59.71999999999669
3.25 2.75 2.25 59.729999999996686
3.25 2.75 2.5 59.739999999996684
3.25 2.75 2.75 59.74999999999668
3.25 2.75 3.0 59.75999999999668
3.25 2.75 3.25 59.76999999999668
3.25 2.75 3.5 59.779999999996676
3.25 2.75 3.75 59.789999999996674
3.25 2.75 4.0 59.79999999999667
3.25 2.75 4.25 59.80999999999667
3.25 2.75 4.5 59.81999999999667
3.25 2.75 4.75 59.829999999996666
3.25 2.75 5.0 59.839999999996664
3.25 3.0 0.0 59.84999999999666
3.25 3.0 0.25 59.85999999999666
3.25 3.0 0.5 59.86999999999666
3.25 3.0 0.75 59.879999999996656
3.25 3.0 1.0 59.889999999996654
3.25 3.0 1.25 59.89999999999665
3.25 3.0 1.5 59.90999999999665
3.25 3.0 1.75 59.91999999999665
3.25 3.0 2.0 59.929999999996646
3.25 3.0 2.25 59.939999999996644
3.25 3.0 2.5 59.94999999999664
3.25 3.0 2.75 59.95999999999664
3.25 3.0 3.0 59.96999999999664
3.25 3.0 3.25 59.979999999996636
3.25 3.0 3.5 59.989999999996634
3.25 3.0 3.75 59.99999999999663
3.25 3.0 4.0 60.00999999999663
3.25 3.0 4.25 60.01999999999663
3.25 3.0 4.5 60.029999999996626
3.25 3.0 4.75 60.039999999996624
3.25 3.0 5.0 60.04999999999662
3.25 3.25 0.0 60.05999999999662
3.25 3.25 0.25 60.06999999999662
3.25 3.25 0.5 60.079999999996616
3.25 3.25 0.75 60.089999999996614
3.25 3.25 1.0 60.09999999999661
3.25 3.25 1.25 60.10999999999661
3.25 3.25 1.5 60.11999999999661
3.25 3.25 1.75 60.129999999996606
3.25 3.25 2.0 60.139999999996604
3.25 3.25 2.25 60.1499999999966
3.25 3.25 2.5 60.1599999999966
3.25 3.25 2.75 60.1699999999966
3.25 3.25 3.0 60.179999999996596
3.25 3.25 3.25 60.189999999996594
3.25 3.25 3.5 60.19999999999659
3.25 3.25 3.75 60.20999999999659
3.25 3.25 4.0 60.21999999999659
3.25 3.25 4.25 60.229999999996586
3.25 3.25 4.5 60.239999999996584
3.25 3.25 4.75 60.24999999999658
3.25 3.25 5.0 60.25999999999658
3.25 3.5 0.0 60.26999999999658
3.25 3.5 0.25 60.279999999996576
3.25 3.5 0.5 60.289999999996574
3.25 3.5 0.75 60.29999999999657
3.25 3.5 1.0 60.30999999999657
3.25 3.5 1.25 60.31999999999657
3.25 3.5 1.5 60.329999999996566
3.25 3.5 1.75 60.339999999996564
3.25 3.5 2.0 60.34999999999656
3.25 3.5 2.25 60.35999999999656
3.25 3.5 2.5 60.36999999999656
3.25 3.5 2.75 60.379999999996556
3.25 3.5 3.0 60.389999999996554
3.25 3.5 3.25 60.39999999999655
3.25 3.5 3.5 60.40999999999655
3.25 3.5 3.75 60.41999999999655
3.25 3.5 4.0 60.42999999999655
3.25 3.5 4.25 60.439999999996544
3.25 3.5 4.5 60.44999999999654
3.25 3.5 4.75 60.45999999999654
3.25 3.5 5.0 60.46999999999654
3.25 3.75 0.0 60.47999999999654
3.25 3.75 0.25 60.489999999996535
3.25 3.75 0.5 60.49999999999653
3.25 3.75 0.75 60.50999999999653
3.25 3.75 1.0 60.51999999999653
3.25 3.75 1.25 60.52999999999653
3.25 3.75 1.5 60.539999999996525
3.25 3.75 1.75 60.54999999999652
3.25 3.75 2.0 60.55999999999652
3.25 3.75 2.25 60.56999999999652
3.25 3.75 2.5 60.57999999999652
3.25 3.75 2.75 60.589999999996515
3.25 3.75 3.0 60.59999999999651
3.25 3.75 3.25 60.60999999999651
3.25 3.75 3.5 60.61999999999651
3.25 3.75 3.75 60.62999999999651
3.25 3.75 4.0 60.639999999996505
3.25 3.75 4.25 60.6499999999965
3.25 3.75 4.5 60.6599999999965
3.25 3.75 4.75 60.6699999999965
3.25 3.75 5.0 60.6799999999965
3.25 4.0 0.0 60.689999999996495
3.25 4.0 0.25 60.69999999999649
3.25 4.0 0.5 60.70999999999649
3.25 4.0 0.75 60.71999999999649
3.25 4.0 1.0 60.72999999999649
3.25 4.0 1.25 60.739999999996485
3.25 4.0 1.5 60.74999999999648
3.25 4.0 1.75 60.75999999999648
3.25 4.0 2.0 60.76999999999648
3.25 4.0 2.25 60.77999999999648
3.25 4.0 2.5 60.789999999996475
3.25 4.0 2.75 60.79999999999647
3.25 4.0 3.0 60.80999999999647
3.25 4.0 3.25 60.81999999999647
3.25 4.0 3.5 60.82999999999647
3.25 4.0 3.75 60.839999999996465
3.25 4.0 4.0 60.84999999999646
3.25 4.0 4.25 60.85999999999646
3.25 4.0 4.5 60.86999999999646
3.25 4.0 4.75 60.87999999999646
3.25 4.0 5.0 60.889999999996455
3.25 4.25 0.0 60.89999999999645
3.25 4.25 0.25 60.90999999999645
3.25 4.25 0.5 60.91999999999645
3.25 4.25 0.75 60.92999999999645
3.25 4.25 1.0 60.939999999996445
3.25 4.25 1.25 60.94999999999644
3.25 4.25 1.5 60.95999999999644
3.25 4.25 1.75 60.96999999999644
3.25 4.25 2.0 60.97999999999644
3.25 4.25 2.25 60.989999999996435
3.25 4.25 2.5 60.99999999999643
3.25 4.25 2.75 61.00999999999643
3.25 4.25 3.0 61.01999999999643
3.25 4.25 3.25 61.02999999999643
3.25 4.25 3.5 61.039999999996425
3.25 4.25 3.75 61.04999999999642
3.25 4.25 4.0 61.05999999999642
3.25 4.25 4.25 61.06999999999642
3.25 4.25 4.5 61.07999999999642
3.25 4.25 4.75 61.089999999996415
3.25 4.25 5.0 61.09999999999641
3.25 4.5 0.0 61.10999999999641
3.25 4.5 0.25 61.11999999999641
3.25 4.5 0.5 61.12999999999641
3.25 4.5 0.75 61.139999999996405
3.25 4.5 1.0 61.1499999999964
3.25 4.5 1.25 61.1599999999964
3.25 4.5 1.5 61.1699999999964
3.25 4.5 1.75 61.1799999999964
3.25 4.5 2.0 61.189999999996395
3.25 4.5 2.25 61.19999999999639
3.25 4.5 2.5 61.20999999999639
3.25 4.5 2.75 61.21999999999639
3.25 4.5 3.0 61.22999999999639
3.25 4.5 3.25 61.239999999996385
3.25 4.5 3.5 61.24999999999638
3.25 4.5 3.75 61.25999999999638
3.25 4.5 4.0 61.26999999999638
3.25 4.5 4.25 61.27999999999638
3.25 4.5 4.5 61.289999999996375
3.25 4.5 4.75 61.29999999999637
3.25 4.5 5.0 61.30999999999637
3.25 4.75 0.0 61.31999999999637
3.25 4.75 0.25 61.32999999999637
3.25 4.75 0.5 61.339999999996365
3.25 4.75 0.75 61.34999999999636
3.25 4.75 1.0 61.35999999999636
3.25 4.75 1.25 61.36999999999636
3.25 4.75 1.5 61.37999999999636
3.25 4.75 1.75 61.389999999996355
3.25 4.75 2.0 61.39999999999635
3.25 4.75 2.25 61.40999999999635
3.25 4.75 2.5 61.41999999999635
3.25 4.75 2.75 61.42999999999635
3.25 4.75 3.0 61.439999999996346
3.25 4.75 3.25 61.44999999999634
3.25 4.75 3.5 61.45999999999634
3.25 4.75 3.75 61.46999999999634
3.25 4.75 4.0 61.47999999999634
3.25 4.75 4.25 61.489999999996336
3.25 4.75 4.5 61.499999999996334
3.25 4.75 4.75 61.50999999999633
3.25 4.75 5.0 61.51999999999633
3.25 5.0 0.0 61.52999999999633
3.25 5.0 0.25 61.539999999996326
3.25 5.0 0.5 61.549999999996324
3.25 5.0 0.75 61.55999999999632
3.25 5.0 1.0 61.56999999999632
3.25 5.0 1.25 61.57999999999632
3.25 5.0 1.5 61.589999999996316
3.25 5.0 1.75 61.599999999996314
3.25 5.0 2.0 61.60999999999631
3.25 5.0 2.25 61.61999999999631
3.25 5.0 2.5 61.62999999999631
3.25 5.0 2.75 61.639999999996306
3.25 5.0 3.0 61.649999999996304
3.25 5.0 3.25 61.6599999999963
3.25 5.0 3.5 61.6699999999963
3.25 5.0 3.75 61.6799999999963
3.25 5.0 4.0 61.689999999996296
3.25 5.0 4.25 61.699999999996294
3.25 5.0 4.5 61.70999999999629
3.25 5.0 4.75 61.71999999999629
3.25 5.0 5.0 61.72999999999629
3.5 0.0 0.0 61.739999999996286
3.5 0.0 0.25 61.749999999996284
3.5 0.0 0.5 61.75999999999628
3.5 0.0 0.75 61.76999999999628
3.5 0.0 1.0 61.77999999999628
3.5 0.0 1.25 61.789999999996276
3.5 0.0 1.5 61.799999999996274
3.5 0.0 1.75 61.80999999999627
3.5 0.0 2.0 61.81999999999627
3.5 0.0 2.25 61.82999999999627
3.5 0.0 2.5 61.839999999996266
3.5 0.0 2.75 61.849999999996264
3.5 0.0 3.0 61.85999999999626
3.5 0.0 3.25 61.86999999999626
3.5 0.0 3.5 61.87999999999626
3.5 0.0 3.75 61.889999999996256
3.5 0.0 4.0 61.899999999996254
3.5 0.0 4.25 61.90999999999625
3.5 0.0 4.5 61.91999999999625
3.5 0.0 4.75 61.92999999999625
3.5 0.0 5.0 61.939999999996246
3.5 0.25 0.0 61.949999999996244
3.5 0.25 0.25 61.95999999999624
3.5 0.25 0.5 61.96999999999624
3.5 0.25 0.75 61.97999999999624
3.5 0.25 1.0 61.989999999996236
3.5 0.25 1.25 61.999999999996234
3.5 0.25 1.5 62.00999999999623
3.5 0.25 1.75 62.01999999999623
3.5 0.25 2.0 62.02999999999623
3.5 0.25 2.25 62.039999999996226
3.5 0.25 2.5 62.049999999996224
3.5 0.25 2.75 62.05999999999622
3.5 0.25 3.0 62.06999999999622
3.5 0.25 3.25 62.07999999999622
3.5 0.25 3.5 62.089999999996216
3.5 0.25 3.75 62.099999999996214
3.5 0.25 4.0 62.10999999999621
3.5 0.25 4.25 62.11999999999621
3.5 0.25 4.5 62.12999999999621
3.5 0.25 4.75 62.139999999996206
3.5 0.25 5.0 62.149999999996204
3.5 0.5 0.0 62.1599999999962
3.5 0.5 0.25 62.1699999999962
3.5 0.5 0.5 62.1799999999962
3.5 0.5 0.75 62.189999999996196
3.5 0.5 1.0 62.199999999996194
3.5 0.5 1.25 62.20999999999619
3.5 0.5 1.5 62.21999999999619
3.5 0.5 1.75 62.22999999999619
3.5 0.5 2.0 62.239999999996186
3.5 0.5 2.25 62.249999999996184
3.5 0.5 2.5 62.25999999999618
3.5 0.5 2.75 62.26999999999618
3.5 0.5 3.0 62.27999999999618
3.5 0.5 3.25 62.289999999996176
3.5 0.5 3.5 62.299999999996174
3.5 0.5 3.75 62.30999999999617
3.5 0.5 4.0 62.31999999999617
3.5 0.5 4.25 62.32999999999617
3.5 0.5 4.5 62.33999999999617
3.5 0.5 4.75 62.349999999996164
3.5 0.5 5.0 62.35999999999616
3.5 0.75 0.0 62.36999999999616
3.5 0.75 0.25 62.37999999999616
3.5 0.75 0.5 62.38999999999616
3.5 0.75 0.75 62.399999999996155
3.5 0.75 1.0 62.40999999999615
3.5 0.75 1.25 62.41999999999615
3.5 0.75 1.5 62.42999999999615
3.5 0.75 1.75 62.43999999999615
3.5 0.75 2.0 62.449999999996145
3.5 0.75 2.25 62.45999999999614
3.5 0.75 2.5 62.46999999999614
3.5 0.75 2.75 62.47999999999614
3.5 0.75 3.0 62.48999999999614
3.5 0.75 3.25 62.499999999996135
3.5 0.75 3.5 62.50999999999613
3.5 0.75 3.75 62.51999999999613
3.5 0.75 4.0 62.52999999999613
3.5 0.75 4.25 62.53999999999613
3.5 0.75 4.5 62.549999999996125
3.5 0.75 4.75 62.55999999999612
3.5 0.75 5.0 62.56999999999612
3.5 1.0 0.0 62.57999999999612
3.5 1.0 0.25 62.58999999999612
3.5 1.0 0.5 62.599999999996115
3.5 1.0 0.75 62.60999999999611
3.5 1.0 1.0 62.61999999999611
3.5 1.0 1.25 62.62999999999611
3.5 1.0 1.5 62.63999999999611
3.5 1.0 1.75 62.649999999996105
3.5 1.0 2.0 62.6599999999961
3.5 1.0 2.25 62.6699999999961
3.5 1.0 2.5 62.6799999999961
3.5 1.0 2.75 62.6899999999961
3.5 1.0 3.0 62.699999999996095
3.5 1.0 3.25 62.70999999999609
3.5 1.0 3.5 62.71999999999609
3.5 1.0 3.75 62.72999999999609
3.5 1.0 4.0 62.73999999999609
3.5 1.0 4.25 62.749999999996085
3.5 1.0 4.5 62.75999999999608
3.5 1.0 4.75 62.76999999999608
3.5 1.0 5.0 62.77999999999608
3.5 1.25 0.0 62.78999999999608
3.5 1.25 0.25 62.799999999996075
3.5 1.25 0.5 62.80999999999607
3.5 1.25 0.75 62.81999999999607
3.5 1.25 1.0 62.82999999999607
3.5 1.25 1.25 62.83999999999607
3.5 1.25 1.5 62.849999999996065
3.5 1.25 1.75 62.85999999999606
3.5 1.25 2.0 62.86999999999606
3.5 1.25 2.25 62.87999999999606
3.5 1.25 2.5 62.88999999999606
3.5 1.25 2.75 62.899999999996055
3.5 1.25 3.0 62.90999999999605
3.5 1.25 3.25 62.91999999999605
3.5 1.25 3.5 62.92999999999605
3.5 1.25 3.75 62.93999999999605
3.5 1.25 4.0 62.949999999996045
3.5 1.25 4.25 62.95999999999604
3.5 1.25 4.5 62.96999999999604
3.5 1.25 4.75 62.97999999999604
3.5 1.25 5.0 62.98999999999604
3.5 1.5 0.0 62.999999999996035
3.5 1.5 0.25 63.00999999999603
3.5 1.5 0.5 63.01999999999603
3.5 1.5 0.75 63.02999999999603
3.5 1.5 1.0 63.03999999999603
3.5 1.5 1.25 63.049999999996025
3.5 1.5 1.5 63.05999999999602
3.5 1.5 1.75 63.06999999999602
3.5 1.5 2.0 63.07999999999602
3.5 1.5 2.25 63.08999999999602
3.5 1.5 2.5 63.099999999996015
3.5 1.5 2.75 63.10999999999601
3.5 1.5 3.0 63.11999999999601
3.5 1.5 3.25 63.12999999999601
3.5 1.5 3.5 63.13999999999601
3.5 1.5 3.75 63.149999999996005
3.5 1.5 4.0 63.159999999996
3.5 1.5 4.25 63.169999999996
3.5 1.5 4.5 63.179999999996
3.5 1.5 4.75 63.189999999996
3.5 1.5 5.0 63.199999999995995
3.5 1.75 0.0 63.20999999999599
3.5 1.75 0.25 63.21999999999599
3.5 1.75 0.5 63.22999999999599
3.5 1.75 0.75 63.23999999999599
3.5 1.75 1.0 63.249999999995985
3.5 1.75 1.25 63.25999999999598
3.5 1.75 1.5 63.26999999999598
3.5 1.75 1.75 63.27999999999598
3.5 1.75 2.0 63.28999999999598
3.5 1.75 2.25 63.299999999995975
3.5 1.75 2.5 63.30999999999597
3.5 1.75 2.75 63.31999999999597
3.5 1.75 3.0 63.32999999999597
3.5 1.75 3.25 63.33999999999597
3.5 1.75 3.5 63.349999999995966
3.5 1.75 3.75 63.35999999999596
3.5 1.75 4.0 63.36999999999596
3.5 1.75 4.25 63.37999999999596
3.5 1.75 4.5 63.38999999999596
3.5 1.75 4.75 63.399999999995956
3.5 1.75 5.0 63.409999999995954
3.5 2.0 0.0 63.41999999999595
3.5 2.0 0.25 63.42999999999595
3.5 2.0 0.5 63.43999999999595
3.5 2.0 0.75 63.449999999995946
3.5 2.0 1.0 63.459999999995944
3.5 2.0 1.25 63.46999999999594
3.5 2.0 1.5 63.47999999999594
3.5 2.0 1.75 63.48999999999594
3.5 2.0 2.0 63.499999999995936
3.5 2.0 2.25 63.509999999995934
3.5 2.0 2.5 63.51999999999593
3.5 2.0 2.75 63.52999999999593
3.5 2.0 3.0 63.53999999999593
3.5 2.0 3.25 63.549999999995926
3.5 2.0 3.5 63.559999999995924
3.5 2.0 3.75 63.56999999999592
3.5 2.0 4.0 63.57999999999592
3.5 2.0 4.25 63.58999999999592
3.5 2.0 4.5 63.599999999995916
3.5 2.0 4.75 63.609999999995914
3.5 2.0 5.0 63.61999999999591
3.5 2.25 0.0 63.62999999999591
3.5 2.25 0.25 63.63999999999591
3.5 2.25 0.5 63.649999999995906
3.5 2.25 0.75 63.659999999995904
3.5 2.25 1.0 63.6699999999959
3.5 2.25 1.25 63.6799999999959
3.5 2.25 1.5 63.6899999999959
3.5 2.25 1.75 63.699999999995896
3.5 2.25 2.0 63.709999999995894
3.5 2.25 2.25 63.71999999999589
3.5 2.25 2.5 63.72999999999589
3.5 2.25 2.75 63.73999999999589
3.5 2.25 3.0 63.749999999995886
3.5 2.25 3.25 63.759999999995884
3.5 2.25 3.5 63.76999999999588
3.5 2.25 3.75 63.77999999999588
3.5 2.25 4.0 63.78999999999588
3.5 2.25 4.25 63.799999999995876
3.5 2.25 4.5 63.809999999995874
3.5 2.25 4.75 63.81999999999587
3.5 2.25 5.0 63.82999999999587
3.5 2.5 0.0 63.83999999999587
3.5 2.5 0.25 63.849999999995866
3.5 2.5 0.5 63.859999999995864
3.5 2.5 0.75 63.86999999999586
3.5 2.5 1.0 63.87999999999586
3.5 2.5 1.25 63.88999999999586
3.5 2.5 1.5 63.899999999995856
3.5 2.5 1.75 63.909999999995854
3.5 2.5 2.0 63.91999999999585
3.5 2.5 2.25 63.92999999999585
3.5 2.5 2.5 63.93999999999585
3.5 2.5 2.75 63.949999999995846
3.5 2.5 3.0 63.959999999995844
3.5 2.5 3.25 63.96999999999584
3.5 2.5 3.5 63.97999999999584
3.5 2.5 3.75 63.98999999999584
3.5 2.5 4.0 63.999999999995836
3.5 2.5 4.25 64.00999999999584
3.5 2.5 4.5 64.01999999999585
3.5 2.5 4.75 64.02999999999585
3.5 2.5 5.0 64.03999999999586
3.5 2.75 0.0 64.04999999999586
3.5 2.75 0.25 64.05999999999587
3.5 2.75 0.5 64.06999999999587
3.5 2.75 0.75 64.07999999999588
3.5 2.75 1.0 64.08999999999588
3.5 2.75 1.25 64.09999999999589
3.5 2.75 1.5 64.10999999999589
3.5 2.75 1.75 64.1199999999959
3.5 2.75 2.0 64.1299999999959
3.5 2.75 2.25 64.13999999999591
3.5 2.75 2.5 64.14999999999591
3.5 2.75 2.75 64.15999999999592
3.5 2.75 3.0 64.16999999999592
3.5 2.75 3.25 64.17999999999593
3.5 2.75 3.5 64.18999999999593
3.5 2.75 3.75 64.19999999999594
3.5 2.75 4.0 64.20999999999594
3.5 2.75 4.25 64.21999999999595
3.5 2.75 4.5 64.22999999999595
3.5 2.75 4.75 64.23999999999596
3.5 2.75 5.0 64.24999999999596
3.5 3.0 0.0 64.25999999999597
3.5 3.0 0.25 64.26999999999597
3.5 3.0 0.5 64.27999999999598
3.5 3.0 0.75 64.28999999999598
3.5 3.0 1.0 64.29999999999599
3.5 3.0 1.25 64.309999999996
3.5 3.0 1.5 64.319999999996
3.5 3.0 1.75 64.329999999996
3.5 3.0 2.0 64.33999999999601
3.5 3.0 2.25 64.34999999999602
3.5 3.0 2.5 64.35999999999602
3.5 3.0 2.75 64.36999999999603
3.5 3.0 3.0 64.37999999999603
3.5 3.0 3.25 64.38999999999604
3.5 3.0 3.5 64.39999999999604
3.5 3.0 3.75 64.40999999999605
3.5 3.0 4.0 64.41999999999605
3.5 3.0 4.25 64.42999999999606
3.5 3.0 4.5 64.43999999999606
3.5 3.0 4.75 64.44999999999607
3.5 3.0 5.0 64.45999999999607
3.5 3.25 0.0 64.46999999999608
3.5 3.25 0.25 64.47999999999608
3.5 3.25 0.5 64.48999999999609
3.5 3.25 0.75 64.49999999999609
3.5 3.25 1.0 64.5099999999961
3.5 3.25 1.25 64.5199999999961
3.5 3.25 1.5 64.52999999999611
3.5 3.25 1.75 64.53999999999611
3.5 3.25 2.0 64.54999999999612
3.5 3.25 2.25 64.55999999999612
3.5 3.25 2.5 64.56999999999613
3.5 3.25 2.75 64.57999999999613
3.5 3.25 3.0 64.58999999999614
3.5 3.25 3.25 64.59999999999614
3.5 3.25 3.5 64.60999999999615
3.5 3.25 3.75 64.61999999999615
3.5 3.25 4.0 64.62999999999616
3.5 3.25 4.25 64.63999999999616
3.5 3.25 4.5 64.64999999999617
3.5 3.25 4.75 64.65999999999617
3.5 3.25 5.0 64.66999999999618
3.5 3.5 0.0 64.67999999999618
3.5 3.5 0.25 64.68999999999619
3.5 3.5 0.5 64.6999999999962
3.5 3.5 0.75 64.7099999999962
3.5 3.5 1.0 64.7199999999962
3.5 3.5 1.25 64.72999999999621
3.5 3.5 1.5 64.73999999999621
3.5 3.5 1.75 64.74999999999622
3.5 3.5 2.0 64.75999999999623
3.5 3.5 2.25 64.76999999999623
3.5 3.5 2.5 64.77999999999624
3.5 3.5 2.75 64.78999999999624
3.5 3.5 3.0 64.79999999999625
3.5 3.5 3.25 64.80999999999625
3.5 3.5 3.5 64.81999999999626
3.5 3.5 3.75 64.82999999999626
3.5 3.5 4.0 64.83999999999627
3.5 3.5 4.25 64.84999999999627
3.5 3.5 4.5 64.85999999999628
3.5 3.5 4.75 64.86999999999628
3.5 3.5 5.0 64.87999999999629
3.5 3.75 0.0 64.88999999999629
3.5 3.75 0.25 64.8999999999963
3.5 3.75 0.5 64.9099999999963
3.5 3.75 0.75 64.9199999999963
3.5 3.75 1.0 64.92999999999631
3.5 3.75 1.25 64.93999999999632
3.5 3.75 1.5 64.94999999999632
3.5 3.75 1.75 64.95999999999633
3.5 3.75 2.0 64.96999999999633
3.5 3.75 2.25 64.97999999999634
3.5 3.75 2.5 64.98999999999634
3.5 3.75 2.75 64.99999999999635
3.5 3.75 3.0 65.00999999999635
3.5 3.75 3.25 65.01999999999636
3.5 3.75 3.5 65.02999999999636
3.5 3.75 3.75 65.03999999999637
3.5 3.75 4.0 65.04999999999637
3.5 3.75 4.25 65.05999999999638
3.5 3.75 4.5 65.06999999999638
3.5 3.75 4.75 65.07999999999639
3.5 3.75 5.0 65.0899999999964
3.5 4.0 0.0 65.0999999999964
3.5 4.0 0.25 65.1099999999964
3.5 4.0 0.5 65.11999999999641
3.5 4.0 0.75 65.12999999999641
3.5 4.0 1.0 65.13999999999642
3.5 4.0 1.25 65.14999999999642
3.5 4.0 1.5 65.15999999999643
3.5 4.0 1.75 65.16999999999643
3.5 4.0 2.0 65.17999999999644
3.5 4.0 2.25 65.18999999999645
3.5 4.0 2.5 65.19999999999645
3.5 4.0 2.75 65.20999999999646
3.5 4.0 3.0 65.21999999999646
3.5 4.0 3.25 65.22999999999647
3.5 4.0 3.5 65.23999999999647
3.5 4.0 3.75 65.24999999999648
3.5 4.0 4.0 65.25999999999648
3.5 4.0 4.25 65.26999999999649
3.5 4.0 4.5 65.27999999999649
3.5 4.0 4.75 65.2899999999965
3.5 4.0 5.0 65.2999999999965
3.5 4.25 0.0 65.3099999999965
3.5 4.25 0.25 65.31999999999651
3.5 4.25 0.5 65.32999999999652
3.5 4.25 0.75 65.33999999999652
3.5 4.25 1.0 65.34999999999653
3.5 4.25 1.25 65.35999999999653
3.5 4.25 1.5 65.36999999999654
3.5 4.25 1.75 65.37999999999654
3.5 4.25 2.0 65.38999999999655
3.5 4.25 2.25 65.39999999999655
3.5 4.25 2.5 65.40999999999656
3.5 4.25 2.75 65.41999999999656
3.5 4.25 3.0 65.42999999999657
3.5 4.25 3.25 65.43999999999657
3.5 4.25 3.5 65.44999999999658
3.5 4.25 3.75 65.45999999999658
3.5 4.25 4.0 65.46999999999659
3.5 4.25 4.25 65.4799999999966
3.5 4.25 4.5 65.4899999999966
3.5 4.25 4.75 65.4999999999966
3.5 4.25 5.0 65.50999999999661
3.5 4.5 0.0 65.51999999999661
3.5 4.5 0.25 65.52999999999662
3.5 4.5 0.5 65.53999999999662
3.5 4.5 0.75 65.54999999999663
3.5 4.5 1.0 65.55999999999663
3.5 4.5 1.25 65.56999999999664
3.5 4.5 1.5 65.57999999999664
3.5 4.5 1.75 65.58999999999665
3.5 4.5 2.0 65.59999999999665
3.5 4.5 2.25 65.60999999999666
3.5 4.5 2.5 65.61999999999666
3.5 4.5 2.75 65.62999999999667
3.5 4.5 3.0 65.63999999999668
3.5 4.5 3.25 65.64999999999668
3.5 4.5 3.5 65.65999999999669
3.5 4.5 3.75 65.66999999999669
3.5 4.5 4.0 65.6799999999967
3.5 4.5 4.25 65.6899999999967
3.5 4.5 4.5 65.6999999999967
3.5 4.5 4.75 65.70999999999671
3.5 4.5 5.0 65.71999999999672
3.5 4.75 0.0 65.72999999999672
3.5 4.75 0.25 65.73999999999673
3.5 4.75 0.5 65.74999999999673
3.5 4.75 0.75 65.75999999999674
3.5 4.75 1.0 65.76999999999674
3.5 4.75 1.25 65.77999999999675
3.5 4.75 1.5 65.78999999999675
3.5 4.75 1.75 65.79999999999676
3.5 4.75 2.0 65.80999999999676
3.5 4.75 2.25 65.81999999999677
3.5 4.75 2.5 65.82999999999677
3.5 4.75 2.75 65.83999999999678
3.5 4.75 3.0 65.84999999999678
3.5 4.75 3.25 65.85999999999679
3.5 4.75 3.5 65.86999999999679
3.5 4.75 3.75 65.8799999999968
3.5 4.75 4.0 65.8899999999968
3.5 4.75 4.25 65.89999999999681
3.5 4.75 4.5 65.90999999999681
3.5 4.75 4.75 65.91999999999682
3.5 4.75 5.0 65.92999999999682
3.5 5.0 0.0 65.93999999999683
3.5 5.0 0.25 65.94999999999683
3.5 5.0 0.5 65.95999999999684
3.5 5.0 0.75 65.96999999999684
3.5 5.0 1.0 65.97999999999685
3.5 5.0 1.25 65.98999999999685
3.5 5.0 1.5 65.99999999999686
3.5 5.0 1.75 66.00999999999686
3.5 5.0 2.0 66.01999999999687
3.5 5.0 2.25 66.02999999999687
3.5 5.0 2.5 66.03999999999688
3.5 5.0 2.75 66.04999999999688
3.5 5.0 3.0 66.05999999999689
3.5 5.0 3.25 66.0699999999969
3.5 5.0 3.5 66.0799999999969
3.5 5.0 3.75 66.0899999999969
3.5 5.0 4.0 66.09999999999691
3.5 5.0 4.25 66.10999999999692
3.5 5.0 4.5 66.11999999999692
3.5 5.0 4.75 66.12999999999693
3.5 5.0 5.0 66.13999999999693
3.75 0.0 0.0 66.14999999999694
3.75 0.0 0.25 66.15999999999694
3.75 0.0 0.5 66.16999999999695
3.75 0.0 0.75 66.17999999999695
3.75 0.0 1.0 66.18999999999696
3.75 0.0 1.25 66.19999999999696
3.75 0.0 1.5 66.20999999999697
3.75 0.0 1.75 66.21999999999697
3.75 0.0 2.0 66.22999999999698
3.75 0.0 2.25 66.23999999999698
3.75 0.0 2.5 66.24999999999699
3.75 0.0 2.75 66.25999999999699
3.75 0.0 3.0 66.269999999997
3.75 0.0 3.25 66.279999999997
3.75 0.0 3.5 66.28999999999701
3.75 0.0 3.75 66.29999999999701
3.75 0.0 4.0 66.30999999999702
3.75 0.0 4.25 66.31999999999702
3.75 0.0 4.5 66.32999999999703
3.75 0.0 4.75 66.33999999999703
3.75 0.0 5.0 66.34999999999704
3.75 0.25 0.0 66.35999999999704
3.75 0.25 0.25 66.36999999999705
3.75 0.25 0.5 66.37999999999705
3.75 0.25 0.75 66.38999999999706
3.75 0.25 1.0 66.39999999999706
3.75 0.25 1.25 66.40999999999707
3.75 0.25 1.5 66.41999999999707
3.75 0.25 1.75 66.42999999999708
3.75 0.25 2.0 66.43999999999708
3.75 0.25 2.25 66.44999999999709
3.75 0.25 2.5 66.4599999999971
3.75 0.25 2.75 66.4699999999971
3.75 0.25 3.0 66.4799999999971
3.75 0.25 3.25 66.48999999999711
3.75 0.25 3.5 66.49999999999712
3.75 0.25 3.75 66.50999999999712
3.75 0.25 4.0 66.51999999999713
3.75 0.25 4.25 66.52999999999713
3.75 0.25 4.5 66.53999999999714
3.75 0.25 4.75 66.54999999999714
3.75 0.25 5.0 66.55999999999715
3.75 0.5 0.0 66.56999999999715
3.75 0.5 0.25 66.57999999999716
3.75 0.5 0.5 66.58999999999716
3.75 0.5 0.75 66.59999999999717
3.75 0.5 1.0 66.60999999999717
3.75 0.5 1.25 66.61999999999718
3.75 0.5 1.5 66.62999999999718
3.75 0.5 1.75 66.63999999999719
3.75 0.5 2.0 66.64999999999719
3.75 0.5 2.25 66.6599999999972
3.75 0.5 2.5 66.6699999999972
3.75 0.5 2.75 66.67999999999721
3.75 0.5 3.0 66.68999999999721
3.75 0.5 3.25 66.69999999999722
3.75 0.5 3.5 66.70999999999722
3.75 0.5 3.75 66.71999999999723
3.75 0.5 4.0 66.72999999999723
3.75 0.5 4.25 66.73999999999724
3.75 0.5 4.5 66.74999999999724
3.75 0.5 4.75 66.75999999999725
3.75 0.5 5.0 66.76999999999725
3.75 0.75 0.0 66.77999999999726
3.75 0.75 0.25 66.78999999999726
3.75 0.75 0.5 66.79999999999727
3.75 0.75 0.75 66.80999999999727
3.75 0.75 1.0 66.81999999999728
3.75 0.75 1.25 66.82999999999728
3.75 0.75 1.5 66.83999999999729
3.75 0.75 1.75 66.8499999999973
3.75 0.75 2.0 66.8599999999973
3.75 0.75 2.25 66.8699999999973
3.75 0.75 2.5 66.87999999999731
3.75 0.75 2.75 66.88999999999731
3.75 0.75 3.0 66.89999999999732
3.75 0.75 3.25 66.90999999999732
3.75 0.75 3.5 66.91999999999733
3.75 0.75 3.75 66.92999999999734
3.75 0.75 4.0 66.93999999999734
3.75 0.75 4.25 66.94999999999735
3.75 0.75 4.5 66.95999999999735
3.75 0.75 4.75 66.96999999999736
3.75 0.75 5.0 66.97999999999736
3.75 1.0 0.0 66.98999999999737
3.75 1.0 0.25 66.99999999999737
3.75 1.0 0.5 67.00999999999738
3.75 1.0 0.75 67.01999999999738
3.75 1.0 1.0 67.02999999999739
3.75 1.0 1.25 67.03999999999739
3.75 1.0 1.5 67.0499999999974
3.75 1.0 1.75 67.0599999999974
3.75 1.0 2.0 67.0699999999974
3.75 1.0 2.25 67.07999999999741
3.75 1.0 2.5 67.08999999999742
3.75 1.0 2.75 67.09999999999742
3.75 1.0 3.0 67.10999999999743
3.75 1.0 3.25 67.11999999999743
3.75 1.0 3.5 67.12999999999744
3.75 1.0 3.75 67.13999999999744
3.75 1.0 4.0 67.14999999999745
3.75 1.0 4.25 67.15999999999745
3.75 1.0 4.5 67.16999999999746
3.75 1.0 4.75 67.17999999999746
3.75 1.0 5.0 67.18999999999747
3.75 1.25 0.0 67.19999999999747
3.75 1.25 0.25 67.20999999999748
3.75 1.25 0.5 67.21999999999748
3.75 1.25 0.75 67.22999999999749
3.75 1.25 1.0 67.2399999999975
3.75 1.25 1.25 67.2499999999975
3.75 1.25 1.5 67.2599999999975
3.75 1.25 1.75 67.26999999999751
3.75 1.25 2.0 67.27999999999751
3.75 1.25 2.25 67.28999999999752
3.75 1.25 2.5 67.29999999999752
3.75 1.25 2.75 67.30999999999753
3.75 1.25 3.0 67.31999999999753
3.75 1.25 3.25 67.32999999999754
3.75 1.25 3.5 67.33999999999754
3.75 1.25 3.75 67.34999999999755
3.75 1.25 4.0 67.35999999999756
3.75 1.25 4.25 67.36999999999756
3.75 1.25 4.5 67.37999999999757
3.75 1.25 4.75 67.38999999999757
3.75 1.25 5.0 67.39999999999758
3.75 1.5 0.0 67.40999999999758
3.75 1.5 0.25 67.41999999999759
3.75 1.5 0.5 67.42999999999759
3.75 1.5 0.75 67.4399999999976
3.75 1.5 1.0 67.4499999999976
3.75 1.5 1.25 67.4599999999976
3.75 1.5 1.5 67.46999999999761
3.75 1.5 1.75 67.47999999999762
3.75 1.5 2.0 67.48999999999762
3.75 1.5 2.25 67.49999999999763
3.75 1.5 2.5 67.50999999999763
3.75 1.5 2.75 67.51999999999764
3.75 1.5 3.0 67.52999999999764
3.75 1.5 3.25 67.53999999999765
3.75 1.5 3.5 67.54999999999765
3.75 1.5 3.75 67.55999999999766
3.75 1.5 4.0 67.56999999999766
3.75 1.5 4.25 67.57999999999767
3.75 1.5 4.5 67.58999999999767
3.75 1.5 4.75 67.59999999999768
3.75 1.5 5.0 67.60999999999768
3.75 1.75 0.0 67.61999999999769
3.75 1.75 0.25 67.6299999999977
3.75 1.75 0.5 67.6399999999977
3.75 1.75 0.75 67.6499999999977
3.75 1.75 1.0 67.65999999999771
3.75 1.75 1.25 67.66999999999771
3.75 1.75 1.5 67.67999999999772
3.75 1.75 1.75 67.68999999999772
3.75 1.75 2.0 67.69999999999773
3.75 1.75 2.25 67.70999999999773
3.75 1.75 2.5 67.71999999999774
3.75 1.75 2.75 67.72999999999774
3.75 1.75 3.0 67.73999999999775
3.75 1.75 3.25 67.74999999999775
3.75 1.75 3.5 67.75999999999776
3.75 1.75 3.75 67.76999999999776
3.75 1.75 4.0 67.77999999999777
3.75 1.75 4.25 67.78999999999778
3.75 1.75 4.5 67.79999999999778
3.75 1.75 4.75 67.80999999999779
3.75 1.75 5.0 67.81999999999779
3.75 2.0 0.0 67.8299999999978
3.75 2.0 0.25 67.8399999999978
3.75 2.0 0.5 67.8499999999978
3.75 2.0 0.75 67.85999999999781
3.75 2.0 1.0 67.86999999999782
3.75 2.0 1.25 67.87999999999782
3.75 2.0 1.5 67.88999999999783
3.75 2.0 1.75 67.89999999999783
3.75 2.0 2.0 67.90999999999784
3.75 2.0 2.25 67.91999999999784
3.75 2.0 2.5 67.92999999999785
3.75 2.0 2.75 67.93999999999785
3.75 2.0 3.0 67.94999999999786
3.75 2.0 3.25 67.95999999999786
3.75 2.0 3.5 67.96999999999787
3.75 2.0 3.75 67.97999999999787
3.75 2.0 4.0 67.98999999999788
3.75 2.0 4.25 67.99999999999788
3.75 2.0 4.5 68.00999999999789
3.75 2.0 4.75 68.01999999999789
3.75 2.0 5.0 68.0299999999979
3.75 2.25 0.0 68.0399999999979
3.75 2.25 0.25 68.04999999999791
3.75 2.25 0.5 68.05999999999791
3.75 2.25 0.75 68.06999999999792
3.75 2.25 1.0 68.07999999999792
3.75 2.25 1.25 68.08999999999793
3.75 2.25 1.5 68.09999999999793
3.75 2.25 1.75 68.10999999999794
3.75 2.25 2.0 68.11999999999794
3.75 2.25 2.25 68.12999999999795
3.75 2.25 2.5 68.13999999999795
3.75 2.25 2.75 68.14999999999796
3.75 2.25 3.0 68.15999999999796
3.75 2.25 3.25 68.16999999999797
3.75 2.25 3.5 68.17999999999797
3.75 2.25 3.75 68.18999999999798
3.75 2.25 4.0 68.19999999999798
3.75 2.25 4.25 68.20999999999799
3.75 2.25 4.5 68.219999999998
3.75 2.25 4.75 68.229999999998
3.75 2.25 5.0 68.239999999998
3.75 2.5 0.0 68.24999999999801
3.75 2.5 0.25 68.25999999999802
3.75 2.5 0.5 68.26999999999802
3.75 2.5 0.75 68.27999999999803
3.75 2.5 1.0 68.28999999999803
3.75 2.5 1.25 68.29999999999804
3.75 2.5 1.5 68.30999999999804
3.75 2.5 1.75 68.31999999999805
3.75 2.5 2.0 68.32999999999805
3.75 2.5 2.25 68.33999999999806
3.75 2.5 2.5 68.34999999999806
3.75 2.5 2.75 68.35999999999807
3.75 2.5 3.0 68.36999999999807
3.75 2.5 3.25 68.37999999999808
3.75 2.5 3.5 68.38999999999808
3.75 2.5 3.75 68.39999999999809
3.75 2.5 4.0 68.40999999999809
3.75 2.5 4.25 68.4199999999981
3.75 2.5 4.5 68.4299999999981
3.75 2.5 4.75 68.43999999999811
3.75 2.5 5.0 68.44999999999811
3.75 2.75 0.0 68.45999999999812
3.75 2.75 0.25 68.46999999999812
3.75 2.75 0.5 68.47999999999813
3.75 2.75 0.75 68.48999999999813
3.75 2.75 1.0 68.49999999999814
3.75 2.75 1.25 68.50999999999814
3.75 2.75 1.5 68.51999999999815
3.75 2.75 1.75 68.52999999999815
3.75 2.75 2.0 68.53999999999816
3.75 2.75 2.25 68.54999999999816
3.75 2.75 2.5 68.55999999999817
3.75 2.75 2.75 68.56999999999817
3.75 2.75 3.0 68.57999999999818
3.75 2.75 3.25 68.58999999999818
3.75 2.75 3.5 68.59999999999819
3.75 2.75 3.75 68.6099999999982
3.75 2.75 4.0 68.6199999999982
3.75 2.75 4.25 68.6299999999982
3.75 2.75 4.5 68.63999999999821
3.75 2.75 4.75 68.64999999999822
3.75 2.75 5.0 68.65999999999822
3.75 3.0 0.0 68.66999999999823
3.75 3.0 0.25 68.67999999999823
3.75 3.0 0.5 68.68999999999824
3.75 3.0 0.75 68.69999999999824
3.75 3.0 1.0 68.70999999999825
3.75 3.0 1.25 68.71999999999825
3.75 3.0 1.5 68.72999999999826
3.75 3.0 1.75 68.73999999999826
3.75 3.0 2.0 68.74999999999827
3.75 3.0 2.25 68.75999999999827
3.75 3.0 2.5 68.76999999999828
3.75 3.0 2.75 68.77999999999828
3.75 3.0 3.0 68.78999999999829
3.75 3.0 3.25 68.79999999999829
3.75 3.0 3.5 68.8099999999983
3.75 3.0 3.75 68.8199999999983
3.75 3.0 4.0 68.82999999999831
3.75 3.0 4.25 68.83999999999831
3.75 3.0 4.5 68.84999999999832
3.75 3.0 4.75 68.85999999999832
3.75 3.0 5.0 68.86999999999833
3.75 3.25 0.0 68.87999999999833
3.75 3.25 0.25 68.88999999999834
3.75 3.25 0.5 68.89999999999834
3.75 3.25 0.75 68.90999999999835
3.75 3.25 1.0 68.91999999999835
3.75 3.25 1.25 68.92999999999836
3.75 3.25 1.5 68.93999999999836
3.75 3.25 1.75 68.94999999999837
3.75 3.25 2.0 68.95999999999837
3.75 3.25 2.25 68.96999999999838
3.75 3.25 2.5 68.97999999999838
3.75 3.25 2.75 68.98999999999839
3.75 3.25 3.0 68.9999999999984
3.75 3.25 3.25 69.0099999999984
3.75 3.25 3.5 69.0199999999984
3.75 3.25 3.75 69.02999999999841
3.75 3.25 4.0 69.03999999999841
3.75 3.25 4.25 69.04999999999842
3.75 3.25 4.5 69.05999999999842
3.75 3.25 4.75 69.06999999999843
3.75 3.25 5.0 69.07999999999844
3.75 3.5 0.0 69.08999999999844
3.75 3.5 0.25 69.09999999999845
3.75 3.5 0.5 69.10999999999845
3.75 3.5 0.75 69.11999999999846
3.75 3.5 1.0 69.12999999999846
3.75 3.5 1.25 69.13999999999847
3.75 3.5 1.5 69.14999999999847
3.75 3.5 1.75 69.15999999999848
3.75 3.5 2.0 69.16999999999848
3.75 3.5 2.25 69.17999999999849
3.75 3.5 2.5 69.18999999999849
3.75 3.5 2.75 69.1999999999985
3.75 3.5 3.0 69.2099999999985
3.75 3.5 3.25 69.2199999999985
3.75 3.5 3.5 69.22999999999851
3.75 3.5 3.75 69.23999999999852
3.75 3.5 4.0 69.24999999999852
3.75 3.5 4.25 69.25999999999853
3.75 3.5 4.5 69.26999999999853
3.75 3.5 4.75 69.27999999999854
3.75 3.5 5.0 69.28999999999854
3.75 3.75 0.0 69.29999999999855
3.75 3.75 0.25 69.30999999999855
3.75 3.75 0.5 69.31999999999856
3.75 3.75 0.75 69.32999999999856
3.75 3.75 1.0 69.33999999999857
3.75 3.75 1.25 69.34999999999857
3.75 3.75 1.5 69.35999999999858
3.75 3.75 1.75 69.36999999999858
3.75 3.75 2.0 69.37999999999859
3.75 3.75 2.25 69.3899999999986
3.75 3.75 2.5 69.3999999999986
3.75 3.75 2.75 69.4099999999986
3.75 3.75 3.0 69.41999999999861
3.75 3.75 3.25 69.42999999999861
3.75 3.75 3.5 69.43999999999862
3.75 3.75 3.75 69.44999999999862
3.75 3.75 4.0 69.45999999999863
3.75 3.75 4.25 69.46999999999863
3.75 3.75 4.5 69.47999999999864
3.75 3.75 4.75 69.48999999999864
3.75 3.75 5.0 69.49999999999865
3.75 4.0 0.0 69.50999999999866
3.75 4.0 0.25 69.51999999999866
3.75 4.0 0.5 69.52999999999867
3.75 4.0 0.75 69.53999999999867
3.75 4.0 1.0 69.54999999999868
3.75 4.0 1.25 69.55999999999868
3.75 4.0 1.5 69.56999999999869
3.75 4.0 1.75 69.57999999999869
3.75 4.0 2.0 69.5899999999987
3.75 4.0 2.25 69.5999999999987
3.75 4.0 2.5 69.6099999999987
3.75 4.0 2.75 69.61999999999871
3.75 4.0 3.0 69.62999999999872
3.75 4.0 3.25 69.63999999999872
3.75 4.0 3.5 69.64999999999873
3.75 4.0 3.75 69.65999999999873
3.75 4.0 4.0 69.66999999999874
3.75 4.0 4.25 69.67999999999874
3.75 4.0 4.5 69.68999999999875
3.75 4.0 4.75 69.69999999999875
3.75 4.0 5.0 69.70999999999876
3.75 4.25 0.0 69.71999999999876
3.75 4.25 0.25 69.72999999999877
3.75 4.25 0.5 69.73999999999877
3.75 4.25 0.75 69.74999999999878
3.75 4.25 1.0 69.75999999999878
3.75 4.25 1.25 69.76999999999879
3.75 4.25 1.5 69.7799999999988
3.75 4.25 1.75 69.7899999999988
3.75 4.25 2.0 69.7999999999988
3.75 4.25 2.25 69.80999999999881
3.75 4.25 2.5 69.81999999999881
3.75 4.25 2.75 69.82999999999882
3.75 4.25 3.0 69.83999999999882
3.75 4.25 3.25 69.84999999999883
3.75 4.25 3.5 69.85999999999883
3.75 4.25 3.75 69.86999999999884
3.75 4.25 4.0 69.87999999999884
3.75 4.25 4.25 69.88999999999885
3.75 4.25 4.5 69.89999999999885
3.75 4.25 4.75 69.90999999999886
3.75 4.25 5.0 69.91999999999886
3.75 4.5 0.0 69.92999999999887
3.75 4.5 0.25 69.93999999999888
3.75 4.5 0.5 69.94999999999888
3.75 4.5 0.75 69.95999999999889
3.75 4.5 1.0 69.96999999999889
3.75 4.5 1.25 69.9799999999989
3.75 4.5 1.5 69.9899999999989
3.75 4.5 1.75 69.9999999999989
3.75 4.5 2.0 70.00999999999891
3.75 4.5 2.25 70.01999999999892
3.75 4.5 2.5 70.02999999999892
3.75 4.5 2.75 70.03999999999893
3.75 4.5 3.0 70.04999999999893
3.75 4.5 3.25 70.05999999999894
3.75 4.5 3.5 70.06999999999894
3.75 4.5 3.75 70.07999999999895
3.75 4.5 4.0 70.08999999999895
3.75 4.5 4.25 70.09999999999896
3.75 4.5 4.5 70.10999999999896
3.75 4.5 4.75 70.11999999999897
3.75 4.5 5.0 70.12999999999897
3.75 4.75 0.0 70.13999999999898
3.75 4.75 0.25 70.14999999999898
3.75 4.75 0.5 70.15999999999899
3.75 4.75 0.75 70.16999999999899
3.75 4.75 1.0 70.179999999999
3.75 4.75 1.25 70.189999999999
3.75 4.75 1.5 70.19999999999901
3.75 4.75 1.75 70.20999999999901
3.75 4.75 2.0 70.21999999999902
3.75 4.75 2.25 70.22999999999902
3.75 4.75 2.5 70.23999999999903
3.75 4.75 2.75 70.24999999999903
3.75 4.75 3.0 70.25999999999904
3.75 4.75 3.25 70.26999999999904
3.75 4.75 3.5 70.27999999999905
3.75 4.75 3.75 70.28999999999905
3.75 4.75 4.0 70.29999999999906
3.75 4.75 4.25 70.30999999999906
3.75 4.75 4.5 70.31999999999907
3.75 4.75 4.75 70.32999999999907
3.75 4.75 5.0 70.33999999999908
3.75 5.0 0.0 70.34999999999908
3.75 5.0 0.25 70.35999999999909
3.75 5.0 0.5 70.3699999999991
3.75 5.0 0.75 70.3799999999991
3.75 5.0 1.0 70.3899999999991
3.75 5.0 1.25 70.39999999999911
3.75 5.0 1.5 70.40999999999912
3.75 5.0 1.75 70.41999999999912
3.75 5.0 2.0 70.42999999999913
3.75 5.0 2.25 70.43999999999913
3.75 5.0 2.5 70.44999999999914
3.75 5.0 2.75 70.45999999999914
3.75 5.0 3.0 70.46999999999915
3.75 5.0 3.25 70.47999999999915
3.75 5.0 3.5 70.48999999999916
3.75 5.0 3.75 70.49999999999916
3.75 5.0 4.0 70.50999999999917
3.75 5.0 4.25 70.51999999999917
3.75 5.0 4.5 70.52999999999918
3.75 5.0 4.75 70.53999999999918
3.75 5.0 5.0 70.54999999999919
4.0 0.0 0.0 70.55999999999919
4.0 0.0 0.25 70.5699999999992
4.0 0.0 0.5 70.5799999999992
4.0 0.0 0.75 70.58999999999921
4.0 0.0 1.0 70.59999999999921
4.0 0.0 1.25 70.60999999999922
4.0 0.0 1.5 70.61999999999922
4.0 0.0 1.75 70.62999999999923
4.0 0.0 2.0 70.63999999999923
4.0 0.0 2.25 70.64999999999924
4.0 0.0 2.5 70.65999999999924
4.0 0.0 2.75 70.66999999999925
4.0 0.0 3.0 70.67999999999925
4.0 0.0 3.25 70.68999999999926
4.0 0.0 3.5 70.69999999999926
4.0 0.0 3.75 70.70999999999927
4.0 0.0 4.0 70.71999999999927
4.0 0.0 4.25 70.72999999999928
4.0 0.0 4.5 70.73999999999928
4.0 0.0 4.75 70.74999999999929
4.0 0.0 5.0 70.7599999999993
4.0 0.25 0.0 70.7699999999993
4.0 0.25 0.25 70.7799999999993
4.0 0.25 0.5 70.78999999999931
4.0 0.25 0.75 70.79999999999932
4.0 0.25 1.0 70.80999999999932
4.0 0.25 1.25 70.81999999999933
4.0 0.25 1.5 70.82999999999933
4.0 0.25 1.75 70.83999999999934
4.0 0.25 2.0 70.84999999999934
4.0 0.25 2.25 70.85999999999935
4.0 0.25 2.5 70.86999999999935
4.0 0.25 2.75 70.87999999999936
4.0 0.25 3.0 70.88999999999936
4.0 0.25 3.25 70.89999999999937
4.0 0.25 3.5 70.90999999999937
4.0 0.25 3.75 70.91999999999938
4.0 0.25 4.0 70.92999999999938
4.0 0.25 4.25 70.93999999999939
4.0 0.25 4.5 70.94999999999939
4.0 0.25 4.75 70.9599999999994
4.0 0.25 5.0 70.9699999999994
4.0 0.5 0.0 70.97999999999941
4.0 0.5 0.25 70.98999999999941
4.0 0.5 0.5 70.99999999999942
4.0 0.5 0.75 71.00999999999942
4.0 0.5 1.0 71.01999999999943
4.0 0.5 1.25 71.02999999999943
4.0 0.5 1.5 71.03999999999944
4.0 0.5 1.75 71.04999999999944
4.0 0.5 2.0 71.05999999999945
4.0 0.5 2.25 71.06999999999945
4.0 0.5 2.5 71.07999999999946
4.0 0.5 2.75 71.08999999999946
4.0 0.5 3.0 71.09999999999947
4.0 0.5 3.25 71.10999999999947
4.0 0.5 3.5 71.11999999999948
4.0 0.5 3.75 71.12999999999948
4.0 0.5 4.0 71.13999999999949
4.0 0.5 4.25 71.1499999999995
4.0 0.5 4.5 71.1599999999995
4.0 0.5 4.75 71.1699999999995
4.0 0.5 5.0 71.17999999999951
4.0 0.75 0.0 71.18999999999951
4.0 0.75 0.25 71.19999999999952
4.0 0.75 0.5 71.20999999999952
4.0 0.75 0.75 71.21999999999953
4.0 0.75 1.0 71.22999999999954
4.0 0.75 1.25 71.23999999999954
4.0 0.75 1.5 71.24999999999955
4.0 0.75 1.75 71.25999999999955
4.0 0.75 2.0 71.26999999999956
4.0 0.75 2.25 71.27999999999956
4.0 0.75 2.5 71.28999999999957
4.0 0.75 2.75 71.29999999999957
4.0 0.75 3.0 71.30999999999958
4.0 0.75 3.25 71.31999999999958
4.0 0.75 3.5 71.32999999999959
4.0 0.75 3.75 71.33999999999959
4.0 0.75 4.0 71.3499999999996
4.0 0.75 4.25 71.3599999999996
4.0 0.75 4.5 71.3699999999996
4.0 0.75 4.75 71.37999999999961
4.0 0.75 5.0 71.38999999999962
4.0 1.0 0.0 71.39999999999962
4.0 1.0 0.25 71.40999999999963
4.0 1.0 0.5 71.41999999999963
4.0 1.0 0.75 71.42999999999964
4.0 1.0 1.0 71.43999999999964
4.0 1.0 1.25 71.44999999999965
4.0 1.0 1.5 71.45999999999965
4.0 1.0 1.75 71.46999999999966
4.0 1.0 2.0 71.47999999999966
4.0 1.0 2.25 71.48999999999967
4.0 1.0 2.5 71.49999999999967
4.0 1.0 2.75 71.50999999999968
4.0 1.0 3.0 71.51999999999968
4.0 1.0 3.25 71.52999999999969
4.0 1.0 3.5 71.5399999999997
4.0 1.0 3.75 71.5499999999997
4.0 1.0 4.0 71.5599999999997
4.0 1.0 4.25 71.56999999999971
4.0 1.0 4.5 71.57999999999971
4.0 1.0 4.75 71.58999999999972
4.0 1.0 5.0 71.59999999999972
4.0 1.25 0.0 71.60999999999973
4.0 1.25 0.25 71.61999999999973
4.0 1.25 0.5 71.62999999999974
4.0 1.25 0.75 71.63999999999974
4.0 1.25 1.0 71.64999999999975
4.0 1.25 1.25 71.65999999999976
4.0 1.25 1.5 71.66999999999976
4.0 1.25 1.75 71.67999999999977
4.0 1.25 2.0 71.68999999999977
4.0 1.25 2.25 71.69999999999978
4.0 1.25 2.5 71.70999999999978
4.0 1.25 2.75 71.71999999999979
4.0 1.25 3.0 71.72999999999979
4.0 1.25 3.25 71.7399999999998
4.0 1.25 3.5 71.7499999999998
4.0 1.25 3.75 71.7599999999998
4.0 1.25 4.0 71.76999999999981
4.0 1.25 4.25 71.77999999999982
4.0 1.25 4.5 71.78999999999982
4.0 1.25 4.75 71.79999999999983
4.0 1.25 5.0 71.80999999999983
4.0 1.5 0.0 71.81999999999984
4.0 1.5 0.25 71.82999999999984
4.0 1.5 0.5 71.83999999999985
4.0 1.5 0.75 71.84999999999985
4.0 1.5 1.0 71.85999999999986
4.0 1.5 1.25 71.86999999999986
4.0 1.5 1.5 71.87999999999987
4.0 1.5 1.75 71.88999999999987
4.0 1.5 2.0 71.89999999999988
4.0 1.5 2.25 71.90999999999988
4.0 1.5 2.5 71.91999999999989
4.0 1.5 2.75 71.9299999999999
4.0 1.5 3.0 71.9399999999999
4.0 1.5 3.25 71.9499999999999
4.0 1.5 3.5 71.95999999999991
4.0 1.5 3.75 71.96999999999991
4.0 1.5 4.0 71.97999999999992
4.0 1.5 4.25 71.98999999999992
4.0 1.5 4.5 71.99999999999993
4.0 1.5 4.75 72.00999999999993
4.0 1.5 5.0 72.01999999999994
4.0 1.75 0.0 72.02999999999994
4.0 1.75 0.25 72.03999999999995
4.0 1.75 0.5 72.04999999999995
4.0 1.75 0.75 72.05999999999996
4.0 1.75 1.0 72.06999999999996
4.0 1.75 1.25 72.07999999999997
4.0 1.75 1.5 72.08999999999997
4.0 1.75 1.75 72.09999999999998
4.0 1.75 2.0 72.10999999999999
4.0 1.75 2.25 72.11999999999999
4.0 1.75 2.5 72.13
4.0 1.75 2.75 72.14
4.0 1.75 3.0 72.15
4.0 1.75 3.25 72.16000000000001
4.0 1.75 3.5 72.17000000000002
4.0 1.75 3.75 72.18000000000002
4.0 1.75 4.0 72.19000000000003
4.0 1.75 4.25 72.20000000000003
4.0 1.75 4.5 72.21000000000004
4.0 1.75 4.75 72.22000000000004
4.0 1.75 5.0 72.23000000000005
4.0 2.0 0.0 72.24000000000005
4.0 2.0 0.25 72.25000000000006
4.0 2.0 0.5 72.26000000000006
4.0 2.0 0.75 72.27000000000007
4.0 2.0 1.0 72.28000000000007
4.0 2.0 1.25 72.29000000000008
4.0 2.0 1.5 72.30000000000008
4.0 2.0 1.75 72.31000000000009
4.0 2.0 2.0 72.32000000000009
4.0 2.0 2.25 72.3300000000001
4.0 2.0 2.5 72.3400000000001
4.0 2.0 2.75 72.35000000000011
4.0 2.0 3.0 72.36000000000011
4.0 2.0 3.25 72.37000000000012
4.0 2.0 3.5 72.38000000000012
4.0 2.0 3.75 72.39000000000013
4.0 2.0 4.0 72.40000000000013
4.0 2.0 4.25 72.41000000000014
4.0 2.0 4.5 72.42000000000014
4.0 2.0 4.75 72.43000000000015
4.0 2.0 5.0 72.44000000000015
4.0 2.25 0.0 72.45000000000016
4.0 2.25 0.25 72.46000000000016
4.0 2.25 0.5 72.47000000000017
4.0 2.25 0.75 72.48000000000017
4.0 2.25 1.0 72.49000000000018
4.0 2.25 1.25 72.50000000000018
4.0 2.25 1.5 72.51000000000019
4.0 2.25 1.75 72.5200000000002
4.0 2.25 2.0 72.5300000000002
4.0 2.25 2.25 72.5400000000002
4.0 2.25 2.5 72.55000000000021
4.0 2.25 2.75 72.56000000000022
4.0 2.25 3.0 72.57000000000022
4.0 2.25 3.25 72.58000000000023
4.0 2.25 3.5 72.59000000000023
4.0 2.25 3.75 72.60000000000024
4.0 2.25 4.0 72.61000000000024
4.0 2.25 4.25 72.62000000000025
4.0 2.25 4.5 72.63000000000025
4.0 2.25 4.75 72.64000000000026
4.0 2.25 5.0 72.65000000000026
4.0 2.5 0.0 72.66000000000027
4.0 2.5 0.25 72.67000000000027
4.0 2.5 0.5 72.68000000000028
4.0 2.5 0.75 72.69000000000028
4.0 2.5 1.0 72.70000000000029
4.0 2.5 1.25 72.71000000000029
4.0 2.5 1.5 72.7200000000003
4.0 2.5 1.75 72.7300000000003
4.0 2.5 2.0 72.74000000000031
4.0 2.5 2.25 72.75000000000031
4.0 2.5 2.5 72.76000000000032
4.0 2.5 2.75 72.77000000000032
4.0 2.5 3.0 72.78000000000033
4.0 2.5 3.25 72.79000000000033
4.0 2.5 3.5 72.80000000000034
4.0 2.5 3.75 72.81000000000034
4.0 2.5 4.0 72.82000000000035
4.0 2.5 4.25 72.83000000000035
4.0 2.5 4.5 72.84000000000036
4.0 2.5 4.75 72.85000000000036
4.0 2.5 5.0 72.86000000000037
4.0 2.75 0.0 72.87000000000037
4.0 2.75 0.25 72.88000000000038
4.0 2.75 0.5 72.89000000000038
4.0 2.75 0.75 72.90000000000039
4.0 2.75 1.0 72.9100000000004
4.0 2.75 1.25 72.9200000000004
4.0 2.75 1.5 72.9300000000004
4.0 2.75 1.75 72.94000000000041
4.0 2.75 2.0 72.95000000000041
4.0 2.75 2.25 72.96000000000042
4.0 2.75 2.5 72.97000000000043
4.0 2.75 2.75 72.98000000000043
4.0 2.75 3.0 72.99000000000044
4.0 2.75 3.25 73.00000000000044
4.0 2.75 3.5 73.01000000000045
4.0 2.75 3.75 73.02000000000045
4.0 2.75 4.0 73.03000000000046
4.0 2.75 4.25 73.04000000000046
4.0 2.75 4.5 73.05000000000047
4.0 2.75 4.75 73.06000000000047
4.0 2.75 5.0 73.07000000000048
4.0 3.0 0.0 73.08000000000048
4.0 3.0 0.25 73.09000000000049
4.0 3.0 0.5 73.10000000000049
4.0 3.0 0.75 73.1100000000005
4.0 3.0 1.0 73.1200000000005
4.0 3.0 1.25 73.1300000000005
4.0 3.0 1.5 73.14000000000051
4.0 3.0 1.75 73.15000000000052
4.0 3.0 2.0 73.16000000000052
4.0 3.0 2.25 73.17000000000053
4.0 3.0 2.5 73.18000000000053
4.0 3.0 2.75 73.19000000000054
4.0 3.0 3.0 73.20000000000054
4.0 3.0 3.25 73.21000000000055
4.0 3.0 3.5 73.22000000000055
4.0 3.0 3.75 73.23000000000056
4.0 3.0 4.0 73.24000000000056
4.0 3.0 4.25 73.25000000000057
4.0 3.0 4.5 73.26000000000057
4.0 3.0 4.75 73.27000000000058
4.0 3.0 5.0 73.28000000000058
4.0 3.25 0.0 73.29000000000059
4.0 3.25 0.25 73.3000000000006
4.0 3.25 0.5 73.3100000000006
4.0 3.25 0.75 73.3200000000006
4.0 3.25 1.0 73.33000000000061
4.0 3.25 1.25 73.34000000000061
4.0 3.25 1.5 73.35000000000062
4.0 3.25 1.75 73.36000000000062
4.0 3.25 2.0 73.37000000000063
4.0 3.25 2.25 73.38000000000063
4.0 3.25 2.5 73.39000000000064
4.0 3.25 2.75 73.40000000000065
4.0 3.25 3.0 73.41000000000065
4.0 3.25 3.25 73.42000000000066
4.0 3.25 3.5 73.43000000000066
4.0 3.25 3.75 73.44000000000067
4.0 3.25 4.0 73.45000000000067
4.0 3.25 4.25 73.46000000000068
4.0 3.25 4.5 73.47000000000068
4.0 3.25 4.75 73.48000000000069
4.0 3.25 5.0 73.49000000000069
4.0 3.5 0.0 73.5000000000007
4.0 3.5 0.25 73.5100000000007
4.0 3.5 0.5 73.5200000000007
4.0 3.5 0.75 73.53000000000071
4.0 3.5 1.0 73.54000000000072
4.0 3.5 1.25 73.55000000000072
4.0 3.5 1.5 73.56000000000073
4.0 3.5 1.75 73.57000000000073
4.0 3.5 2.0 73.58000000000074
4.0 3.5 2.25 73.59000000000074
4.0 3.5 2.5 73.60000000000075
4.0 3.5 2.75 73.61000000000075
4.0 3.5 3.0 73.62000000000076
4.0 3.5 3.25 73.63000000000076
4.0 3.5 3.5 73.64000000000077
4.0 3.5 3.75 73.65000000000077
4.0 3.5 4.0 73.66000000000078
4.0 3.5 4.25 73.67000000000078
4.0 3.5 4.5 73.68000000000079
4.0 3.5 4.75 73.6900000000008
4.0 3.5 5.0 73.7000000000008
4.0 3.75 0.0 73.7100000000008
4.0 3.75 0.25 73.72000000000081
4.0 3.75 0.5 73.73000000000081
4.0 3.75 0.75 73.74000000000082
4.0 3.75 1.0 73.75000000000082
4.0 3.75 1.25 73.76000000000083
4.0 3.75 1.5 73.77000000000083
4.0 3.75 1.75 73.78000000000084
4.0 3.75 2.0 73.79000000000084
4.0 3.75 2.25 73.80000000000085
4.0 3.75 2.5 73.81000000000085
4.0 3.75 2.75 73.82000000000086
4.0 3.75 3.0 73.83000000000087
4.0 3.75 3.25 73.84000000000087
4.0 3.75 3.5 73.85000000000088
4.0 3.75 3.75 73.86000000000088
4.0 3.75 4.0 73.87000000000089
4.0 3.75 4.25 73.88000000000089
4.0 3.75 4.5 73.8900000000009
4.0 3.75 4.75 73.9000000000009
4.0 3.75 5.0 73.9100000000009
4.0 4.0 0.0 73.92000000000091
4.0 4.0 0.25 73.93000000000092
4.0 4.0 0.5 73.94000000000092
4.0 4.0 0.75 73.95000000000093
4.0 4.0 1.0 73.96000000000093
4.0 4.0 1.25 73.97000000000094
4.0 4.0 1.5 73.98000000000094
4.0 4.0 1.75 73.99000000000095
4.0 4.0 2.0 74.00000000000095
4.0 4.0 2.25 74.01000000000096
4.0 4.0 2.5 74.02000000000096
4.0 4.0 2.75 74.03000000000097
4.0 4.0 3.0 74.04000000000097
4.0 4.0 3.25 74.05000000000098
4.0 4.0 3.5 74.06000000000098
4.0 4.0 3.75 74.07000000000099
4.0 4.0 4.0 74.080000000001
4.0 4.0 4.25 74.090000000001
4.0 4.0 4.5 74.100000000001
4.0 4.0 4.75 74.11000000000101
4.0 4.0 5.0 74.12000000000101
4.0 4.25 0.0 74.13000000000102
4.0 4.25 0.25 74.14000000000102
4.0 4.25 0.5 74.15000000000103
4.0 4.25 0.75 74.16000000000103
4.0 4.25 1.0 74.17000000000104
4.0 4.25 1.25 74.18000000000104
4.0 4.25 1.5 74.19000000000105
4.0 4.25 1.75 74.20000000000105
4.0 4.25 2.0 74.21000000000106
4.0 4.25 2.25 74.22000000000106
4.0 4.25 2.5 74.23000000000107
4.0 4.25 2.75 74.24000000000107
4.0 4.25 3.0 74.25000000000108
4.0 4.25 3.25 74.26000000000109
4.0 4.25 3.5 74.27000000000109
4.0 4.25 3.75 74.2800000000011
4.0 4.25 4.0 74.2900000000011
4.0 4.25 4.25 74.3000000000011
4.0 4.25 4.5 74.31000000000111
4.0 4.25 4.75 74.32000000000112
4.0 4.25 5.0 74.33000000000112
4.0 4.5 0.0 74.34000000000113
4.0 4.5 0.25 74.35000000000113
4.0 4.5 0.5 74.36000000000114
4.0 4.5 0.75 74.37000000000114
4.0 4.5 1.0 74.38000000000115
4.0 4.5 1.25 74.39000000000115
4.0 4.5 1.5 74.40000000000116
4.0 4.5 1.75 74.41000000000116
4.0 4.5 2.0 74.42000000000117
4.0 4.5 2.25 74.43000000000117
4.0 4.5 2.5 74.44000000000118
4.0 4.5 2.75 74.45000000000118
4.0 4.5 3.0 74.46000000000119
4.0 4.5 3.25 74.47000000000119
4.0 4.5 3.5 74.4800000000012
4.0 4.5 3.75 74.4900000000012
4.0 4.5 4.0 74.50000000000121
4.0 4.5 4.25 74.51000000000121
4.0 4.5 4.5 74.52000000000122
4.0 4.5 4.75 74.53000000000122
4.0 4.5 5.0 74.54000000000123
4.0 4.75 0.0 74.55000000000123
4.0 4.75 0.25 74.56000000000124
4.0 4.75 0.5 74.57000000000124
4.0 4.75 0.75 74.58000000000125
4.0 4.75 1.0 74.59000000000125
4.0 4.75 1.25 74.60000000000126
4.0 4.75 1.5 74.61000000000126
4.0 4.75 1.75 74.62000000000127
4.0 4.75 2.0 74.63000000000127
4.0 4.75 2.25 74.64000000000128
4.0 4.75 2.5 74.65000000000128
4.0 4.75 2.75 74.66000000000129
4.0 4.75 3.0 74.6700000000013
4.0 4.75 3.25 74.6800000000013
4.0 4.75 3.5 74.6900000000013
4.0 4.75 3.75 74.70000000000131
4.0 4.75 4.0 74.71000000000132
4.0 4.75 4.25 74.72000000000132
4.0 4.75 4.5 74.73000000000133
4.0 4.75 4.75 74.74000000000133
4.0 4.75 5.0 74.75000000000134
4.0 5.0 0.0 74.76000000000134
4.0 5.0 0.25 74.77000000000135
4.0 5.0 0.5 74.78000000000135
4.0 5.0 0.75 74.79000000000136
4.0 5.0 1.0 74.80000000000136
4.0 5.0 1.25 74.81000000000137
4.0 5.0 1.5 74.82000000000137
4.0 5.0 1.75 74.83000000000138
4.0 5.0 2.0 74.84000000000138
4.0 5.0 2.25 74.85000000000139
4.0 5.0 2.5 74.86000000000139
4.0 5.0 2.75 74.8700000000014
4.0 5.0 3.0 74.8800000000014
4.0 5.0 3.25 74.89000000000141
4.0 5.0 3.5 74.90000000000141
4.0 5.0 3.75 74.91000000000142
4.0 5.0 4.0 74.92000000000142
4.0 5.0 4.25 74.93000000000143
4.0 5.0 4.5 74.94000000000143
4.0 5.0 4.75 74.95000000000144
4.0 5.0 5.0 74.96000000000144
4.25 0.0 0.0 74.97000000000145
4.25 0.0 0.25 74.98000000000145
4.25 0.0 0.5 74.99000000000146
4.25 0.0 0.75 75.00000000000146
4.25 0.0 1.0 75.01000000000147
4.25 0.0 1.25 75.02000000000147
4.25 0.0 1.5 75.03000000000148
4.25 0.0 1.75 75.04000000000148
4.25 0.0 2.0 75.05000000000149
4.25 0.0 2.25 75.0600000000015
4.25 0.0 2.5 75.0700000000015
4.25 0.0 2.75 75.0800000000015
4.25 0.0 3.0 75.09000000000151
4.25 0.0 3.25 75.10000000000151
4.25 0.0 3.5 75.11000000000152
4.25 0.0 3.75 75.12000000000153
4.25 0.0 4.0 75.13000000000153
4.25 0.0 4.25 75.14000000000154
4.25 0.0 4.5 75.15000000000154
4.25 0.0 4.75 75.16000000000155
4.25 0.0 5.0 75.17000000000155
4.25 0.25 0.0 75.18000000000156
4.25 0.25 0.25 75.19000000000156
4.25 0.25 0.5 75.20000000000157
4.25 0.25 0.75 75.21000000000157
4.25 0.25 1.0 75.22000000000158
4.25 0.25 1.25 75.23000000000158
4.25 0.25 1.5 75.24000000000159
4.25 0.25 1.75 75.25000000000159
4.25 0.25 2.0 75.2600000000016
4.25 0.25 2.25 75.2700000000016
4.25 0.25 2.5 75.2800000000016
4.25 0.25 2.75 75.29000000000161
4.25 0.25 3.0 75.30000000000162
4.25 0.25 3.25 75.31000000000162
4.25 0.25 3.5 75.32000000000163
4.25 0.25 3.75 75.33000000000163
4.25 0.25 4.0 75.34000000000164
4.25 0.25 4.25 75.35000000000164
4.25 0.25 4.5 75.36000000000165
4.25 0.25 4.75 75.37000000000165
4.25 0.25 5.0 75.38000000000166
4.25 0.5 0.0 75.39000000000166
4.25 0.5 0.25 75.40000000000167
4.25 0.5 0.5 75.41000000000167
4.25 0.5 0.75 75.42000000000168
4.25 0.5 1.0 75.43000000000168
4.25 0.5 1.25 75.44000000000169
4.25 0.5 1.5 75.4500000000017
4.25 0.5 1.75 75.4600000000017
4.25 0.5 2.0 75.4700000000017
4.25 0.5 2.25 75.48000000000171
4.25 0.5 2.5 75.49000000000171
4.25 0.5 2.75 75.50000000000172
4.25 0.5 3.0 75.51000000000172
4.25 0.5 3.25 75.52000000000173
4.25 0.5 3.5 75.53000000000173
4.25 0.5 3.75 75.54000000000174
4.25 0.5 4.0 75.55000000000175
4.25 0.5 4.25 75.56000000000175
4.25 0.5 4.5 75.57000000000176
4.25 0.5 4.75 75.58000000000176
4.25 0.5 5.0 75.59000000000177
4.25 0.75 0.0 75.60000000000177
4.25 0.75 0.25 75.61000000000178
4.25 0.75 0.5 75.62000000000178
4.25 0.75 0.75 75.63000000000179
4.25 0.75 1.0 75.64000000000179
4.25 0.75 1.25 75.6500000000018
4.25 0.75 1.5 75.6600000000018
4.25 0.75 1.75 75.6700000000018
4.25 0.75 2.0 75.68000000000181
4.25 0.75 2.25 75.69000000000182
4.25 0.75 2.5 75.70000000000182
4.25 0.75 2.75 75.71000000000183
4.25 0.75 3.0 75.72000000000183
4.25 0.75 3.25 75.73000000000184
4.25 0.75 3.5 75.74000000000184
4.25 0.75 3.75 75.75000000000185
4.25 0.75 4.0 75.76000000000185
4.25 0.75 4.25 75.77000000000186
4.25 0.75 4.5 75.78000000000186
4.25 0.75 4.75 75.79000000000187
4.25 0.75 5.0 75.80000000000187
4.25 1.0 0.0 75.81000000000188
4.25 1.0 0.25 75.82000000000188
4.25 1.0 0.5 75.83000000000189
4.25 1.0 0.75 75.8400000000019
4.25 1.0 1.0 75.8500000000019
4.25 1.0 1.25 75.8600000000019
4.25 1.0 1.5 75.87000000000191
4.25 1.0 1.75 75.88000000000191
4.25 1.0 2.0 75.89000000000192
4.25 1.0 2.25 75.90000000000192
4.25 1.0 2.5 75.91000000000193
4.25 1.0 2.75 75.92000000000193
4.25 1.0 3.0 75.93000000000194
4.25 1.0 3.25 75.94000000000194
4.25 1.0 3.5 75.95000000000195
4.25 1.0 3.75 75.96000000000195
4.25 1.0 4.0 75.97000000000196
4.25 1.0 4.25 75.98000000000197
4.25 1.0 4.5 75.99000000000197
4.25 1.0 4.75 76.00000000000198
4.25 1.0 5.0 76.01000000000198
4.25 1.25 0.0 76.02000000000199
4.25 1.25 0.25 76.03000000000199
4.25 1.25 0.5 76.040000000002
4.25 1.25 0.75 76.050000000002
4.25 1.25 1.0 76.060000000002
4.25 1.25 1.25 76.07000000000201
4.25 1.25 1.5 76.08000000000202
4.25 1.25 1.75 76.09000000000202
4.25 1.25 2.0 76.10000000000203
4.25 1.25 2.25 76.11000000000203
4.25 1.25 2.5 76.12000000000204
4.25 1.25 2.75 76.13000000000204
4.25 1.25 3.0 76.14000000000205
4.25 1.25 3.25 76.15000000000205
4.25 1.25 3.5 76.16000000000206
4.25 1.25 3.75 76.17000000000206
4.25 1.25 4.0 76.18000000000207
4.25 1.25 4.25 76.19000000000207
4.25 1.25 4.5 76.20000000000208
4.25 1.25 4.75 76.21000000000208
4.25 1.25 5.0 76.22000000000209
4.25 1.5 0.0 76.2300000000021
4.25 1.5 0.25 76.2400000000021
4.25 1.5 0.5 76.2500000000021
4.25 1.5 0.75 76.26000000000211
4.25 1.5 1.0 76.27000000000211
4.25 1.5 1.25 76.28000000000212
4.25 1.5 1.5 76.29000000000212
4.25 1.5 1.75 76.30000000000213
4.25 1.5 2.0 76.31000000000213
4.25 1.5 2.25 76.32000000000214
4.25 1.5 2.5 76.33000000000214
4.25 1.5 2.75 76.34000000000215
4.25 1.5 3.0 76.35000000000215
4.25 1.5 3.25 76.36000000000216
4.25 1.5 3.5 76.37000000000216
4.25 1.5 3.75 76.38000000000217
4.25 1.5 4.0 76.39000000000217
4.25 1.5 4.25 76.40000000000218
4.25 1.5 4.5 76.41000000000219
4.25 1.5 4.75 76.42000000000219
4.25 1.5 5.0 76.4300000000022
4.25 1.75 0.0 76.4400000000022
4.25 1.75 0.25 76.4500000000022
4.25 1.75 0.5 76.46000000000221
4.25 1.75 0.75 76.47000000000222
4.25 1.75 1.0 76.48000000000222
4.25 1.75 1.25 76.49000000000223
4.25 1.75 1.5 76.50000000000223
4.25 1.75 1.75 76.51000000000224
4.25 1.75 2.0 76.52000000000224
4.25 1.75 2.25 76.53000000000225
4.25 1.75 2.5 76.54000000000225
4.25 1.75 2.75 76.55000000000226
4.25 1.75 3.0 76.56000000000226
4.25 1.75 3.25 76.57000000000227
4.25 1.75 3.5 76.58000000000227
4.25 1.75 3.75 76.59000000000228
4.25 1.75 4.0 76.60000000000228
4.25 1.75 4.25 76.61000000000229
4.25 1.75 4.5 76.62000000000229
4.25 1.75 4.75 76.6300000000023
4.25 1.75 5.0 76.6400000000023
4.25 2.0 0.0 76.65000000000231
4.25 2.0 0.25 76.66000000000231
4.25 2.0 0.5 76.67000000000232
4.25 2.0 0.75 76.68000000000232
4.25 2.0 1.0 76.69000000000233
4.25 2.0 1.25 76.70000000000233
4.25 2.0 1.5 76.71000000000234
4.25 2.0 1.75 76.72000000000234
4.25 2.0 2.0 76.73000000000235
4.25 2.0 2.25 76.74000000000235
4.25 2.0 2.5 76.75000000000236
4.25 2.0 2.75 76.76000000000236
4.25 2.0 3.0 76.77000000000237
4.25 2.0 3.25 76.78000000000237
4.25 2.0 3.5 76.79000000000238
4.25 2.0 3.75 76.80000000000238
4.25 2.0 4.0 76.81000000000239
4.25 2.0 4.25 76.8200000000024
4.25 2.0 4.5 76.8300000000024
4.25 2.0 4.75 76.8400000000024
4.25 2.0 5.0 76.85000000000241
4.25 2.25 0.0 76.86000000000242
4.25 2.25 0.25 76.87000000000242
4.25 2.25 0.5 76.88000000000243
4.25 2.25 0.75 76.89000000000243
4.25 2.25 1.0 76.90000000000244
4.25 2.25 1.25 76.91000000000244
4.25 2.25 1.5 76.92000000000245
4.25 2.25 1.75 76.93000000000245
4.25 2.25 2.0 76.94000000000246
4.25 2.25 2.25 76.95000000000246
4.25 2.25 2.5 76.96000000000247
4.25 2.25 2.75 76.97000000000247
4.25 2.25 3.0 76.98000000000248
4.25 2.25 3.25 76.99000000000248
4.25 2.25 3.5 77.00000000000249
4.25 2.25 3.75 77.01000000000249
4.25 2.25 4.0 77.0200000000025
4.25 2.25 4.25 77.0300000000025
4.25 2.25 4.5 77.04000000000251
4.25 2.25 4.75 77.05000000000251
4.25 2.25 5.0 77.06000000000252
4.25 2.5 0.0 77.07000000000252
4.25 2.5 0.25 77.08000000000253
4.25 2.5 0.5 77.09000000000253
4.25 2.5 0.75 77.10000000000254
4.25 2.5 1.0 77.11000000000254
4.25 2.5 1.25 77.12000000000255
4.25 2.5 1.5 77.13000000000255
4.25 2.5 1.75 77.14000000000256
4.25 2.5 2.0 77.15000000000256
4.25 2.5 2.25 77.16000000000257
4.25 2.5 2.5 77.17000000000257
4.25 2.5 2.75 77.18000000000258
4.25 2.5 3.0 77.19000000000258
4.25 2.5 3.25 77.20000000000259
4.25 2.5 3.5 77.2100000000026
4.25 2.5 3.75 77.2200000000026
4.25 2.5 4.0 77.2300000000026
4.25 2.5 4.25 77.24000000000261
4.25 2.5 4.5 77.25000000000261
4.25 2.5 4.75 77.26000000000262
4.25 2.5 5.0 77.27000000000263
4.25 2.75 0.0 77.28000000000263
4.25 2.75 0.25 77.29000000000264
4.25 2.75 0.5 77.30000000000264
4.25 2.75 0.75 77.31000000000265
4.25 2.75 1.0 77.32000000000265
4.25 2.75 1.25 77.33000000000266
4.25 2.75 1.5 77.34000000000266
4.25 2.75 1.75 77.35000000000267
4.25 2.75 2.0 77.36000000000267
4.25 2.75 2.25 77.37000000000268
4.25 2.75 2.5 77.38000000000268
4.25 2.75 2.75 77.39000000000269
4.25 2.75 3.0 77.40000000000269
4.25 2.75 3.25 77.4100000000027
4.25 2.75 3.5 77.4200000000027
4.25 2.75 3.75 77.4300000000027
4.25 2.75 4.0 77.44000000000271
4.25 2.75 4.25 77.45000000000272
4.25 2.75 4.5 77.46000000000272
4.25 2.75 4.75 77.47000000000273
4.25 2.75 5.0 77.48000000000273
4.25 3.0 0.0 77.49000000000274
4.25 3.0 0.25 77.50000000000274
4.25 3.0 0.5 77.51000000000275
4.25 3.0 0.75 77.52000000000275
4.25 3.0 1.0 77.53000000000276
4.25 3.0 1.25 77.54000000000276
4.25 3.0 1.5 77.55000000000277
4.25 3.0 1.75 77.56000000000277
4.25 3.0 2.0 77.57000000000278
4.25 3.0 2.25 77.58000000000278
4.25 3.0 2.5 77.59000000000279
4.25 3.0 2.75 77.6000000000028
4.25 3.0 3.0 77.6100000000028
4.25 3.0 3.25 77.6200000000028
4.25 3.0 3.5 77.63000000000281
4.25 3.0 3.75 77.64000000000281
4.25 3.0 4.0 77.65000000000282
4.25 3.0 4.25 77.66000000000282
4.25 3.0 4.5 77.67000000000283
4.25 3.0 4.75 77.68000000000283
4.25 3.0 5.0 77.69000000000284
4.25 3.25 0.0 77.70000000000285
4.25 3.25 0.25 77.71000000000285
4.25 3.25 0.5 77.72000000000286
4.25 3.25 0.75 77.73000000000286
4.25 3.25 1.0 77.74000000000287
4.25 3.25 1.25 77.75000000000287
4.25 3.25 1.5 77.76000000000288
4.25 3.25 1.75 77.77000000000288
4.25 3.25 2.0 77.78000000000289
4.25 3.25 2.25 77.79000000000289
4.25 3.25 2.5 77.8000000000029
4.25 3.25 2.75 77.8100000000029
4.25 3.25 3.0 77.8200000000029
4.25 3.25 3.25 77.83000000000291
4.25 3.25 3.5 77.84000000000292
4.25 3.25 3.75 77.85000000000292
4.25 3.25 4.0 77.86000000000293
4.25 3.25 4.25 77.87000000000293
4.25 3.25 4.5 77.88000000000294
4.25 3.25 4.75 77.89000000000294
4.25 3.25 5.0 77.90000000000295
4.25 3.5 0.0 77.91000000000295
4.25 3.5 0.25 77.92000000000296
4.25 3.5 0.5 77.93000000000296
4.25 3.5 0.75 77.94000000000297
4.25 3.5 1.0 77.95000000000297
4.25 3.5 1.25 77.96000000000298
4.25 3.5 1.5 77.97000000000298
4.25 3.5 1.75 77.98000000000299
4.25 3.5 2.0 77.990000000003
4.25 3.5 2.25 78.000000000003
4.25 3.5 2.5 78.010000000003
4.25 3.5 2.75 78.02000000000301
4.25 3.5 3.0 78.03000000000301
4.25 3.5 3.25 78.04000000000302
4.25 3.5 3.5 78.05000000000302
4.25 3.5 3.75 78.06000000000303
4.25 3.5 4.0 78.07000000000303
4.25 3.5 4.25 78.08000000000304
4.25 3.5 4.5 78.09000000000304
4.25 3.5 4.75 78.10000000000305
4.25 3.5 5.0 78.11000000000305
4.25 3.75 0.0 78.12000000000306
4.25 3.75 0.25 78.13000000000306
4.25 3.75 0.5 78.14000000000307
4.25 3.75 0.75 78.15000000000308
4.25 3.75 1.0 78.16000000000308
4.25 3.75 1.25 78.17000000000309
4.25 3.75 1.5 78.18000000000309
4.25 3.75 1.75 78.1900000000031
4.25 3.75 2.0 78.2000000000031
4.25 3.75 2.25 78.2100000000031
4.25 3.75 2.5 78.22000000000311
4.25 3.75 2.75 78.23000000000312
4.25 3.75 3.0 78.24000000000312
4.25 3.75 3.25 78.25000000000313
4.25 3.75 3.5 78.26000000000313
4.25 3.75 3.75 78.27000000000314
4.25 3.75 4.0 78.28000000000314
4.25 3.75 4.25 78.29000000000315
4.25 3.75 4.5 78.30000000000315
4.25 3.75 4.75 78.31000000000316
4.25 3.75 5.0 78.32000000000316
4.25 4.0 0.0 78.33000000000317
4.25 4.0 0.25 78.34000000000317
4.25 4.0 0.5 78.35000000000318
4.25 4.0 0.75 78.36000000000318
4.25 4.0 1.0 78.37000000000319
4.25 4.0 1.25 78.3800000000032
4.25 4.0 1.5 78.3900000000032
4.25 4.0 1.75 78.4000000000032
4.25 4.0 2.0 78.41000000000321
4.25 4.0 2.25 78.42000000000321
4.25 4.0 2.5 78.43000000000322
4.25 4.0 2.75 78.44000000000322
4.25 4.0 3.0 78.45000000000323
4.25 4.0 3.25 78.46000000000323
4.25 4.0 3.5 78.47000000000324
4.25 4.0 3.75 78.48000000000324
4.25 4.0 4.0 78.49000000000325
4.25 4.0 4.25 78.50000000000325
4.25 4.0 4.5 78.51000000000326
4.25 4.0 4.75 78.52000000000326
4.25 4.0 5.0 78.53000000000327
4.25 4.25 0.0 78.54000000000327
4.25 4.25 0.25 78.55000000000328
4.25 4.25 0.5 78.56000000000328
4.25 4.25 0.75 78.57000000000329
4.25 4.25 1.0 78.5800000000033
4.25 4.25 1.25 78.5900000000033
4.25 4.25 1.5 78.6000000000033
4.25 4.25 1.75 78.61000000000331
4.25 4.25 2.0 78.62000000000332
4.25 4.25 2.25 78.63000000000332
4.25 4.25 2.5 78.64000000000333
4.25 4.25 2.75 78.65000000000333
4.25 4.25 3.0 78.66000000000334
4.25 4.25 3.25 78.67000000000334
4.25 4.25 3.5 78.68000000000335
4.25 4.25 3.75 78.69000000000335
4.25 4.25 4.0 78.70000000000336
4.25 4.25 4.25 78.71000000000336
4.25 4.25 4.5 78.72000000000337
4.25 4.25 4.75 78.73000000000337
4.25 4.25 5.0 78.74000000000338
4.25 4.5 0.0 78.75000000000338
4.25 4.5 0.25 78.76000000000339
4.25 4.5 0.5 78.77000000000339
4.25 4.5 0.75 78.7800000000034
4.25 4.5 1.0 78.7900000000034
4.25 4.5 1.25 78.80000000000341
4.25 4.5 1.5 78.81000000000341
4.25 4.5 1.75 78.82000000000342
4.25 4.5 2.0 78.83000000000342
4.25 4.5 2.25 78.84000000000343
4.25 4.5 2.5 78.85000000000343
4.25 4.5 2.75 78.86000000000344
4.25 4.5 3.0 78.87000000000344
4.25 4.5 3.25 78.88000000000345
4.25 4.5 3.5 78.89000000000345
4.25 4.5 3.75 78.90000000000346
4.25 4.5 4.0 78.91000000000346
4.25 4.5 4.25 78.92000000000347
4.25 4.5 4.5 78.93000000000347
4.25 4.5 4.75 78.94000000000348
4.25 4.5 5.0 78.95000000000348
4.25 4.75 0.0 78.96000000000349
4.25 4.75 0.25 78.9700000000035
4.25 4.75 0.5 78.9800000000035
4.25 4.75 0.75 78.9900000000035
4.25 4.75 1.0 79.00000000000351
4.25 4.75 1.25 79.01000000000352
4.25 4.75 1.5 79.02000000000352
4.25 4.75 1.75 79.03000000000353
4.25 4.75 2.0 79.04000000000353
4.25 4.75 2.25 79.05000000000354
4.25 4.75 2.5 79.06000000000354
4.25 4.75 2.75 79.07000000000355
4.25 4.75 3.0 79.08000000000355
4.25 4.75 3.25 79.09000000000356
4.25 4.75 3.5 79.10000000000356
4.25 4.75 3.75 79.11000000000357
4.25 4.75 4.0 79.12000000000357
4.25 4.75 4.25 79.13000000000358
4.25 4.75 4.5 79.14000000000358
4.25 4.75 4.75 79.15000000000359
4.25 4.75 5.0 79.16000000000359
4.25 5.0 0.0 79.1700000000036
4.25 5.0 0.25 79.1800000000036
4.25 5.0 0.5 79.19000000000361
4.25 5.0 0.75 79.20000000000361
4.25 5.0 1.0 79.21000000000362
4.25 5.0 1.25 79.22000000000362
4.25 5.0 1.5 79.23000000000363
4.25 5.0 1.75 79.24000000000363
4.25 5.0 2.0 79.25000000000364
4.25 5.0 2.25 79.26000000000364
4.25 5.0 2.5 79.27000000000365
4.25 5.0 2.75 79.28000000000365
4.25 5.0 3.0 79.29000000000366
4.25 5.0 3.25 79.30000000000366
4.25 5.0 3.5 79.31000000000367
4.25 5.0 3.75 79.32000000000367
4.25 5.0 4.0 79.33000000000368
4.25 5.0 4.25 79.34000000000368
4.25 5.0 4.5 79.35000000000369
4.25 5.0 4.75 79.3600000000037
4.25 5.0 5.0 79.3700000000037
4.5 0.0 0.0 79.3800000000037
4.5 0.0 0.25 79.39000000000371
4.5 0.0 0.5 79.40000000000371
4.5 0.0 0.75 79.41000000000372
4.5 0.0 1.0 79.42000000000372
4.5 0.0 1.25 79.43000000000373
4.5 0.0 1.5 79.44000000000374
4.5 0.0 1.75 79.45000000000374
4.5 0.0 2.0 79.46000000000375
4.5 0.0 2.25 79.47000000000375
4.5 0.0 2.5 79.48000000000376
4.5 0.0 2.75 79.49000000000376
4.5 0.0 3.0 79.50000000000377
4.5 0.0 3.25 79.51000000000377
4.5 0.0 3.5 79.52000000000378
4.5 0.0 3.75 79.53000000000378
4.5 0.0 4.0 79.54000000000379
4.5 0.0 4.25 79.55000000000379
4.5 0.0 4.5 79.5600000000038
4.5 0.0 4.75 79.5700000000038
4.5 0.0 5.0 79.5800000000038
4.5 0.25 0.0 79.59000000000381
4.5 0.25 0.25 79.60000000000382
4.5 0.25 0.5 79.61000000000382
4.5 0.25 0.75 79.62000000000383
4.5 0.25 1.0 79.63000000000383
4.5 0.25 1.25 79.64000000000384
4.5 0.25 1.5 79.65000000000384
4.5 0.25 1.75 79.66000000000385
4.5 0.25 2.0 79.67000000000385
4.5 0.25 2.25 79.68000000000386
4.5 0.25 2.5 79.69000000000386
4.5 0.25 2.75 79.70000000000387
4.5 0.25 3.0 79.71000000000387
4.5 0.25 3.25 79.72000000000388
4.5 0.25 3.5 79.73000000000388
4.5 0.25 3.75 79.74000000000389
4.5 0.25 4.0 79.7500000000039
4.5 0.25 4.25 79.7600000000039
4.5 0.25 4.5 79.7700000000039
4.5 0.25 4.75 79.78000000000391
4.5 0.25 5.0 79.79000000000391
4.5 0.5 0.0 79.80000000000392
4.5 0.5 0.25 79.81000000000392
4.5 0.5 0.5 79.82000000000393
4.5 0.5 0.75 79.83000000000393
4.5 0.5 1.0 79.84000000000394
4.5 0.5 1.25 79.85000000000394
4.5 0.5 1.5 79.86000000000395
4.5 0.5 1.75 79.87000000000396
4.5 0.5 2.0 79.88000000000396
4.5 0.5 2.25 79.89000000000397
4.5 0.5 2.5 79.90000000000397
4.5 0.5 2.75 79.91000000000398
4.5 0.5 3.0 79.92000000000398
4.5 0.5 3.25 79.93000000000399
4.5 0.5 3.5 79.94000000000399
4.5 0.5 3.75 79.950000000004
4.5 0.5 4.0 79.960000000004
4.5 0.5 4.25 79.970000000004
4.5 0.5 4.5 79.98000000000401
4.5 0.5 4.75 79.99000000000402
4.5 0.5 5.0 80.00000000000402
4.5 0.75 0.0 80.01000000000403
4.5 0.75 0.25 80.02000000000403
4.5 0.75 0.5 80.03000000000404
4.5 0.75 0.75 80.04000000000404
4.5 0.75 1.0 80.05000000000405
4.5 0.75 1.25 80.06000000000405
4.5 0.75 1.5 80.07000000000406
4.5 0.75 1.75 80.08000000000406
4.5 0.75 2.0 80.09000000000407
4.5 0.75 2.25 80.10000000000407
4.5 0.75 2.5 80.11000000000408
4.5 0.75 2.75 80.12000000000408
4.5 0.75 3.0 80.13000000000409
4.5 0.75 3.25 80.1400000000041
4.5 0.75 3.5 80.1500000000041
4.5 0.75 3.75 80.1600000000041
4.5 0.75 4.0 80.17000000000411
4.5 0.75 4.25 80.18000000000411
4.5 0.75 4.5 80.19000000000412
4.5 0.75 4.75 80.20000000000412
4.5 0.75 5.0 80.21000000000413
4.5 1.0 0.0 80.22000000000413
4.5 1.0 0.25 80.23000000000414
4.5 1.0 0.5 80.24000000000414
4.5 1.0 0.75 80.25000000000415
4.5 1.0 1.0 80.26000000000415
4.5 1.0 1.25 80.27000000000416
4.5 1.0 1.5 80.28000000000416
4.5 1.0 1.75 80.29000000000417
4.5 1.0 2.0 80.30000000000418
4.5 1.0 2.25 80.31000000000418
4.5 1.0 2.5 80.32000000000419
4.5 1.0 2.75 80.33000000000419
4.5 1.0 3.0 80.3400000000042
4.5 1.0 3.25 80.3500000000042
4.5 1.0 3.5 80.3600000000042
4.5 1.0 3.75 80.37000000000421
4.5 1.0 4.0 80.38000000000422
4.5 1.0 4.25 80.39000000000422
4.5 1.0 4.5 80.40000000000423
4.5 1.0 4.75 80.41000000000423
4.5 1.0 5.0 80.42000000000424
4.5 1.25 0.0 80.43000000000424
4.5 1.25 0.25 80.44000000000425
4.5 1.25 0.5 80.45000000000425
4.5 1.25 0.75 80.46000000000426
4.5 1.25 1.0 80.47000000000426
4.5 1.25 1.25 80.48000000000427
4.5 1.25 1.5 80.49000000000427
4.5 1.25 1.75 80.50000000000428
4.5 1.25 2.0 80.51000000000428
4.5 1.25 2.25 80.52000000000429
4.5 1.25 2.5 80.53000000000429
4.5 1.25 2.75 80.5400000000043
4.5 1.25 3.0 80.5500000000043
4.5 1.25 3.25 80.56000000000431
4.5 1.25 3.5 80.57000000000431
4.5 1.25 3.75 80.58000000000432
4.5 1.25 4.0 80.59000000000432
4.5 1.25 4.25 80.60000000000433
4.5 1.25 4.5 80.61000000000433
4.5 1.25 4.75 80.62000000000434
4.5 1.25 5.0 80.63000000000434
4.5 1.5 0.0 80.64000000000435
4.5 1.5 0.25 80.65000000000435
4.5 1.5 0.5 80.66000000000436
4.5 1.5 0.75 80.67000000000436
4.5 1.5 1.0 80.68000000000437
4.5 1.5 1.25 80.69000000000437
4.5 1.5 1.5 80.70000000000438
4.5 1.5 1.75 80.71000000000438
4.5 1.5 2.0 80.72000000000439
4.5 1.5 2.25 80.7300000000044
4.5 1.5 2.5 80.7400000000044
4.5 1.5 2.75 80.7500000000044
4.5 1.5 3.0 80.76000000000441
4.5 1.5 3.25 80.77000000000442
4.5 1.5 3.5 80.78000000000442
4.5 1.5 3.75 80.79000000000443
4.5 1.5 4.0 80.80000000000443
4.5 1.5 4.25 80.81000000000444
4.5 1.5 4.5 80.82000000000444
4.5 1.5 4.75 80.83000000000445
4.5 1.5 5.0 80.84000000000445
4.5 1.75 0.0 80.85000000000446
4.5 1.75 0.25 80.86000000000446
4.5 1.75 0.5 80.87000000000447
4.5 1.75 0.75 80.88000000000447
4.5 1.75 1.0 80.89000000000448
4.5 1.75 1.25 80.90000000000448
4.5 1.75 1.5 80.91000000000449
4.5 1.75 1.75 80.92000000000449
4.5 1.75 2.0 80.9300000000045
4.5 1.75 2.25 80.9400000000045
4.5 1.75 2.5 80.95000000000451
4.5 1.75 2.75 80.96000000000451
4.5 1.75 3.0 80.97000000000452
4.5 1.75 3.25 80.98000000000452
4.5 1.75 3.5 80.99000000000453
4.5 1.75 3.75 81.00000000000453
4.5 1.75 4.0 81.01000000000454
4.5 1.75 4.25 81.02000000000454
4.5 1.75 4.5 81.03000000000455
4.5 1.75 4.75 81.04000000000455
4.5 1.75 5.0 81.05000000000456
4.5 2.0 0.0 81.06000000000456
4.5 2.0 0.25 81.07000000000457
4.5 2.0 0.5 81.08000000000457
4.5 2.0 0.75 81.09000000000458
4.5 2.0 1.0 81.10000000000458
4.5 2.0 1.25 81.11000000000459
4.5 2.0 1.5 81.1200000000046
4.5 2.0 1.75 81.1300000000046
4.5 2.0 2.0 81.1400000000046
4.5 2.0 2.25 81.15000000000461
4.5 2.0 2.5 81.16000000000462
4.5 2.0 2.75 81.17000000000462
4.5 2.0 3.0 81.18000000000463
4.5 2.0 3.25 81.19000000000463
4.5 2.0 3.5 81.20000000000464
4.5 2.0 3.75 81.21000000000464
4.5 2.0 4.0 81.22000000000465
4.5 2.0 4.25 81.23000000000465
4.5 2.0 4.5 81.24000000000466
4.5 2.0 4.75 81.25000000000466
4.5 2.0 5.0 81.26000000000467
4.5 2.25 0.0 81.27000000000467
4.5 2.25 0.25 81.28000000000468
4.5 2.25 0.5 81.29000000000468
4.5 2.25 0.75 81.30000000000469
4.5 2.25 1.0 81.31000000000469
4.5 2.25 1.25 81.3200000000047
4.5 2.25 1.5 81.3300000000047
4.5 2.25 1.75 81.34000000000471
4.5 2.25 2.0 81.35000000000471
4.5 2.25 2.25 81.36000000000472
4.5 2.25 2.5 81.37000000000472
4.5 2.25 2.75 81.38000000000473
4.5 2.25 3.0 81.39000000000473
4.5 2.25 3.25 81.40000000000474
4.5 2.25 3.5 81.41000000000474
4.5 2.25 3.75 81.42000000000475
4.5 2.25 4.0 81.43000000000475
4.5 2.25 4.25 81.44000000000476
4.5 2.25 4.5 81.45000000000476
4.5 2.25 4.75 81.46000000000477
4.5 2.25 5.0 81.47000000000477
4.5 2.5 0.0 81.48000000000478
4.5 2.5 0.25 81.49000000000478
4.5 2.5 0.5 81.50000000000479
4.5 2.5 0.75 81.5100000000048
4.5 2.5 1.0 81.5200000000048
4.5 2.5 1.25 81.5300000000048
4.5 2.5 1.5 81.54000000000481
4.5 2.5 1.75 81.55000000000481
4.5 2.5 2.0 81.56000000000482
4.5 2.5 2.25 81.57000000000482
4.5 2.5 2.5 81.58000000000483
4.5 2.5 2.75 81.59000000000484
4.5 2.5 3.0 81.60000000000484
4.5 2.5 3.25 81.61000000000485
4.5 2.5 3.5 81.62000000000485
4.5 2.5 3.75 81.63000000000486
4.5 2.5 4.0 81.64000000000486
4.5 2.5 4.25 81.65000000000487
4.5 2.5 4.5 81.66000000000487
4.5 2.5 4.75 81.67000000000488
4.5 2.5 5.0 81.68000000000488
4.5 2.75 0.0 81.69000000000489
4.5 2.75 0.25 81.70000000000489
4.5 2.75 0.5 81.7100000000049
4.5 2.75 0.75 81.7200000000049
4.5 2.75 1.0 81.7300000000049
4.5 2.75 1.25 81.74000000000491
4.5 2.75 1.5 81.75000000000492
4.5 2.75 1.75 81.76000000000492
4.5 2.75 2.0 81.77000000000493
4.5 2.75 2.25 81.78000000000493
4.5 2.75 2.5 81.79000000000494
4.5 2.75 2.75 81.80000000000494
4.5 2.75 3.0 81.81000000000495
4.5 2.75 3.25 81.82000000000495
4.5 2.75 3.5 81.83000000000496
4.5 2.75 3.75 81.84000000000496
4.5 2.75 4.0 81.85000000000497
4.5 2.75 4.25 81.86000000000497
4.5 2.75 4.5 81.87000000000498
4.5 2.75 4.75 81.88000000000498
4.5 2.75 5.0 81.89000000000499
4.5 3.0 0.0 81.900000000005
4.5 3.0 0.25 81.910000000005
4.5 3.0 0.5 81.920000000005
4.5 3.0 0.75 81.93000000000501
4.5 3.0 1.0 81.94000000000501
4.5 3.0 1.25 81.95000000000502
4.5 3.0 1.5 81.96000000000502
4.5 3.0 1.75 81.97000000000503
4.5 3.0 2.0 81.98000000000503
4.5 3.0 2.25 81.99000000000504
4.5 3.0 2.5 82.00000000000504
4.5 3.0 2.75 82.01000000000505
4.5 3.0 3.0 82.02000000000506
4.5 3.0 3.25 82.03000000000506
4.5 3.0 3.5 82.04000000000507
4.5 3.0 3.75 82.05000000000507
4.5 3.0 4.0 82.06000000000508
4.5 3.0 4.25 82.07000000000508
4.5 3.0 4.5 82.08000000000509
4.5 3.0 4.75 82.09000000000509
4.5 3.0 5.0 82.1000000000051
4.5 3.25 0.0 82.1100000000051
4.5 3.25 0.25 82.1200000000051
4.5 3.25 0.5 82.13000000000511
4.5 3.25 0.75 82.14000000000512
4.5 3.25 1.0 82.15000000000512
4.5 3.25 1.25 82.16000000000513
4.5 3.25 1.5 82.17000000000513
4.5 3.25 1.75 82.18000000000514
4.5 3.25 2.0 82.19000000000514
4.5 3.25 2.25 82.20000000000515
4.5 3.25 2.5 82.21000000000515
4.5 3.25 2.75 82.22000000000516
4.5 3.25 3.0 82.23000000000516
4.5 3.25 3.25 82.24000000000517
4.5 3.25 3.5 82.25000000000517
4.5 3.25 3.75 82.26000000000518
4.5 3.25 4.0 82.27000000000518
4.5 3.25 4.25 82.28000000000519
4.5 3.25 4.5 82.2900000000052
4.5 3.25 4.75 82.3000000000052
4.5 3.25 5.0 82.3100000000052
4.5 3.5 0.0 82.32000000000521
4.5 3.5 0.25 82.33000000000521
4.5 3.5 0.5 82.34000000000522
4.5 3.5 0.75 82.35000000000522
4.5 3.5 1.0 82.36000000000523
4.5 3.5 1.25 82.37000000000523
4.5 3.5 1.5 82.38000000000524
4.5 3.5 1.75 82.39000000000524
4.5 3.5 2.0 82.40000000000525
4.5 3.5 2.25 82.41000000000525
4.5 3.5 2.5 82.42000000000526
4.5 3.5 2.75 82.43000000000526
4.5 3.5 3.0 82.44000000000527
4.5 3.5 3.25 82.45000000000528
4.5 3.5 3.5 82.46000000000528
4.5 3.5 3.75 82.47000000000529
4.5 3.5 4.0 82.48000000000529
4.5 3.5 4.25 82.4900000000053
4.5 3.5 4.5 82.5000000000053
4.5 3.5 4.75 82.5100000000053
4.5 3.5 5.0 82.52000000000531
4.5 3.75 0.0 82.53000000000532
4.5 3.75 0.25 82.54000000000532
4.5 3.75 0.5 82.55000000000533
4.5 3.75 0.75 82.56000000000533
4.5 3.75 1.0 82.57000000000534
4.5 3.75 1.25 82.58000000000534
4.5 3.75 1.5 82.59000000000535
4.5 3.75 1.75 82.60000000000535
4.5 3.75 2.0 82.61000000000536
4.5 3.75 2.25 82.62000000000536
4.5 3.75 2.5 82.63000000000537
4.5 3.75 2.75 82.64000000000537
4.5 3.75 3.0 82.65000000000538
4.5 3.75 3.25 82.66000000000538
4.5 3.75 3.5 82.67000000000539
4.5 3.75 3.75 82.68000000000539
4.5 3.75 4.0 82.6900000000054
4.5 3.75 4.25 82.7000000000054
4.5 3.75 4.5 82.71000000000541
4.5 3.75 4.75 82.72000000000541
4.5 3.75 5.0 82.73000000000542
4.5 4.0 0.0 82.74000000000542
4.5 4.0 0.25 82.75000000000543
4.5 4.0 0.5 82.76000000000543
4.5 4.0 0.75 82.77000000000544
4.5 4.0 1.0 82.78000000000544
4.5 4.0 1.25 82.79000000000545
4.5 4.0 1.5 82.80000000000545
4.5 4.0 1.75 82.81000000000546
4.5 4.0 2.0 82.82000000000546
4.5 4.0 2.25 82.83000000000547
4.5 4.0 2.5 82.84000000000547
4.5 4.0 2.75 82.85000000000548
4.5 4.0 3.0 82.86000000000548
4.5 4.0 3.25 82.87000000000549
4.5 4.0 3.5 82.8800000000055
4.5 4.0 3.75 82.8900000000055
4.5 4.0 4.0 82.9000000000055
4.5 4.0 4.25 82.91000000000551
4.5 4.0 4.5 82.92000000000552
4.5 4.0 4.75 82.93000000000552
4.5 4.0 5.0 82.94000000000553
4.5 4.25 0.0 82.95000000000553
4.5 4.25 0.25 82.96000000000554
4.5 4.25 0.5 82.97000000000554
4.5 4.25 0.75 82.98000000000555
4.5 4.25 1.0 82.99000000000555
4.5 4.25 1.25 83.00000000000556
4.5 4.25 1.5 83.01000000000556
4.5 4.25 1.75 83.02000000000557
4.5 4.25 2.0 83.03000000000557
4.5 4.25 2.25 83.04000000000558
4.5 4.25 2.5 83.05000000000558
4.5 4.25 2.75 83.06000000000559
4.5 4.25 3.0 83.07000000000559
4.5 4.25 3.25 83.0800000000056
4.5 4.25 3.5 83.0900000000056
4.5 4.25 3.75 83.10000000000561
4.5 4.25 4.0 83.11000000000561
4.5 4.25 4.25 83.12000000000562
4.5 4.25 4.5 83.13000000000562
4.5 4.25 4.75 83.14000000000563
4.5 4.25 5.0 83.15000000000563
4.5 4.5 0.0 83.16000000000564
4.5 4.5 0.25 83.17000000000564
4.5 4.5 0.5 83.18000000000565
4.5 4.5 0.75 83.19000000000565
4.5 4.5 1.0 83.20000000000566
4.5 4.5 1.25 83.21000000000566
4.5 4.5 1.5 83.22000000000567
4.5 4.5 1.75 83.23000000000567
4.5 4.5 2.0 83.24000000000568
4.5 4.5 2.25 83.25000000000568
4.5 4.5 2.5 83.26000000000569
4.5 4.5 2.75 83.2700000000057
4.5 4.5 3.0 83.2800000000057
4.5 4.5 3.25 83.2900000000057
4.5 4.5 3.5 83.30000000000571
4.5 4.5 3.75 83.31000000000572
4.5 4.5 4.0 83.32000000000572
4.5 4.5 4.25 83.33000000000573
4.5 4.5 4.5 83.34000000000573
4.5 4.5 4.75 83.35000000000574
4.5 4.5 5.0 83.36000000000574
4.5 4.75 0.0 83.37000000000575
4.5 4.75 0.25 83.38000000000575
4.5 4.75 0.5 83.39000000000576
4.5 4.75 0.75 83.40000000000576
4.5 4.75 1.0 83.41000000000577
4.5 4.75 1.25 83.42000000000577
4.5 4.75 1.5 83.43000000000578
4.5 4.75 1.75 83.44000000000578
4.5 4.75 2.0 83.45000000000579
4.5 4.75 2.25 83.46000000000579
4.5 4.75 2.5 83.4700000000058
4.5 4.75 2.75 83.4800000000058
4.5 4.75 3.0 83.49000000000581
4.5 4.75 3.25 83.50000000000581
4.5 4.75 3.5 83.51000000000582
4.5 4.75 3.75 83.52000000000582
4.5 4.75 4.0 83.53000000000583
4.5 4.75 4.25 83.54000000000583
4.5 4.75 4.5 83.55000000000584
4.5 4.75 4.75 83.56000000000584
4.5 4.75 5.0 83.57000000000585
4.5 5.0 0.0 83.58000000000585
4.5 5.0 0.25 83.59000000000586
4.5 5.0 0.5 83.60000000000586
4.5 5.0 0.75 83.61000000000587
4.5 5.0 1.0 83.62000000000587
4.5 5.0 1.25 83.63000000000588
4.5 5.0 1.5 83.64000000000588
4.5 5.0 1.75 83.65000000000589
4.5 5.0 2.0 83.6600000000059
4.5 5.0 2.25 83.6700000000059
4.5 5.0 2.5 83.6800000000059
4.5 5.0 2.75 83.69000000000591
4.5 5.0 3.0 83.70000000000591
4.5 5.0 3.25 83.71000000000592
4.5 5.0 3.5 83.72000000000592
4.5 5.0 3.75 83.73000000000593
4.5 5.0 4.0 83.74000000000594
4.5 5.0 4.25 83.75000000000594
4.5 5.0 4.5 83.76000000000595
4.5 5.0 4.75 83.77000000000595
4.5 5.0 5.0 83.78000000000596
4.75 0.0 0.0 83.79000000000596
4.75 0.0 0.25 83.80000000000597
4.75 0.0 0.5 83.81000000000597
4.75 0.0 0.75 83.82000000000598
4.75 0.0 1.0 83.83000000000598
4.75 0.0 1.25 83.84000000000599
4.75 0.0 1.5 83.85000000000599
4.75 0.0 1.75 83.860000000006
4.75 0.0 2.0 83.870000000006
4.75 0.0 2.25 83.880000000006
4.75 0.0 2.5 83.89000000000601
4.75 0.0 2.75 83.90000000000602
4.75 0.0 3.0 83.91000000000602
4.75 0.0 3.25 83.92000000000603
4.75 0.0 3.5 83.93000000000603
4.75 0.0 3.75 83.94000000000604
4.75 0.0 4.0 83.95000000000604
4.75 0.0 4.25 83.96000000000605
4.75 0.0 4.5 83.97000000000605
4.75 0.0 4.75 83.98000000000606
4.75 0.0 5.0 83.99000000000606
4.75 0.25 0.0 84.00000000000607
4.75 0.25 0.25 84.01000000000607
4.75 0.25 0.5 84.02000000000608
4.75 0.25 0.75 84.03000000000608
4.75 0.25 1.0 84.04000000000609
4.75 0.25 1.25 84.0500000000061
4.75 0.25 1.5 84.0600000000061
4.75 0.25 1.75 84.0700000000061
4.75 0.25 2.0 84.08000000000611
4.75 0.25 2.25 84.09000000000611
4.75 0.25 2.5 84.10000000000612
4.75 0.25 2.75 84.11000000000612
4.75 0.25 3.0 84.12000000000613
4.75 0.25 3.25 84.13000000000613
4.75 0.25 3.5 84.14000000000614
4.75 0.25 3.75 84.15000000000614
4.75 0.25 4.0 84.16000000000615
4.75 0.25 4.25 84.17000000000616
4.75 0.25 4.5 84.18000000000616
4.75 0.25 4.75 84.19000000000617
4.75 0.25 5.0 84.20000000000617
4.75 0.5 0.0 84.21000000000618
4.75 0.5 0.25 84.22000000000618
4.75 0.5 0.5 84.23000000000619
4.75 0.5 0.75 84.24000000000619
4.75 0.5 1.0 84.2500000000062
4.75 0.5 1.25 84.2600000000062
4.75 0.5 1.5 84.2700000000062
4.75 0.5 1.75 84.28000000000621
4.75 0.5 2.0 84.29000000000622
4.75 0.5 2.25 84.30000000000622
4.75 0.5 2.5 84.31000000000623
4.75 0.5 2.75 84.32000000000623
4.75 0.5 3.0 84.33000000000624
4.75 0.5 3.25 84.34000000000624
4.75 0.5 3.5 84.35000000000625
4.75 0.5 3.75 84.36000000000625
4.75 0.5 4.0 84.37000000000626
4.75 0.5 4.25 84.38000000000626
4.75 0.5 4.5 84.39000000000627
4.75 0.5 4.75 84.40000000000627
4.75 0.5 5.0 84.41000000000628
4.75 0.75 0.0 84.42000000000628
4.75 0.75 0.25 84.43000000000629
4.75 0.75 0.5 84.4400000000063
4.75 0.75 0.75 84.4500000000063
4.75 0.75 1.0 84.4600000000063
4.75 0.75 1.25 84.47000000000631
4.75 0.75 1.5 84.48000000000631
4.75 0.75 1.75 84.49000000000632
4.75 0.75 2.0 84.50000000000632
4.75 0.75 2.25 84.51000000000633
4.75 0.75 2.5 84.52000000000633
4.75 0.75 2.75 84.53000000000634
4.75 0.75 3.0 84.54000000000634
4.75 0.75 3.25 84.55000000000635
4.75 0.75 3.5 84.56000000000635
4.75 0.75 3.75 84.57000000000636
4.75 0.75 4.0 84.58000000000636
4.75 0.75 4.25 84.59000000000637
4.75 0.75 4.5 84.60000000000637
4.75 0.75 4.75 84.61000000000638
4.75 0.75 5.0 84.62000000000639
4.75 1.0 0.0 84.63000000000639
4.75 1.0 0.25 84.6400000000064
4.75 1.0 0.5 84.6500000000064
4.75 1.0 0.75 84.6600000000064
4.75 1.0 1.0 84.67000000000641
4.75 1.0 1.25 84.68000000000642
4.75 1.0 1.5 84.69000000000642
4.75 1.0 1.75 84.70000000000643
4.75 1.0 2.0 84.71000000000643
4.75 1.0 2.25 84.72000000000644
4.75 1.0 2.5 84.73000000000644
4.75 1.0 2.75 84.74000000000645
4.75 1.0 3.0 84.75000000000645
4.75 1.0 3.25 84.76000000000646
4.75 1.0 3.5 84.77000000000646
4.75 1.0 3.75 84.78000000000647
4.75 1.0 4.0 84.79000000000647
4.75 1.0 4.25 84.80000000000648
4.75 1.0 4.5 84.81000000000648
4.75 1.0 4.75 84.82000000000649
4.75 1.0 5.0 84.83000000000649
4.75 1.25 0.0 84.8400000000065
4.75 1.25 0.25 84.8500000000065
4.75 1.25 0.5 84.86000000000651
4.75 1.25 0.75 84.87000000000651
4.75 1.25 1.0 84.88000000000652
4.75 1.25 1.25 84.89000000000652
4.75 1.25 1.5 84.90000000000653
4.75 1.25 1.75 84.91000000000653
4.75 1.25 2.0 84.92000000000654
4.75 1.25 2.25 84.93000000000654
4.75 1.25 2.5 84.94000000000655
4.75 1.25 2.75 84.95000000000655
4.75 1.25 3.0 84.96000000000656
4.75 1.25 3.25 84.97000000000656
4.75 1.25 3.5 84.98000000000657
4.75 1.25 3.75 84.99000000000657
4.75 1.25 4.0 85.00000000000658
4.75 1.25 4.25 85.01000000000658
4.75 1.25 4.5 85.02000000000659
4.75 1.25 4.75 85.0300000000066
4.75 1.25 5.0 85.0400000000066
4.75 1.5 0.0 85.0500000000066
4.75 1.5 0.25 85.06000000000661
4.75 1.5 0.5 85.07000000000662
4.75 1.5 0.75 85.08000000000662
4.75 1.5 1.0 85.09000000000663
4.75 1.5 1.25 85.10000000000663
4.75 1.5 1.5 85.11000000000664
4.75 1.5 1.75 85.12000000000664
4.75 1.5 2.0 85.13000000000665
4.75 1.5 2.25 85.14000000000665
4.75 1.5 2.5 85.15000000000666
4.75 1.5 2.75 85.16000000000666
4.75 1.5 3.0 85.17000000000667
4.75 1.5 3.25 85.18000000000667
4.75 1.5 3.5 85.19000000000668
4.75 1.5 3.75 85.20000000000668
4.75 1.5 4.0 85.21000000000669
4.75 1.5 4.25 85.22000000000669
4.75 1.5 4.5 85.2300000000067
4.75 1.5 4.75 85.2400000000067
4.75 1.5 5.0 85.25000000000671
4.75 1.75 0.0 85.26000000000671
4.75 1.75 0.25 85.27000000000672
4.75 1.75 0.5 85.28000000000672
4.75 1.75 0.75 85.29000000000673
4.75 1.75 1.0 85.30000000000673
4.75 1.75 1.25 85.31000000000674
4.75 1.75 1.5 85.32000000000674
4.75 1.75 1.75 85.33000000000675
4.75 1.75 2.0 85.34000000000675
4.75 1.75 2.25 85.35000000000676
4.75 1.75 2.5 85.36000000000676
4.75 1.75 2.75 85.37000000000677
4.75 1.75 3.0 85.38000000000677
4.75 1.75 3.25 85.39000000000678
4.75 1.75 3.5 85.40000000000678
4.75 1.75 3.75 85.41000000000679
4.75 1.75 4.0 85.4200000000068
4.75 1.75 4.25 85.4300000000068
4.75 1.75 4.5 85.4400000000068
4.75 1.75 4.75 85.45000000000681
4.75 1.75 5.0 85.46000000000681
4.75 2.0 0.0 85.47000000000682
4.75 2.0 0.25 85.48000000000683
4.75 2.0 0.5 85.49000000000683
4.75 2.0 0.75 85.50000000000684
4.75 2.0 1.0 85.51000000000684
4.75 2.0 1.25 85.52000000000685
4.75 2.0 1.5 85.53000000000685
4.75 2.0 1.75 85.54000000000686
4.75 2.0 2.0 85.55000000000686
4.75 2.0 2.25 85.56000000000687
4.75 2.0 2.5 85.57000000000687
4.75 2.0 2.75 85.58000000000688
4.75 2.0 3.0 85.59000000000688
4.75 2.0 3.25 85.60000000000689
4.75 2.0 3.5 85.61000000000689
4.75 2.0 3.75 85.6200000000069
4.75 2.0 4.0 85.6300000000069
4.75 2.0 4.25 85.6400000000069
4.75 2.0 4.5 85.65000000000691
4.75 2.0 4.75 85.66000000000692
4.75 2.0 5.0 85.67000000000692
4.75 2.25 0.0 85.68000000000693
4.75 2.25 0.25 85.69000000000693
4.75 2.25 0.5 85.70000000000694
4.75 2.25 0.75 85.71000000000694
4.75 2.25 1.0 85.72000000000695
4.75 2.25 1.25 85.73000000000695
4.75 2.25 1.5 85.74000000000696
4.75 2.25 1.75 85.75000000000696
4.75 2.25 2.0 85.76000000000697
4.75 2.25 2.25 85.77000000000697
4.75 2.25 2.5 85.78000000000698
4.75 2.25 2.75 85.79000000000698
4.75 2.25 3.0 85.80000000000699
4.75 2.25 3.25 85.810000000007
4.75 2.25 3.5 85.820000000007
4.75 2.25 3.75 85.830000000007
4.75 2.25 4.0 85.84000000000701
4.75 2.25 4.25 85.85000000000701
4.75 2.25 4.5 85.86000000000702
4.75 2.25 4.75 85.87000000000702
4.75 2.25 5.0 85.88000000000703
4.75 2.5 0.0 85.89000000000703
4.75 2.5 0.25 85.90000000000704
4.75 2.5 0.5 85.91000000000705
4.75 2.5 0.75 85.92000000000705
4.75 2.5 1.0 85.93000000000706
4.75 2.5 1.25 85.94000000000706
4.75 2.5 1.5 85.95000000000707
4.75 2.5 1.75 85.96000000000707
4.75 2.5 2.0 85.97000000000708
4.75 2.5 2.25 85.98000000000708
4.75 2.5 2.5 85.99000000000709
4.75 2.5 2.75 86.00000000000709
4.75 2.5 3.0 86.0100000000071
4.75 2.5 3.25 86.0200000000071
4.75 2.5 3.5 86.0300000000071
4.75 2.5 3.75 86.04000000000711
4.75 2.5 4.0 86.05000000000712
4.75 2.5 4.25 86.06000000000712
4.75 2.5 4.5 86.07000000000713
4.75 2.5 4.75 86.08000000000713
4.75 2.5 5.0 86.09000000000714
4.75 2.75 0.0 86.10000000000714
4.75 2.75 0.25 86.11000000000715
4.75 2.75 0.5 86.12000000000715
4.75 2.75 0.75 86.13000000000716
4.75 2.75 1.0 86.14000000000716
4.75 2.75 1.25 86.15000000000717
4.75 2.75 1.5 86.16000000000717
4.75 2.75 1.75 86.17000000000718
4.75 2.75 2.0 86.18000000000718
4.75 2.75 2.25 86.19000000000719
4.75 2.75 2.5 86.2000000000072
4.75 2.75 2.75 86.2100000000072
4.75 2.75 3.0 86.2200000000072
4.75 2.75 3.25 86.23000000000721
4.75 2.75 3.5 86.24000000000721
4.75 2.75 3.75 86.25000000000722
4.75 2.75 4.0 86.26000000000722
4.75 2.75 4.25 86.27000000000723
4.75 2.75 4.5 86.28000000000723
4.75 2.75 4.75 86.29000000000724
4.75 2.75 5.0 86.30000000000724
4.75 3.0 0.0 86.31000000000725
4.75 3.0 0.25 86.32000000000725
4.75 3.0 0.5 86.33000000000726
4.75 3.0 0.75 86.34000000000727
4.75 3.0 1.0 86.35000000000727
4.75 3.0 1.25 86.36000000000728
4.75 3.0 1.5 86.37000000000728
4.75 3.0 1.75 86.38000000000729
4.75 3.0 2.0 86.39000000000729
4.75 3.0 2.25 86.4000000000073
4.75 3.0 2.5 86.4100000000073
4.75 3.0 2.75 86.4200000000073
4.75 3.0 3.0 86.43000000000731
4.75 3.0 3.25 86.44000000000732
4.75 3.0 3.5 86.45000000000732
4.75 3.0 3.75 86.46000000000733
4.75 3.0 4.0 86.47000000000733
4.75 3.0 4.25 86.48000000000734
4.75 3.0 4.5 86.49000000000734
4.75 3.0 4.75 86.50000000000735
4.75 3.0 5.0 86.51000000000735
4.75 3.25 0.0 86.52000000000736
4.75 3.25 0.25 86.53000000000736
4.75 3.25 0.5 86.54000000000737
4.75 3.25 0.75 86.55000000000737
4.75 3.25 1.0 86.56000000000738
4.75 3.25 1.25 86.57000000000738
4.75 3.25 1.5 86.58000000000739
4.75 3.25 1.75 86.5900000000074
4.75 3.25 2.0 86.6000000000074
4.75 3.25 2.25 86.6100000000074
4.75 3.25 2.5 86.62000000000741
4.75 3.25 2.75 86.63000000000741
4.75 3.25 3.0 86.64000000000742
4.75 3.25 3.25 86.65000000000742
4.75 3.25 3.5 86.66000000000743
4.75 3.25 3.75 86.67000000000743
4.75 3.25 4.0 86.68000000000744
4.75 3.25 4.25 86.69000000000744
4.75 3.25 4.5 86.70000000000745
4.75 3.25 4.75 86.71000000000745
4.75 3.25 5.0 86.72000000000746
4.75 3.5 0.0 86.73000000000746
4.75 3.5 0.25 86.74000000000747
4.75 3.5 0.5 86.75000000000747
4.75 3.5 0.75 86.76000000000748
4.75 3.5 1.0 86.77000000000749
4.75 3.5 1.25 86.78000000000749
4.75 3.5 1.5 86.7900000000075
4.75 3.5 1.75 86.8000000000075
4.75 3.5 2.0 86.8100000000075
4.75 3.5 2.25 86.82000000000751
4.75 3.5 2.5 86.83000000000752
4.75 3.5 2.75 86.84000000000752
4.75 3.5 3.0 86.85000000000753
4.75 3.5 3.25 86.86000000000753
4.75 3.5 3.5 86.87000000000754
4.75 3.5 3.75 86.88000000000754
4.75 3.5 4.0 86.89000000000755
4.75 3.5 4.25 86.90000000000755
4.75 3.5 4.5 86.91000000000756
4.75 3.5 4.75 86.92000000000756
4.75 3.5 5.0 86.93000000000757
4.75 3.75 0.0 86.94000000000757
4.75 3.75 0.25 86.95000000000758
4.75 3.75 0.5 86.96000000000758
4.75 3.75 0.75 86.97000000000759
4.75 3.75 1.0 86.98000000000759
4.75 3.75 1.25 86.9900000000076
4.75 3.75 1.5 87.0000000000076
4.75 3.75 1.75 87.01000000000761
4.75 3.75 2.0 87.02000000000761
4.75 3.75 2.25 87.03000000000762
4.75 3.75 2.5 87.04000000000762
4.75 3.75 2.75 87.05000000000763
4.75 3.75 3.0 87.06000000000763
4.75 3.75 3.25 87.07000000000764
4.75 3.75 3.5 87.08000000000764
4.75 3.75 3.75 87.09000000000765
4.75 3.75 4.0 87.10000000000765
4.75 3.75 4.25 87.11000000000766
4.75 3.75 4.5 87.12000000000766
4.75 3.75 4.75 87.13000000000767
4.75 3.75 5.0 87.14000000000767
4.75 4.0 0.0 87.15000000000768
4.75 4.0 0.25 87.16000000000768
4.75 4.0 0.5 87.17000000000769
4.75 4.0 0.75 87.1800000000077
4.75 4.0 1.0 87.1900000000077
4.75 4.0 1.25 87.2000000000077
4.75 4.0 1.5 87.21000000000771
4.75 4.0 1.75 87.22000000000772
4.75 4.0 2.0 87.23000000000772
4.75 4.0 2.25 87.24000000000773
4.75 4.0 2.5 87.25000000000773
4.75 4.0 2.75 87.26000000000774
4.75 4.0 3.0 87.27000000000774
4.75 4.0 3.25 87.28000000000775
4.75 4.0 3.5 87.29000000000775
4.75 4.0 3.75 87.30000000000776
4.75 4.0 4.0 87.31000000000776
4.75 4.0 4.25 87.32000000000777
4.75 4.0 4.5 87.33000000000777
4.75 4.0 4.75 87.34000000000778
4.75 4.0 5.0 87.35000000000778
4.75 4.25 0.0 87.36000000000779
4.75 4.25 0.25 87.37000000000779
4.75 4.25 0.5 87.3800000000078
4.75 4.25 0.75 87.3900000000078
4.75 4.25 1.0 87.40000000000781
4.75 4.25 1.25 87.41000000000781
4.75 4.25 1.5 87.42000000000782
4.75 4.25 1.75 87.43000000000782
4.75 4.25 2.0 87.44000000000783
4.75 4.25 2.25 87.45000000000783
4.75 4.25 2.5 87.46000000000784
4.75 4.25 2.75 87.47000000000784
4.75 4.25 3.0 87.48000000000785
4.75 4.25 3.25 87.49000000000785
4.75 4.25 3.5 87.50000000000786
4.75 4.25 3.75 87.51000000000786
4.75 4.25 4.0 87.52000000000787
4.75 4.25 4.25 87.53000000000787
4.75 4.25 4.5 87.54000000000788
4.75 4.25 4.75 87.55000000000788
4.75 4.25 5.0 87.56000000000789
4.75 4.5 0.0 87.5700000000079
4.75 4.5 0.25 87.5800000000079
4.75 4.5 0.5 87.5900000000079
4.75 4.5 0.75 87.60000000000791
4.75 4.5 1.0 87.61000000000791
4.75 4.5 1.25 87.62000000000792
4.75 4.5 1.5 87.63000000000793
4.75 4.5 1.75 87.64000000000793
4.75 4.5 2.0 87.65000000000794
4.75 4.5 2.25 87.66000000000794
4.75 4.5 2.5 87.67000000000795
4.75 4.5 2.75 87.68000000000795
4.75 4.5 3.0 87.69000000000796
4.75 4.5 3.25 87.70000000000796
4.75 4.5 3.5 87.71000000000797
4.75 4.5 3.75 87.72000000000797
4.75 4.5 4.0 87.73000000000798
4.75 4.5 4.25 87.74000000000798
4.75 4.5 4.5 87.75000000000799
4.75 4.5 4.75 87.76000000000799
4.75 4.5 5.0 87.770000000008
4.75 4.75 0.0 87.780000000008
4.75 4.75 0.25 87.790000000008
4.75 4.75 0.5 87.80000000000801
4.75 4.75 0.75 87.81000000000802
4.75 4.75 1.0 87.82000000000802
4.75 4.75 1.25 87.83000000000803
4.75 4.75 1.5 87.84000000000803
4.75 4.75 1.75 87.85000000000804
4.75 4.75 2.0 87.86000000000804
4.75 4.75 2.25 87.87000000000805
4.75 4.75 2.5 87.88000000000805
4.75 4.75 2.75 87.89000000000806
4.75 4.75 3.0 87.90000000000806
4.75 4.75 3.25 87.91000000000807
4.75 4.75 3.5 87.92000000000807
4.75 4.75 3.75 87.93000000000808
4.75 4.75 4.0 87.94000000000808
4.75 4.75 4.25 87.95000000000809
4.75 4.75 4.5 87.9600000000081
4.75 4.75 4.75 87.9700000000081
4.75 4.75 5.0 87.9800000000081
4.75 5.0 0.0 87.99000000000811
4.75 5.0 0.25 88.00000000000811
4.75 5.0 0.5 88.01000000000812
4.75 5.0 0.75 88.02000000000812
4.75 5.0 1.0 88.03000000000813
4.75 5.0 1.25 88.04000000000813
4.75 5.0 1.5 88.05000000000814
4.75 5.0 1.75 88.06000000000815
4.75 5.0 2.0 88.07000000000815
4.75 5.0 2.25 88.08000000000816
4.75 5.0 2.5 88.09000000000816
4.75 5.0 2.75 88.10000000000817
4.75 5.0 3.0 88.11000000000817
4.75 5.0 3.25 88.12000000000818
4.75 5.0 3.5 88.13000000000818
4.75 5.0 3.75 88.14000000000819
4.75 5.0 4.0 88.15000000000819
4.75 5.0 4.25 88.1600000000082
4.75 5.0 4.5 88.1700000000082
4.75 5.0 4.75 88.1800000000082
4.75 5.0 5.0 88.19000000000821
5.0 0.0 0.0 88.20000000000822
5.0 0.0 0.25 88.21000000000822
5.0 0.0 0.5 88.22000000000823
5.0 0.0 0.75 88.23000000000823
5.0 0.0 1.0 88.24000000000824
5.0 0.0 1.25 88.25000000000824
5.0 0.0 1.5 88.26000000000825
5.0 0.0 1.75 88.27000000000825
5.0 0.0 2.0 88.28000000000826
5.0 0.0 2.25 88.29000000000826
5.0 0.0 2.5 88.30000000000827
5.0 0.0 2.75 88.31000000000827
5.0 0.0 3.0 88.32000000000828
5.0 0.0 3.25 88.33000000000828
5.0 0.0 3.5 88.34000000000829
5.0 0.0 3.75 88.3500000000083
5.0 0.0 4.0 88.3600000000083
5.0 0.0 4.25 88.3700000000083
5.0 0.0 4.5 88.38000000000831
5.0 0.0 4.75 88.39000000000831
5.0 0.0 5.0 88.40000000000832
5.0 0.25 0.0 88.41000000000832
5.0 0.25 0.25 88.42000000000833
5.0 0.25 0.5 88.43000000000833
5.0 0.25 0.75 88.44000000000834
5.0 0.25 1.0 88.45000000000834
5.0 0.25 1.25 88.46000000000835
5.0 0.25 1.5 88.47000000000835
5.0 0.25 1.75 88.48000000000836
5.0 0.25 2.0 88.49000000000837
5.0 0.25 2.25 88.50000000000837
5.0 0.25 2.5 88.51000000000838
5.0 0.25 2.75 88.52000000000838
5.0 0.25 3.0 88.53000000000839
5.0 0.25 3.25 88.54000000000839
5.0 0.25 3.5 88.5500000000084
5.0 0.25 3.75 88.5600000000084
5.0 0.25 4.0 88.5700000000084
5.0 0.25 4.25 88.58000000000841
5.0 0.25 4.5 88.59000000000842
5.0 0.25 4.75 88.60000000000842
5.0 0.25 5.0 88.61000000000843
5.0 0.5 0.0 88.62000000000843
5.0 0.5 0.25 88.63000000000844
5.0 0.5 0.5 88.64000000000844
5.0 0.5 0.75 88.65000000000845
5.0 0.5 1.0 88.66000000000845
5.0 0.5 1.25 88.67000000000846
5.0 0.5 1.5 88.68000000000846
5.0 0.5 1.75 88.69000000000847
5.0 0.5 2.0 88.70000000000847
5.0 0.5 2.25 88.71000000000848
5.0 0.5 2.5 88.72000000000848
5.0 0.5 2.75 88.73000000000849
5.0 0.5 3.0 88.7400000000085
5.0 0.5 3.25 88.7500000000085
5.0 0.5 3.5 88.7600000000085
5.0 0.5 3.75 88.77000000000851
5.0 0.5 4.0 88.78000000000851
5.0 0.5 4.25 88.79000000000852
5.0 0.5 4.5 88.80000000000852
5.0 0.5 4.75 88.81000000000853
5.0 0.5 5.0 88.82000000000853
5.0 0.75 0.0 88.83000000000854
5.0 0.75 0.25 88.84000000000854
5.0 0.75 0.5 88.85000000000855
5.0 0.75 0.75 88.86000000000855
5.0 0.75 1.0 88.87000000000856
5.0 0.75 1.25 88.88000000000856
5.0 0.75 1.5 88.89000000000857
5.0 0.75 1.75 88.90000000000857
5.0 0.75 2.0 88.91000000000858
5.0 0.75 2.25 88.92000000000859
5.0 0.75 2.5 88.93000000000859
5.0 0.75 2.75 88.9400000000086
5.0 0.75 3.0 88.9500000000086
5.0 0.75 3.25 88.9600000000086
5.0 0.75 3.5 88.97000000000861
5.0 0.75 3.75 88.98000000000862
5.0 0.75 4.0 88.99000000000862
5.0 0.75 4.25 89.00000000000863
5.0 0.75 4.5 89.01000000000863
5.0 0.75 4.75 89.02000000000864
5.0 0.75 5.0 89.03000000000864
5.0 1.0 0.0 89.04000000000865
5.0 1.0 0.25 89.05000000000865
5.0 1.0 0.5 89.06000000000866
5.0 1.0 0.75 89.07000000000866
5.0 1.0 1.0 89.08000000000867
5.0 1.0 1.25 89.09000000000867
5.0 1.0 1.5 89.10000000000868
5.0 1.0 1.75 89.11000000000868
5.0 1.0 2.0 89.12000000000869
5.0 1.0 2.25 89.13000000000869
5.0 1.0 2.5 89.1400000000087
5.0 1.0 2.75 89.1500000000087
5.0 1.0 3.0 89.16000000000871
5.0 1.0 3.25 89.17000000000871
5.0 1.0 3.5 89.18000000000872
5.0 1.0 3.75 89.19000000000872
5.0 1.0 4.0 89.20000000000873
5.0 1.0 4.25 89.21000000000873
5.0 1.0 4.5 89.22000000000874
5.0 1.0 4.75 89.23000000000874
5.0 1.0 5.0 89.24000000000875
5.0 1.25 0.0 89.25000000000875
5.0 1.25 0.25 89.26000000000876
5.0 1.25 0.5 89.27000000000876
5.0 1.25 0.75 89.28000000000877
5.0 1.25 1.0 89.29000000000877
5.0 1.25 1.25 89.30000000000878
5.0 1.25 1.5 89.31000000000878
5.0 1.25 1.75 89.32000000000879
5.0 1.25 2.0 89.3300000000088
5.0 1.25 2.25 89.3400000000088
5.0 1.25 2.5 89.3500000000088
5.0 1.25 2.75 89.36000000000881
5.0 1.25 3.0 89.37000000000882
5.0 1.25 3.25 89.38000000000882
5.0 1.25 3.5 89.39000000000883
5.0 1.25 3.75 89.40000000000883
5.0 1.25 4.0 89.41000000000884
5.0 1.25 4.25 89.42000000000884
5.0 1.25 4.5 89.43000000000885
5.0 1.25 4.75 89.44000000000885
5.0 1.25 5.0 89.45000000000886
5.0 1.5 0.0 89.46000000000886
5.0 1.5 0.25 89.47000000000887
5.0 1.5 0.5 89.48000000000887
5.0 1.5 0.75 89.49000000000888
5.0 1.5 1.0 89.50000000000888
5.0 1.5 1.25 89.51000000000889
5.0 1.5 1.5 89.52000000000889
5.0 1.5 1.75 89.5300000000089
5.0 1.5 2.0 89.5400000000089
5.0 1.5 2.25 89.55000000000891
5.0 1.5 2.5 89.56000000000891
5.0 1.5 2.75 89.57000000000892
5.0 1.5 3.0 89.58000000000892
5.0 1.5 3.25 89.59000000000893
5.0 1.5 3.5 89.60000000000893
5.0 1.5 3.75 89.61000000000894
5.0 1.5 4.0 89.62000000000894
5.0 1.5 4.25 89.63000000000895
5.0 1.5 4.5 89.64000000000895
5.0 1.5 4.75 89.65000000000896
5.0 1.5 5.0 89.66000000000896
5.0 1.75 0.0 89.67000000000897
5.0 1.75 0.25 89.68000000000897
5.0 1.75 0.5 89.69000000000898
5.0 1.75 0.75 89.70000000000898
5.0 1.75 1.0 89.71000000000899
5.0 1.75 1.25 89.720000000009
5.0 1.75 1.5 89.730000000009
5.0 1.75 1.75 89.740000000009
5.0 1.75 2.0 89.75000000000901
5.0 1.75 2.25 89.76000000000901
5.0 1.75 2.5 89.77000000000902
5.0 1.75 2.75 89.78000000000903
5.0 1.75 3.0 89.79000000000903
5.0 1.75 3.25 89.80000000000904
5.0 1.75 3.5 89.81000000000904
5.0 1.75 3.75 89.82000000000905
5.0 1.75 4.0 89.83000000000905
5.0 1.75 4.25 89.84000000000906
5.0 1.75 4.5 89.85000000000906
5.0 1.75 4.75 89.86000000000907
5.0 1.75 5.0 89.87000000000907
5.0 2.0 0.0 89.88000000000908
5.0 2.0 0.25 89.89000000000908
5.0 2.0 0.5 89.90000000000909
5.0 2.0 0.75 89.91000000000909
5.0 2.0 1.0 89.9200000000091
5.0 2.0 1.25 89.9300000000091
5.0 2.0 1.5 89.9400000000091
5.0 2.0 1.75 89.95000000000911
5.0 2.0 2.0 89.96000000000912
5.0 2.0 2.25 89.97000000000912
5.0 2.0 2.5 89.98000000000913
5.0 2.0 2.75 89.99000000000913
5.0 2.0 3.0 90.00000000000914
5.0 2.0 3.25 90.01000000000914
5.0 2.0 3.5 90.02000000000915
5.0 2.0 3.75 90.03000000000915
5.0 2.0 4.0 90.04000000000916
5.0 2.0 4.25 90.05000000000916
5.0 2.0 4.5 90.06000000000917
5.0 2.0 4.75 90.07000000000917
5.0 2.0 5.0 90.08000000000918
5.0 2.25 0.0 90.09000000000918
5.0 2.25 0.25 90.10000000000919
5.0 2.25 0.5 90.1100000000092
5.0 2.25 0.75 90.1200000000092
5.0 2.25 1.0 90.1300000000092
5.0 2.25 1.25 90.14000000000921
5.0 2.25 1.5 90.15000000000921
5.0 2.25 1.75 90.16000000000922
5.0 2.25 2.0 90.17000000000922
5.0 2.25 2.25 90.18000000000923
5.0 2.25 2.5 90.19000000000923
5.0 2.25 2.75 90.20000000000924
5.0 2.25 3.0 90.21000000000925
5.0 2.25 3.25 90.22000000000925
5.0 2.25 3.5 90.23000000000926
5.0 2.25 3.75 90.24000000000926
5.0 2.25 4.0 90.25000000000927
5.0 2.25 4.25 90.26000000000927
5.0 2.25 4.5 90.27000000000928
5.0 2.25 4.75 90.28000000000928
5.0 2.25 5.0 90.29000000000929
5.0 2.5 0.0 90.30000000000929
5.0 2.5 0.25 90.3100000000093
5.0 2.5 0.5 90.3200000000093
5.0 2.5 0.75 90.3300000000093
5.0 2.5 1.0 90.34000000000931
5.0 2.5 1.25 90.35000000000932
5.0 2.5 1.5 90.36000000000932
5.0 2.5 1.75 90.37000000000933
5.0 2.5 2.0 90.38000000000933
5.0 2.5 2.25 90.39000000000934
5.0 2.5 2.5 90.40000000000934
5.0 2.5 2.75 90.41000000000935
5.0 2.5 3.0 90.42000000000935
5.0 2.5 3.25 90.43000000000936
5.0 2.5 3.5 90.44000000000936
5.0 2.5 3.75 90.45000000000937
5.0 2.5 4.0 90.46000000000937
5.0 2.5 4.25 90.47000000000938
5.0 2.5 4.5 90.48000000000938
5.0 2.5 4.75 90.49000000000939
5.0 2.5 5.0 90.5000000000094
5.0 2.75 0.0 90.5100000000094
5.0 2.75 0.25 90.5200000000094
5.0 2.75 0.5 90.53000000000941
5.0 2.75 0.75 90.54000000000941
5.0 2.75 1.0 90.55000000000942
5.0 2.75 1.25 90.56000000000942
5.0 2.75 1.5 90.57000000000943
5.0 2.75 1.75 90.58000000000943
5.0 2.75 2.0 90.59000000000944
5.0 2.75 2.25 90.60000000000944
5.0 2.75 2.5 90.61000000000945
5.0 2.75 2.75 90.62000000000945
5.0 2.75 3.0 90.63000000000946
5.0 2.75 3.25 90.64000000000946
5.0 2.75 3.5 90.65000000000947
5.0 2.75 3.75 90.66000000000948
5.0 2.75 4.0 90.67000000000948
5.0 2.75 4.25 90.68000000000949
5.0 2.75 4.5 90.69000000000949
5.0 2.75 4.75 90.7000000000095
5.0 2.75 5.0 90.7100000000095
5.0 3.0 0.0 90.7200000000095
5.0 3.0 0.25 90.73000000000951
5.0 3.0 0.5 90.74000000000952
5.0 3.0 0.75 90.75000000000952
5.0 3.0 1.0 90.76000000000953
5.0 3.0 1.25 90.77000000000953
5.0 3.0 1.5 90.78000000000954
5.0 3.0 1.75 90.79000000000954
5.0 3.0 2.0 90.80000000000955
5.0 3.0 2.25 90.81000000000955
5.0 3.0 2.5 90.82000000000956
5.0 3.0 2.75 90.83000000000956
5.0 3.0 3.0 90.84000000000957
5.0 3.0 3.25 90.85000000000957
5.0 3.0 3.5 90.86000000000958
5.0 3.0 3.75 90.87000000000958
5.0 3.0 4.0 90.88000000000959
5.0 3.0 4.25 90.8900000000096
5.0 3.0 4.5 90.9000000000096
5.0 3.0 4.75 90.9100000000096
5.0 3.0 5.0 90.92000000000961
5.0 3.25 0.0 90.93000000000961
5.0 3.25 0.25 90.94000000000962
5.0 3.25 0.5 90.95000000000962
5.0 3.25 0.75 90.96000000000963
5.0 3.25 1.0 90.97000000000963
5.0 3.25 1.25 90.98000000000964
5.0 3.25 1.5 90.99000000000964
5.0 3.25 1.75 91.00000000000965
5.0 3.25 2.0 91.01000000000965
5.0 3.25 2.25 91.02000000000966
5.0 3.25 2.5 91.03000000000966
5.0 3.25 2.75 91.04000000000967
5.0 3.25 3.0 91.05000000000967
5.0 3.25 3.25 91.06000000000968
5.0 3.25 3.5 91.07000000000968
5.0 3.25 3.75 91.08000000000969
5.0 3.25 4.0 91.0900000000097
5.0 3.25 4.25 91.1000000000097
5.0 3.25 4.5 91.1100000000097
5.0 3.25 4.75 91.12000000000971
5.0 3.25 5.0 91.13000000000972
5.0 3.5 0.0 91.14000000000972
5.0 3.5 0.25 91.15000000000973
5.0 3.5 0.5 91.16000000000973
5.0 3.5 0.75 91.17000000000974
5.0 3.5 1.0 91.18000000000974
5.0 3.5 1.25 91.19000000000975
5.0 3.5 1.5 91.20000000000975
5.0 3.5 1.75 91.21000000000976
5.0 3.5 2.0 91.22000000000976
5.0 3.5 2.25 91.23000000000977
5.0 3.5 2.5 91.24000000000977
5.0 3.5 2.75 91.25000000000978
5.0 3.5 3.0 91.26000000000978
5.0 3.5 3.25 91.27000000000979
5.0 3.5 3.5 91.28000000000979
5.0 3.5 3.75 91.2900000000098
5.0 3.5 4.0 91.3000000000098
5.0 3.5 4.25 91.31000000000981
5.0 3.5 4.5 91.32000000000981
5.0 3.5 4.75 91.33000000000982
5.0 3.5 5.0 91.34000000000982
5.0 3.75 0.0 91.35000000000983
5.0 3.75 0.25 91.36000000000983
5.0 3.75 0.5 91.37000000000984
5.0 3.75 0.75 91.38000000000984
5.0 3.75 1.0 91.39000000000985
5.0 3.75 1.25 91.40000000000985
5.0 3.75 1.5 91.41000000000986
5.0 3.75 1.75 91.42000000000986
5.0 3.75 2.0 91.43000000000987
5.0 3.75 2.25 91.44000000000987
5.0 3.75 2.5 91.45000000000988
5.0 3.75 2.75 91.46000000000988
5.0 3.75 3.0 91.47000000000989
5.0 3.75 3.25 91.4800000000099
5.0 3.75 3.5 91.4900000000099
5.0 3.75 3.75 91.5000000000099
5.0 3.75 4.0 91.51000000000991
5.0 3.75 4.25 91.52000000000992
5.0 3.75 4.5 91.53000000000992
5.0 3.75 4.75 91.54000000000993
5.0 3.75 5.0 91.55000000000993
5.0 4.0 0.0 91.56000000000994
5.0 4.0 0.25 91.57000000000994
5.0 4.0 0.5 91.58000000000995
5.0 4.0 0.75 91.59000000000995
5.0 4.0 1.0 91.60000000000996
5.0 4.0 1.25 91.61000000000996
5.0 4.0 1.5 91.62000000000997
5.0 4.0 1.75 91.63000000000997
5.0 4.0 2.0 91.64000000000998
5.0 4.0 2.25 91.65000000000998
5.0 4.0 2.5 91.66000000000999
5.0 4.0 2.75 91.67000000000999
5.0 4.0 3.0 91.68000000001
5.0 4.0 3.25 91.69000000001
5.0 4.0 3.5 91.70000000001001
5.0 4.0 3.75 91.71000000001001
5.0 4.0 4.0 91.72000000001002
5.0 4.0 4.25 91.73000000001002
5.0 4.0 4.5 91.74000000001003
5.0 4.0 4.75 91.75000000001003
5.0 4.0 5.0 91.76000000001004
5.0 4.25 0.0 91.77000000001004
5.0 4.25 0.25 91.78000000001005
5.0 4.25 0.5 91.79000000001005
5.0 4.25 0.75 91.80000000001006
5.0 4.25 1.0 91.81000000001006
5.0 4.25 1.25 91.82000000001007
5.0 4.25 1.5 91.83000000001007
5.0 4.25 1.75 91.84000000001008
5.0 4.25 2.0 91.85000000001008
5.0 4.25 2.25 91.86000000001009
5.0 4.25 2.5 91.8700000000101
5.0 4.25 2.75 91.8800000000101
5.0 4.25 3.0 91.8900000000101
5.0 4.25 3.25 91.90000000001011
5.0 4.25 3.5 91.91000000001011
5.0 4.25 3.75 91.92000000001012
5.0 4.25 4.0 91.93000000001012
5.0 4.25 4.25 91.94000000001013
5.0 4.25 4.5 91.95000000001014
5.0 4.25 4.75 91.96000000001014
5.0 4.25 5.0 91.97000000001015
5.0 4.5 0.0 91.98000000001015
5.0 4.5 0.25 91.99000000001016
5.0 4.5 0.5 92.00000000001016
5.0 4.5 0.75 92.01000000001017
5.0 4.5 1.0 92.02000000001017
5.0 4.5 1.25 92.03000000001018
5.0 4.5 1.5 92.04000000001018
5.0 4.5 1.75 92.05000000001019
5.0 4.5 2.0 92.06000000001019
5.0 4.5 2.25 92.0700000000102
5.0 4.5 2.5 92.0800000000102
5.0 4.5 2.75 92.0900000000102
5.0 4.5 3.0 92.10000000001021
5.0 4.5 3.25 92.11000000001022
5.0 4.5 3.5 92.12000000001022
5.0 4.5 3.75 92.13000000001023
5.0 4.5 4.0 92.14000000001023
5.0 4.5 4.25 92.15000000001024
5.0 4.5 4.5 92.16000000001024
5.0 4.5 4.75 92.17000000001025
5.0 4.5 5.0 92.18000000001025
5.0 4.75 0.0 92.19000000001026
5.0 4.75 0.25 92.20000000001026
5.0 4.75 0.5 92.21000000001027
5.0 4.75 0.75 92.22000000001027
5.0 4.75 1.0 92.23000000001028
5.0 4.75 1.25 92.24000000001028
5.0 4.75 1.5 92.25000000001029
5.0 4.75 1.75 92.2600000000103
5.0 4.75 2.0 92.2700000000103
5.0 4.75 2.25 92.2800000000103
5.0 4.75 2.5 92.29000000001031
5.0 4.75 2.75 92.30000000001031
5.0 4.75 3.0 92.31000000001032
5.0 4.75 3.25 92.32000000001032
5.0 4.75 3.5 92.33000000001033
5.0 4.75 3.75 92.34000000001033
5.0 4.75 4.0 92.35000000001034
5.0 4.75 4.25 92.36000000001034
5.0 4.75 4.5 92.37000000001035
5.0 4.75 4.75 92.38000000001036
5.0 4.75 5.0 92.39000000001036
5.0 5.0 0.0 92.40000000001037
5.0 5.0 0.25 92.41000000001037
5.0 5.0 0.5 92.42000000001038
5.0 5.0 0.75 92.43000000001038
5.0 5.0 1.0 92.44000000001039
5.0 5.0 1.25 92.45000000001039
5.0 5.0 1.5 92.4600000000104
5.0 5.0 1.75 92.4700000000104
5.0 5.0 2.0 92.4800000000104
5.0 5.0 2.25 92.49000000001041
5.0 5.0 2.5 92.50000000001042
5.0 5.0 2.75 92.51000000001042
5.0 5.0 3.0 92.52000000001043
5.0 5.0 3.25 92.53000000001043
5.0 5.0 3.5 92.54000000001044
5.0 5.0 3.75 92.55000000001044
5.0 5.0 4.0 92.56000000001045
5.0 5.0 4.25 92.57000000001045
5.0 5.0 4.5 92.58000000001046
5.0 5.0 4.75 92.59000000001046
5.0 5.0 5.0 92.60000000001047
